n,input_signal,filtered_signal,output_freq,input_fft_mag,filtered_fft_mag,
0,0.9995008111000061,-1.4482814073562622,0.0,1.4135076999664307,3.3198273181915283,
1,-0.00034630298614501953,-1.8474597930908203,8.0,1.0003039836883545,3.296326160430908,
2,0.999181866645813,-1.5297555923461914,16.0,1.0006312131881714,3.301068067550659,
3,0.0029649734497070312,-1.7554824352264404,24.0,1.0003808736801147,3.30983567237854,
4,0.9990015029907227,-1.6081571578979492,32.0,1.0009444952011108,3.3211655616760254,
5,0.006333112716674805,-1.661562442779541,40.0,0.9982794523239136,3.3388075828552246,
6,0.9966599941253662,-1.6849473714828491,48.0,0.9990358948707581,3.356311082839966,
7,0.01126241683959961,-1.5636589527130127,56.0,0.9995421767234802,3.37715744972229,
8,0.9946209788322449,-1.7573397159576416,64.0,1.0030372142791748,3.3986976146698,
9,0.016217350959777832,-1.4635529518127441,72.0,1.000495433807373,3.4286677837371826,
10,0.9917210340499878,-1.827117681503296,80.0,0.999342143535614,3.4602389335632324,
11,0.0180361270904541,-1.3636938333511353,88.0,1.001447081565857,3.4914774894714355,
12,0.9905989766120911,-1.8912709951400757,96.0,1.0012770891189575,3.5275604724884033,
13,0.020483851432800293,-1.2606816291809082,104.0,1.0024467706680298,3.565303087234497,
14,0.9907978773117065,-1.951743721961975,112.0,1.002363681793213,3.606306552886963,
15,0.02199721336364746,-1.1562583446502686,120.0,1.001960039138794,3.65006160736084,
16,0.9897937774658203,-2.0087380409240723,128.0,1.0039339065551758,3.6936049461364746,
17,0.028530359268188477,-1.0450711250305176,136.0,1.0028488636016846,3.74229097366333,
18,0.9886214733123779,-2.063884973526001,144.0,1.004303216934204,3.7905051708221436,
19,0.030772686004638672,-0.9373842477798462,152.0,1.0051707029342651,3.841501235961914,
20,0.986896276473999,-2.1146903038024902,160.0,1.0050559043884277,3.8947675228118896,
21,0.03447413444519043,-0.826904833316803,168.0,1.0038459300994873,3.9497873783111572,
22,0.985218346118927,-2.159606456756592,176.0,1.0073943138122559,4.003250598907471,
23,0.039249420166015625,-0.7139934301376343,184.0,1.0081837177276611,4.060218811035156,
24,0.9822137951850891,-2.20196795463562,192.0,1.0114370584487915,4.1162214279174805,
25,0.04155123233795166,-0.6004812717437744,200.0,1.002966284751892,4.183592796325684,
26,0.9790388345718384,-2.240009307861328,208.0,1.0069379806518555,4.240874290466309,
27,0.04382288455963135,-0.4833940863609314,216.0,1.00941002368927,4.299820423126221,
28,0.9791955947875977,-2.2742486000061035,224.0,1.0087125301361084,4.362797737121582,
29,0.04382514953613281,-0.367450475692749,232.0,1.0097367763519287,4.424744606018066,
30,0.9808654189109802,-2.3047590255737305,240.0,1.0093655586242676,4.488688945770264,
31,0.04516029357910156,-0.25000929832458496,248.0,1.0107707977294922,4.551126003265381,
32,0.9841970205307007,-2.3295047283172607,256.0,1.0105990171432495,4.615323066711426,
33,0.050113797187805176,-0.1318424940109253,264.0,1.0128542184829712,4.67742919921875,
34,0.9844369888305664,-2.352238178253174,272.0,1.0137454271316528,4.7409257888793945,
35,0.055434346199035645,-0.012774601578712463,280.0,1.012430191040039,4.806939601898193,
36,0.9830692410469055,-2.369102954864502,288.0,1.013858675956726,4.869412422180176,
37,0.062154293060302734,0.10725848376750946,296.0,1.0157548189163208,4.931474685668945,
38,0.979155421257019,-2.382117748260498,304.0,1.0181190967559814,4.993043899536133,
39,0.06835365295410156,0.22945445775985718,312.0,1.0175142288208008,5.05720329284668,
40,0.9755986332893372,-2.3914809226989746,320.0,1.0172951221466064,5.120031833648682,
41,0.07170248031616211,0.35032719373703003,328.0,1.019858479499817,5.179829120635986,
42,0.9756283760070801,-2.3976082801818848,336.0,1.0204582214355469,5.240873336791992,
43,0.07086968421936035,0.4678020179271698,344.0,1.0210310220718384,5.301106929779053,
44,0.973280131816864,-2.3956778049468994,352.0,1.021977424621582,5.360225200653076,
45,0.07660508155822754,0.5919151306152344,360.0,1.0233968496322632,5.417870998382568,
46,0.9724112153053284,-2.391387462615967,368.0,1.0247817039489746,5.474599838256836,
47,0.080452561378479,0.7139796614646912,376.0,1.0245245695114136,5.531910419464111,
48,0.9707333445549011,-2.380910634994507,384.0,1.0256290435791016,5.5866379737854,
49,0.08693313598632812,0.8363091349601746,392.0,1.0280253887176514,5.638874053955078,
50,0.9676125049591064,-2.374816417694092,400.0,1024.9892578125,1049.3638916015625,
51,0.08408665657043457,0.9554511308670044,408.0,1.0307782888412476,5.7414374351501465,
52,0.9661274552345276,-2.3551063537597656,416.0,1.0320756435394287,5.790680885314941,
53,0.09011995792388916,1.076641321182251,424.0,1.0335519313812256,5.838228225708008,
54,0.9659009575843811,-2.332771062850952,432.0,1.0339497327804565,5.8853230476379395,
55,0.09356164932250977,1.1948323249816895,440.0,1.0349355936050415,5.930236339569092,
56,0.964715301990509,-2.3079848289489746,448.0,1.0372358560562134,5.971999168395996,
57,0.09558272361755371,1.3134937286376953,456.0,1.0377578735351562,6.013962268829346,
58,0.9639682173728943,-2.277686357498169,464.0,1.03904128074646,6.053316593170166,
59,0.09919822216033936,1.4310288429260254,472.0,1.040230393409729,6.090847969055176,
60,0.9621779918670654,-2.2437424659729004,480.0,1.042229175567627,6.125707149505615,
61,0.10238289833068848,1.5482275485992432,488.0,1.0438469648361206,6.158990859985352,
62,0.9610559940338135,-2.204728603363037,496.0,1.0444432497024536,6.191236972808838,
63,0.10642683506011963,1.6630144119262695,504.0,1.0462737083435059,6.2204270362854,
64,0.9593385457992554,-2.1626272201538086,512.0,1.0482279062271118,6.247219085693359,
65,0.10924279689788818,1.7764887809753418,520.0,1.049821138381958,6.272174835205078,
66,0.9581124186515808,-2.1146240234375,528.0,1.0511531829833984,6.295305252075195,
67,0.11278808116912842,1.8880102634429932,536.0,1.0526748895645142,6.316125392913818,
68,0.9573412537574768,-2.0634520053863525,544.0,1.0540363788604736,6.3348307609558105,
69,0.11585366725921631,1.9979333877563477,552.0,1.0560656785964966,6.350692272186279,
70,0.9547351598739624,-2.0083727836608887,560.0,1.058458924293518,6.363893032073975,
71,0.1188664436340332,2.1081016063690186,568.0,1.0595602989196777,6.375802516937256,
72,0.9549159407615662,-1.9498302936553955,576.0,1.0610642433166504,6.385351181030273,
73,0.12175369262695312,2.212413787841797,584.0,1.0630128383636475,6.39192008972168,
74,0.9544399380683899,-1.8863558769226074,592.0,1.0644406080245972,6.3966803550720215,
75,0.12555062770843506,2.3152434825897217,600.0,1.0666630268096924,6.3984222412109375,
76,0.9528785943984985,-1.8177683353424072,608.0,1.0690540075302124,6.397605895996094,
77,0.13017630577087402,2.4164657592773438,616.0,1.0697612762451172,6.395747661590576,
78,0.9496802687644958,-1.7467353343963623,624.0,1.071767807006836,6.390460968017578,
79,0.13318562507629395,2.516441822052002,632.0,1.0738688707351685,6.383017539978027,
80,0.9494999051094055,-1.6737748384475708,640.0,1.0762938261032104,6.372384071350098,
81,0.13483858108520508,2.6116724014282227,648.0,1.078079342842102,6.359985828399658,
82,0.9483163356781006,-1.594257116317749,656.0,1.0797876119613647,6.345714092254639,
83,0.13942599296569824,2.70406174659729,664.0,1.0817217826843262,6.328672885894775,
84,0.9465049505233765,-1.5125277042388916,672.0,1.084192156791687,6.3086628913879395,
85,0.1424546241760254,2.7940192222595215,680.0,1.0863851308822632,6.286726951599121,
86,0.9456133246421814,-1.4279837608337402,688.0,1.0878013372421265,6.26309871673584,
87,0.14545249938964844,2.8803768157958984,696.0,1.0907106399536133,6.236105442047119,
88,0.943764328956604,-1.3393754959106445,704.0,1.09303617477417,6.2071380615234375,
89,0.14896845817565918,2.963595390319824,712.0,1.094459891319275,6.176244735717773,
90,0.9422957301139832,-1.2480318546295166,720.0,1.0973632335662842,6.142826080322266,
91,0.15235185623168945,3.0426905155181885,728.0,1.0996943712234497,6.107365608215332,
92,0.9407232999801636,-1.153346300125122,736.0,1.1019638776779175,6.069413661956787,
93,0.15562915802001953,3.1183485984802246,744.0,1.1039791107177734,6.029965877532959,
94,0.9390087723731995,-1.0565214157104492,752.0,1.1067756414413452,5.987878322601318,
95,0.15772247314453125,3.191112995147705,760.0,1.1094424724578857,5.943709373474121,
96,0.9387284517288208,-0.9573298096656799,768.0,1.1112501621246338,5.89827299118042,
97,0.16028594970703125,3.258857011795044,776.0,1.1139860153198242,5.850299835205078,
98,0.937771201133728,-0.8543744683265686,784.0,1.1163790225982666,5.800548553466797,
99,0.16431474685668945,3.3221490383148193,792.0,1.118957757949829,5.748879432678223,
100,434.706787109375,37.145263671875,800.0,1.121532917022705,5.695550441741943,
101,506.1446838378906,-682.1634521484375,808.0,1.1237825155258179,5.640837669372559,
102,0.9359434843063354,-0.6431777477264404,816.0,1.1268236637115479,5.58378791809082,
103,0.17157483100891113,3.4371330738067627,824.0,1.1297390460968018,5.525042533874512,
104,0.9355309009552002,-0.535942792892456,832.0,1.13163161277771,5.465481758117676,
105,0.174696683883667,3.4879324436187744,840.0,1.1348938941955566,5.404160976409912,
106,0.9325868487358093,-0.42354777455329895,848.0,1.137728214263916,5.341691017150879,
107,0.17883801460266113,3.534877300262451,856.0,1.1403406858444214,5.27721643447876,
108,0.9308528304100037,-0.31171706318855286,864.0,1.142967939376831,5.2118024826049805,
109,0.1812894344329834,3.577606201171875,872.0,1.1458940505981445,5.145238399505615,
110,0.9303598403930664,-0.19935813546180725,880.0,1.1489442586898804,5.077483654022217,
111,0.18407201766967773,3.615312099456787,888.0,1.1517093181610107,5.008930206298828,
112,0.928168773651123,-0.08361387252807617,896.0,1.1551849842071533,4.93882417678833,
113,0.18850994110107422,3.6476876735687256,904.0,1.1580878496170044,4.868031024932861,
114,0.9273549318313599,0.03112722933292389,912.0,1.1608593463897705,4.796635627746582,
115,0.19057750701904297,3.6764602661132812,920.0,1.164008378982544,4.724600791931152,
116,0.926392674446106,0.14710739254951477,928.0,1.1669883728027344,4.651558876037598,
117,0.19390082359313965,3.700057029724121,936.0,1.1704535484313965,4.578073978424072,
118,0.9246746301651001,0.26435089111328125,944.0,1.1735557317733765,4.504069805145264,
119,0.1974339485168457,3.7189383506774902,952.0,1.1770670413970947,4.429158687591553,
120,0.9233313202857971,0.3813244104385376,960.0,1.1795532703399658,4.355030059814453,
121,0.20061349868774414,3.732560634613037,968.0,1.1832654476165771,4.27980899810791,
122,0.9219651222229004,0.4985503852367401,976.0,1.186537742614746,4.2044854164123535,
123,0.20403146743774414,3.7416555881500244,984.0,1.190110683441162,4.129078388214111,
124,0.9204938411712646,0.6161536574363708,992.0,1.1938836574554443,4.05381441116333,
125,0.2069082260131836,3.74654483795166,1000.0,1.1968554258346558,3.9783976078033447,
126,0.9195594191551208,0.7321314811706543,1008.0,1.2006142139434814,3.903360605239868,
127,0.21006107330322266,3.746184825897217,1016.0,1.203985571861267,3.828356981277466,
128,0.9179791212081909,0.8485139012336731,1024.0,1.207318663597107,3.7537925243377686,
129,0.21349525451660156,3.7408065795898438,1032.0,1.2111486196517944,3.6799073219299316,
130,0.9165274500846863,0.9645485877990723,1040.0,1.2151514291763306,3.6059839725494385,
131,0.2165522575378418,3.730832815170288,1048.0,1.2182708978652954,3.5327227115631104,
132,0.9152892231941223,1.079332947731018,1056.0,1.2218701839447021,3.460402250289917,
133,0.21993041038513184,3.716472625732422,1064.0,1.2262403964996338,3.388746976852417,
134,0.9138732552528381,1.1926113367080688,1072.0,1.2301579713821411,3.3175947666168213,
135,0.2231428623199463,3.697528839111328,1080.0,1.23439359664917,3.2473063468933105,
136,0.9122989773750305,1.3048086166381836,1088.0,1.2390886545181274,3.177833318710327,
137,0.22622370719909668,3.6740736961364746,1096.0,1.2395110130310059,3.111093044281006,
138,0.9111849069595337,1.4150582551956177,1104.0,1.2450580596923828,3.043656826019287,
139,0.22918200492858887,3.645902633666992,1112.0,1.2491835355758667,2.9777019023895264,
140,0.9099637269973755,1.5235625505447388,1120.0,1.2532836198806763,2.9129953384399414,
141,0.23298287391662598,3.613136053085327,1128.0,1.2581491470336914,2.8496897220611572,
142,0.9082006216049194,1.6310930252075195,1136.0,1.26158607006073,2.7875640392303467,
143,0.23583650588989258,3.576439380645752,1144.0,1.2661136388778687,2.7270610332489014,
144,0.9071927666664124,1.7355196475982666,1152.0,1.2708262205123901,2.668124198913574,
145,0.23854851722717285,3.535916328430176,1160.0,1.2749168872833252,2.6103479862213135,
146,0.9056770205497742,1.837937831878662,1168.0,1.2794195413589478,2.5543994903564453,
147,0.24226880073547363,3.4908218383789062,1176.0,1.2824130058288574,2.4998297691345215,
148,0.9041239619255066,1.9379503726959229,1184.0,1.2878142595291138,2.4476261138916016,
149,0.2451469898223877,3.4421463012695312,1192.0,1.2920747995376587,2.396364212036133,
150,0.9026806950569153,2.0348196029663086,1200.0,1.2969318628311157,2.3473024368286133,
151,0.2483367919921875,3.389497756958008,1208.0,1.3017117977142334,2.299705982208252,
152,0.9017336368560791,2.128876209259033,1216.0,1.306299090385437,2.2540268898010254,
153,0.2516293525695801,3.333101749420166,1224.0,1.3113071918487549,2.210087537765503,
154,0.9003446698188782,2.2209672927856445,1232.0,1.3158186674118042,2.167905807495117,
155,0.25449180603027344,3.273629665374756,1240.0,1.3203277587890625,2.1275863647460938,
156,0.8987236022949219,2.3091392517089844,1248.0,1.3253976106643677,2.0890440940856934,
157,0.2579231262207031,3.2105355262756348,1256.0,1.33052659034729,2.0523183345794678,
158,0.8974630832672119,2.3936872482299805,1264.0,1.3353732824325562,2.0173163414001465,
159,0.2607300281524658,3.144737720489502,1272.0,1.3407008647918701,1.9840878248214722,
160,0.8961530923843384,2.475285530090332,1280.0,1.345362901687622,1.952548623085022,
161,0.26413917541503906,3.0750892162323,1288.0,1.3504689931869507,1.9226771593093872,
162,0.8943449258804321,2.553616523742676,1296.0,1.3559027910232544,1.8944944143295288,
163,0.2676386833190918,3.002936363220215,1304.0,1.3608101606369019,1.8678600788116455,
164,0.8932785987854004,2.6279730796813965,1312.0,1.3663748502731323,1.8428120613098145,
165,0.27012109756469727,2.9288203716278076,1320.0,1.3720446825027466,1.8192468881607056,
166,0.8922001123428345,2.6987318992614746,1328.0,1.3777865171432495,1.7970967292785645,
167,0.27338695526123047,2.851917266845703,1336.0,1.3833142518997192,1.7762813568115234,
168,0.8910185694694519,2.765568256378174,1344.0,1.3887630701065063,1.756737470626831,
169,0.27680492401123047,2.7724051475524902,1352.0,1.3942372798919678,1.7384274005889893,
170,0.8889629244804382,2.8285746574401855,1360.0,1.399701714515686,1.7212566137313843,
171,0.28018712997436523,2.6911661624908447,1368.0,1.405894160270691,1.705213189125061,
172,0.8876142501831055,2.8880624771118164,1376.0,1.4119503498077393,1.6901499032974243,
173,0.28275442123413086,2.6082396507263184,1384.0,1.417850375175476,1.6760097742080688,
174,0.8865241408348083,2.9427719116210938,1392.0,1.4234896898269653,1.6627070903778076,
175,0.2860584259033203,2.523547649383545,1400.0,1.4293651580810547,1.6502081155776978,
176,0.8851180076599121,2.9938430786132812,1408.0,1.4359314441680908,1.6384453773498535,
177,0.2895383834838867,2.437317371368408,1416.0,1.4415345191955566,1.627293586730957,
178,0.8835974335670471,3.0414481163024902,1424.0,1.4470537900924683,1.6167778968811035,
179,0.29247474670410156,2.3494958877563477,1432.0,1.4531989097595215,1.6067062616348267,
180,0.8823447227478027,3.083979368209839,1440.0,1.4593541622161865,1.597133755683899,
181,0.29594898223876953,2.261478900909424,1448.0,1.4661335945129395,1.5879876613616943,
182,0.8807694911956787,3.1228244304656982,1456.0,1.4730275869369507,1.5791863203048706,
183,0.2989673614501953,2.172341823577881,1464.0,1.479665756225586,1.5706883668899536,
184,0.8791966438293457,3.157700300216675,1472.0,1.4866139888763428,1.5624516010284424,
185,0.30209875106811523,2.0821099281311035,1480.0,1.492775797843933,1.5544145107269287,
186,0.877771258354187,3.1885757446289062,1488.0,1.499458909034729,1.5465612411499023,
187,0.3051414489746094,1.9919681549072266,1496.0,1.506955862045288,1.53885018825531,
188,0.8765804171562195,3.2150354385375977,1504.0,1.5138671398162842,1.5312565565109253,
189,0.3082242012023926,1.9015588760375977,1512.0,1.5210059881210327,1.5237352848052979,
190,0.8750973343849182,3.2375662326812744,1520.0,1.5280425548553467,1.5162651538848877,
191,0.3119206428527832,1.8109347820281982,1528.0,1.5351988077163696,1.5088376998901367,
192,0.8734077215194702,3.256544351577759,1536.0,1.5420246124267578,1.501431941986084,
193,0.3145732879638672,1.7206172943115234,1544.0,1.549639344215393,1.4940210580825806,
194,0.8719201683998108,3.271186590194702,1552.0,1.557793378829956,1.4865992069244385,
195,0.3176097869873047,1.630665898323059,1560.0,1.5657517910003662,1.4791566133499146,
196,0.8707097768783569,3.282132625579834,1568.0,1.5733052492141724,1.4716905355453491,
197,0.3207664489746094,1.5411098003387451,1576.0,1.5802218914031982,1.4641770124435425,
198,0.8691120147705078,3.2892048358917236,1584.0,1.587760329246521,1.456632375717163,
199,0.32395362854003906,1.4523017406463623,1592.0,1.5958106517791748,1.4490549564361572,
200,0.8678084015846252,3.2926135063171387,1600.0,1.603968620300293,1.4414317607879639,
201,0.326995849609375,1.364486813545227,1608.0,1.6122257709503174,1.4337706565856934,
202,0.8665857911109924,3.292595386505127,1616.0,1.6205710172653198,1.4260778427124023,
203,0.3303346633911133,1.2777924537658691,1624.0,1.6283406019210815,1.4183506965637207,
204,0.864622950553894,3.2886834144592285,1632.0,1.6362658739089966,1.410604476928711,
205,0.33360862731933594,1.1922024488449097,1640.0,1.6452159881591797,1.4028419256210327,
206,0.8628804683685303,3.281376600265503,1648.0,1.6542632579803467,1.3950790166854858,
207,0.3363037109375,1.1077942848205566,1656.0,1.6637530326843262,1.3872840404510498,
208,0.8619530200958252,3.2712278366088867,1664.0,1.6728159189224243,1.3795050382614136,
209,0.33956050872802734,1.0249030590057373,1672.0,1.681063175201416,1.371728777885437,
210,0.8607997298240662,3.2575089931488037,1680.0,1.6892212629318237,1.3639947175979614,
211,0.3428955078125,0.9441922903060913,1688.0,1.6982190608978271,1.356278419494629,
212,0.8589305877685547,3.2409355640411377,1696.0,1.707945704460144,1.3486047983169556,
213,0.3458738327026367,0.8651870489120483,1704.0,1.717974066734314,1.340978741645813,
214,0.857731819152832,3.221250534057617,1712.0,1.7280256748199463,1.3334003686904907,
215,0.34923458099365234,0.7874420881271362,1720.0,1.737052083015442,1.325882911682129,
216,0.8561267852783203,3.1988816261291504,1728.0,1.7452274560928345,1.318435788154602,
217,0.3519268035888672,0.7119579315185547,1736.0,1.7551990747451782,1.3110798597335815,
218,0.8546135425567627,3.1738386154174805,1744.0,1.7667051553726196,1.303805947303772,
219,0.35561275482177734,0.6387605667114258,1752.0,1.778125524520874,1.296606183052063,
220,0.8529531955718994,3.1462554931640625,1760.0,1.788800835609436,1.2895021438598633,
221,0.3588294982910156,0.5677749514579773,1768.0,1.7970184087753296,1.2824980020523071,
222,0.8514766693115234,3.1164536476135254,1776.0,1.8038839101791382,1.2756067514419556,
223,0.36145782470703125,0.4990704655647278,1784.0,1.81055748462677,1.2688171863555908,
224,0.8502185344696045,3.084115505218506,1792.0,1.8192431926727295,1.2621428966522217,
225,0.3648834228515625,0.4327097237110138,1800.0,1.8316806554794312,1.2555718421936035,
226,0.8486912250518799,3.049861192703247,1808.0,1.8460394144058228,1.249116063117981,
227,0.368377685546875,0.3686431050300598,1816.0,1.8604466915130615,1.2427667379379272,
228,0.8466167449951172,3.0138068199157715,1824.0,1.8726969957351685,1.2365363836288452,
229,0.3712940216064453,0.307140052318573,1832.0,1.8841350078582764,1.2304152250289917,
230,0.8455262184143066,2.9760379791259766,1840.0,1.8949564695358276,1.2244089841842651,
231,0.3742332458496094,0.2483384907245636,1848.0,1.9055002927780151,1.2185148000717163,
232,0.8442707061767578,2.9364943504333496,1856.0,1.9181355237960815,1.2127186059951782,
233,0.3777923583984375,0.19189253449440002,1864.0,1.9309781789779663,1.2070302963256836,
234,0.8422870635986328,2.8955459594726562,1872.0,1.9439489841461182,1.2014373540878296,
235,0.3807487487792969,0.13830015063285828,1880.0,1.9563374519348145,1.195960521697998,
236,0.8409538269042969,2.8533082008361816,1888.0,1.9685152769088745,1.1905666589736938,
237,0.3837890625,0.0871744155883789,1896.0,1.9810154438018799,1.1852630376815796,
238,0.8398323059082031,2.8096532821655273,1904.0,1.993669867515564,1.1800410747528076,
239,0.387725830078125,0.03867867588996887,1912.0,2.006847381591797,1.1749144792556763,
240,0.8376007080078125,2.7656168937683105,1920.0,2.0203845500946045,1.169853925704956,
241,0.389434814453125,-0.007158607244491577,1928.0,2.0337576866149902,1.1648693084716797,
242,0.8358554840087891,2.7202556133270264,1936.0,2.047182559967041,1.1599452495574951,
243,0.392730712890625,-0.05021125078201294,1944.0,2.0605580806732178,1.1551034450531006,
244,0.834568977355957,2.6742334365844727,1952.0,2.0748865604400635,1.1503071784973145,
245,0.39603424072265625,-0.09075534343719482,1960.0,2.089757204055786,1.1455568075180054,
246,0.8330097198486328,2.6276440620422363,1968.0,2.103849172592163,1.140865683555603,
247,0.3993377685546875,-0.12858211994171143,1976.0,2.118870258331299,1.136216163635254,
248,0.8315811157226562,2.5807089805603027,1984.0,2.1339948177337646,1.131606101989746,
249,0.4030342102050781,-0.16373860836029053,1992.0,2.1484832763671875,1.1270439624786377,
250,0.8297438621520996,2.5333471298217773,2000.0,2.164299964904785,1.122504472732544,
251,0.4056568145751953,-0.1966269612312317,2008.0,2.180046796798706,1.1180001497268677,
252,0.828465461730957,2.4859447479248047,2016.0,2.1958658695220947,1.1135183572769165,
253,0.4090576171875,-0.226723313331604,2024.0,2.211608409881592,1.109066367149353,
254,0.8269047737121582,2.438384532928467,2032.0,2.2276499271392822,1.1046333312988281,
255,0.41229248046875,-0.254518985748291,2040.0,2.244004726409912,1.1002216339111328,
256,0.8247771263122559,2.390960454940796,2048.0,2.260863780975342,1.0958244800567627,
257,0.4153280258178711,-0.2798762321472168,2056.0,2.27834415435791,1.0914390087127686,
258,0.8236985206604004,2.343888759613037,2064.0,2.2956550121307373,1.0870726108551025,
259,0.41821718215942383,-0.30272746086120605,2072.0,2.312941074371338,1.0827131271362305,
260,0.8224774599075317,2.2968263626098633,2080.0,2.3310158252716064,1.0783710479736328,
261,0.42116355895996094,-0.3232961893081665,2088.0,2.349017858505249,1.0740383863449097,
262,0.8206485509872437,2.2502026557922363,2096.0,2.367340326309204,1.0697104930877686,
263,0.4249567985534668,-0.34183645248413086,2104.0,2.38665509223938,1.065393090248108,
264,0.8191008567810059,2.2042460441589355,2112.0,2.4050650596618652,1.0610928535461426,
265,0.42781639099121094,-0.3580918312072754,2120.0,2.424635171890259,1.056793212890625,
266,0.8168044090270996,2.1588783264160156,2128.0,2.443955421447754,1.0525048971176147,
267,0.43103981018066406,-0.37211084365844727,2136.0,2.46351957321167,1.0482327938079834,
268,0.8154592514038086,2.1140036582946777,2144.0,2.4846246242523193,1.0439659357070923,
269,0.4345104694366455,-0.3842419385910034,2152.0,2.505148410797119,1.0397132635116577,
270,0.8136720657348633,2.069889783859253,2160.0,2.5258162021636963,1.03548264503479,
271,0.437361478805542,-0.3943796157836914,2168.0,2.5468130111694336,1.0312483310699463,
272,0.8114738464355469,2.0265445709228516,2176.0,2.56893253326416,1.0270366668701172,
273,0.4415106773376465,-0.4025869369506836,2184.0,2.591106414794922,1.022847056388855,
274,0.8119144439697266,1.9848840236663818,2192.0,2.61289119720459,1.0186744928359985,
275,0.4431028366088867,-0.4099684953689575,2200.0,2.636392593383789,1.014511227607727,
276,0.8094968795776367,1.9433610439300537,2208.0,2.6596498489379883,1.0103763341903687,
277,0.44701504707336426,-0.4146230220794678,2216.0,2.683293104171753,1.006260871887207,
278,0.8075499534606934,1.9029757976531982,2224.0,2.707341194152832,1.002166509628296,
279,0.4496283531188965,-0.4179854393005371,2232.0,2.7317113876342773,0.9981074333190918,
280,0.8061041831970215,1.863651990890503,2240.0,2.7566847801208496,0.9940652251243591,
281,0.4529142379760742,-0.41988396644592285,2248.0,2.782297372817993,0.9900657534599304,
282,0.8044614791870117,1.8255003690719604,2256.0,2.8083460330963135,0.9860793352127075,
283,0.45638608932495117,-0.42029309272766113,2264.0,2.8348841667175293,0.982133686542511,
284,0.8020621538162231,1.7883611917495728,2272.0,2.8620033264160156,0.9782193899154663,
285,0.4596703052520752,-0.41959142684936523,2280.0,2.8887176513671875,0.9743406176567078,
286,0.8009191751480103,1.752496600151062,2288.0,2.9166579246520996,0.9704948663711548,
287,0.46361756324768066,-0.417574405670166,2296.0,2.945924997329712,0.9666957259178162,
288,0.7985036373138428,1.7178741693496704,2304.0,2.974743604660034,0.9629383683204651,
289,0.4659287929534912,-0.41442811489105225,2312.0,3.0036723613739014,0.9592157006263733,
290,0.7966022491455078,1.6842544078826904,2320.0,3.034247875213623,0.9555377960205078,
291,0.469240665435791,-0.4102632999420166,2328.0,3.0649330615997314,0.9518975615501404,
292,0.7962644696235657,1.6519842147827148,2336.0,3.096458673477173,0.9483016133308411,
293,0.4722762107849121,-0.40517985820770264,2344.0,3.1287522315979004,0.9447536468505859,
294,0.7936990261077881,1.6207873821258545,2352.0,3.161381721496582,0.9412610530853271,
295,0.4757039546966553,-0.39936137199401855,2360.0,3.1943795680999756,0.9378067851066589,
296,0.79258131980896,1.59120774269104,2368.0,3.228780508041382,0.9344097971916199,
297,0.47990846633911133,-0.3926992416381836,2376.0,3.2637083530426025,0.9310526251792908,
298,0.789553165435791,1.5624672174453735,2384.0,3.298682689666748,0.9277483224868774,
299,0.48235416412353516,-0.38524651527404785,2392.0,3.336193561553955,0.9244945645332336,
300,0.7881574034690857,1.535167932510376,2400.0,3.3729300498962402,0.9213012456893921,
301,0.4856271743774414,-0.3773024082183838,2408.0,3.4104998111724854,0.9181561470031738,
302,0.7857580184936523,1.5089399814605713,2416.0,3.449856758117676,0.915062427520752,
303,0.4880406856536865,-0.3687272071838379,2424.0,3.4890894889831543,0.9120230674743652,
304,0.7842727899551392,1.4839574098587036,2432.0,3.5301239490509033,0.9090282320976257,
305,0.4912912845611572,-0.3597893714904785,2440.0,3.571856737136841,0.9060940146446228,
306,0.7830564975738525,1.4601335525512695,2448.0,3.614593267440796,0.9032115936279297,
307,0.494251012802124,-0.3504054546356201,2456.0,3.6579275131225586,0.9003742337226868,
308,0.7818450331687927,1.437424898147583,2464.0,3.7024152278900146,0.8975955843925476,
309,0.497414231300354,-0.34075653553009033,2472.0,3.747995376586914,0.8948639035224915,
310,0.7800527811050415,1.4158618450164795,2480.0,3.7947123050689697,0.8921844363212585,
311,0.5019528865814209,-0.33089888095855713,2488.0,3.8440184593200684,0.889545202255249,
312,0.7771047353744507,1.3953973054885864,2496.0,3.892193078994751,0.886956512928009,
313,0.504543662071228,-0.3207864761352539,2504.0,3.9421868324279785,0.8844205737113953,
314,0.7756491899490356,1.3760015964508057,2512.0,3.9947869777679443,0.8819168210029602,
315,0.5070630311965942,-0.310565710067749,2520.0,4.047560691833496,0.8794574737548828,
316,0.7750737071037292,1.3576033115386963,2528.0,4.102203845977783,0.8770362734794617,
317,0.5111805200576782,-0.30028414726257324,2536.0,4.157989025115967,0.8746556639671326,
318,0.77260422706604,1.3402206897735596,2544.0,4.215210437774658,0.8723093867301941,
319,0.5144706964492798,-0.2899489402770996,2552.0,4.2744340896606445,0.8699938654899597,
320,0.7702732086181641,1.323762059211731,2560.0,4.334744930267334,0.8677092790603638,
321,0.5174175500869751,-0.2797083854675293,2568.0,4.39749002456665,0.865443229675293,
322,0.7693531513214111,1.3082183599472046,2576.0,4.461785316467285,0.8632091879844666,
323,0.5203952789306641,-0.26948094367980957,2584.0,4.5278754234313965,0.860973060131073,
324,0.7664834260940552,1.2935808897018433,2592.0,4.595412254333496,0.8587692379951477,
325,0.524315595626831,-0.2593662738800049,2600.0,4.665241241455078,0.8565756678581238,
326,0.7648451328277588,1.2797363996505737,2608.0,4.738535404205322,0.8543786406517029,
327,0.5270411968231201,-0.24943923950195312,2616.0,4.812143802642822,0.8521902561187744,
328,0.7629766464233398,1.2667067050933838,2624.0,4.888468265533447,0.8500036001205444,
329,0.530136227607727,-0.23966169357299805,2632.0,4.968740463256836,0.8478049039840698,
330,0.7618796229362488,1.2544300556182861,2640.0,5.0496392250061035,0.8456010222434998,
331,0.5344289541244507,-0.2301030158996582,2648.0,5.133825302124023,0.843380868434906,
332,0.7592580318450928,1.2428486347198486,2656.0,5.221195697784424,0.8411474823951721,
333,0.5366795063018799,-0.2207624912261963,2664.0,5.311685562133789,0.8388880491256714,
334,0.7565628886222839,1.2319152355194092,2672.0,5.404544830322266,0.8366058468818665,
335,0.5413569211959839,-0.21167588233947754,2680.0,5.501046180725098,0.8342846632003784,
336,0.7558181285858154,1.2215957641601562,2688.0,5.600612163543701,0.831928551197052,
337,0.5426900386810303,-0.2028515338897705,2696.0,5.704763412475586,0.8295440077781677,
338,0.7540484070777893,1.211851954460144,2704.0,5.812558174133301,0.8271047472953796,
339,0.5467348098754883,-0.19434475898742676,2712.0,5.922249794006348,0.824629545211792,
340,0.7513110637664795,1.2026360034942627,2720.0,6.0388383865356445,0.8221012949943542,
341,0.552361249923706,-0.18612289428710938,2728.0,6.158796310424805,0.8195194602012634,
342,0.7486915588378906,1.1939427852630615,2736.0,6.2837815284729,0.8168879151344299,
343,0.5521237850189209,-0.17823219299316406,2744.0,6.413491725921631,0.8141968846321106,
344,0.7476441860198975,1.1856908798217773,2752.0,6.548390865325928,0.8114508390426636,
345,0.5560855865478516,-0.17066359519958496,2760.0,6.690225601196289,0.8086246252059937,
346,0.7470142841339111,1.177856683731079,2768.0,6.837029933929443,0.8057557344436646,
347,0.5605019330978394,-0.16337823867797852,2776.0,6.990912914276123,0.8028228878974915,
348,0.7423995733261108,1.1703712940216064,2784.0,7.150854587554932,0.7998235821723938,
349,0.5642658472061157,-0.15643954277038574,2792.0,7.31896448135376,0.7967569828033447,
350,0.7407171726226807,1.1632575988769531,2800.0,7.494615077972412,0.7936199307441711,
351,0.5660843849182129,-0.14983129501342773,2808.0,7.678524494171143,0.7904345989227295,
352,0.7389443516731262,1.1564569473266602,2816.0,7.872928142547607,0.7871854901313782,
353,0.5689352750778198,-0.14353883266448975,2824.0,8.07652759552002,0.7838769555091858,
354,0.737924337387085,1.1499147415161133,2832.0,8.29008960723877,0.7805100679397583,
355,0.5728656053543091,-0.13756287097930908,2840.0,8.515007972717285,0.7770949602127075,
356,0.7368180751800537,1.1436231136322021,2848.0,8.752715110778809,0.7736276984214783,
357,0.575455904006958,-0.1318962574005127,2856.0,9.004691123962402,0.7701130509376526,
358,0.7336568832397461,1.1375489234924316,2864.0,9.26989459991455,0.7665683031082153,
359,0.5808846354484558,-0.1265277862548828,2872.0,9.551311492919922,0.7629975080490112,
360,0.731124758720398,1.1316522359848022,2880.0,9.850913047790527,0.759367823600769,
361,0.5825574994087219,-0.12146389484405518,2888.0,10.16848087310791,0.7557403445243835,
362,0.7282426953315735,1.1259329319000244,2896.0,10.506882667541504,0.7520987391471863,
363,0.5842046737670898,-0.11668354272842407,2904.0,10.868752479553223,0.7484382390975952,
364,0.7282838821411133,1.1203606128692627,2912.0,11.256935119628906,0.7447826862335205,
365,0.588944673538208,-0.1121591329574585,2920.0,11.67379379272461,0.7411333918571472,
366,0.7265255451202393,1.1148838996887207,2928.0,12.117558479309082,0.737535834312439,
367,0.5870620012283325,-0.10791796445846558,2936.0,12.599613189697266,0.7339305877685547,
368,0.7321246862411499,1.1095831394195557,2944.0,13.121664047241211,0.730364978313446,
369,0.6000458598136902,-0.10389363765716553,2952.0,13.687995910644531,0.726858377456665,
370,0.7195138931274414,1.104255199432373,2960.0,14.303350448608398,0.7234171032905579,
371,0.6002539992332458,-0.10006469488143921,2968.0,14.97707748413086,0.7200406193733215,
372,0.7253230214118958,1.099073886871338,2976.0,15.715943336486816,0.7167531251907349,
373,0.6069628596305847,-0.09650528430938721,2984.0,16.52985954284668,0.713563859462738,
374,0.7145274877548218,1.0938681364059448,2992.0,17.434162139892578,0.7104658484458923,
375,0.6082257628440857,-0.09309476613998413,3000.0,18.441152572631836,0.7074917554855347,
376,0.7169121503829956,1.0887596607208252,3008.0,19.569515228271484,0.7046617269515991,
377,0.613013505935669,-0.08991828560829163,3016.0,20.841127395629883,0.7019986510276794,
378,0.7122174501419067,1.0836474895477295,3024.0,22.29151153564453,0.6994904279708862,
379,0.615949273109436,-0.08687841892242432,3032.0,23.95761489868164,0.6971578598022461,
380,0.7081602811813354,1.0785436630249023,3040.0,25.890830993652344,0.6950297355651855,
381,0.618699848651886,-0.08398652076721191,3048.0,28.155643463134766,0.6931582689285278,
382,0.7088896036148071,1.0734615325927734,3056.0,30.853315353393555,0.6915514469146729,
383,0.6194295287132263,-0.08126682043075562,3064.0,34.12423324584961,0.6902371048927307,
384,0.7057886719703674,1.0683958530426025,3072.0,38.15778350830078,0.6893070936203003,
385,0.6249627470970154,-0.07863448560237885,3080.0,43.26956558227539,0.6888295412063599,
386,0.703972578048706,1.063311219215393,3088.0,49.957061767578125,0.6889609694480896,
387,0.6279627084732056,-0.07612670958042145,3096.0,59.07151412963867,0.689908504486084,
388,0.7019011378288269,1.0582301616668701,3104.0,72.24398040771484,0.6921425461769104,
389,0.6316440105438232,-0.07370457053184509,3112.0,92.93973541259766,0.6966227293014526,
390,0.6991024613380432,1.0531553030014038,3120.0,130.18373107910156,0.7058523893356323,
391,0.6373711824417114,-0.07136216759681702,3128.0,217.10031127929688,0.7291107177734375,
392,0.6965641379356384,1.0480403900146484,3136.0,651.688720703125,0.8522417545318604,
393,0.638145923614502,-0.06910199671983719,3144.0,652.0929565429688,0.5035799145698547,
394,0.6948050856590271,1.0429185628890991,3152.0,217.49502563476562,0.6099998354911804,
395,0.6400534510612488,-0.06688913702964783,3160.0,130.57481384277344,0.6326082944869995,
396,0.6932677030563354,1.0378220081329346,3168.0,93.3172378540039,0.6424477696418762,
397,0.6467688083648682,-0.06472077965736389,3176.0,72.6253433227539,0.648041844367981,
398,0.6904021501541138,1.0326924324035645,3184.0,59.458465576171875,0.6517639756202698,
399,0.6479584574699402,-0.06258410215377808,3192.0,50.33919143676758,0.6545366644859314,
400,0.6870445013046265,1.0275962352752686,3200.0,43.65519714355469,0.6567626595497131,
401,0.6567695140838623,-0.060474246740341187,3208.0,38.542274475097656,0.6586673855781555,
402,0.680584192276001,1.022431492805481,3216.0,34.50404357910156,0.6603772044181824,
403,0.6533762216567993,-0.0583457350730896,3224.0,31.23858642578125,0.6619734168052673,
404,0.6808275580406189,1.0173184871673584,3232.0,28.540117263793945,0.6634789109230042,
405,0.6586549878120422,-0.056273818016052246,3240.0,26.26960563659668,0.6649301648139954,
406,0.6812007427215576,1.0122060775756836,3248.0,24.342069625854492,0.6663338541984558,
407,0.6622127294540405,-0.05420997738838196,3256.0,22.676654815673828,0.6676936149597168,
408,0.6800582408905029,1.0071046352386475,3264.0,21.22803497314453,0.6690153479576111,
409,0.6653671264648438,-0.05213189125061035,3272.0,19.953161239624023,0.6702903509140015,
410,0.6755008697509766,1.0020277500152588,3280.0,18.82300567626953,0.6715646982192993,
411,0.6693562269210815,-0.05001115798950195,3288.0,17.8173770904541,0.6727656126022339,
412,0.673095703125,0.9969482421875,3296.0,16.916650772094727,0.6739088892936707,
413,0.6735076904296875,-0.047878265380859375,3304.0,16.09999656677246,0.6749913692474365,
414,0.6698623895645142,0.9919397830963135,3312.0,15.359636306762695,0.6760214567184448,
415,0.6766911745071411,-0.04574847221374512,3320.0,14.686203956604004,0.6769776344299316,
416,0.6677548885345459,0.9869445562362671,3328.0,14.070773124694824,0.6778514385223389,
417,0.6805955767631531,-0.0435945987701416,3336.0,13.50570011138916,0.6786396503448486,
418,0.6655704379081726,0.9819803237915039,3344.0,12.98578929901123,0.6792998313903809,
419,0.683819055557251,-0.04142493009567261,3352.0,12.50221061706543,0.6798718571662903,
420,0.6626970171928406,0.9770739078521729,3360.0,12.050938606262207,0.6803408265113831,
421,0.6872936487197876,-0.03921186923980713,3368.0,11.638254165649414,0.6807093024253845,
422,0.6598949432373047,0.9722083806991577,3376.0,11.245108604431152,0.6809605956077576,
423,0.6903663873672485,-0.03698146343231201,3384.0,10.898879051208496,0.6811224222183228,
424,0.6571004390716553,0.9674029350280762,3392.0,10.550302505493164,0.6810106039047241,
425,0.6953496336936951,-0.03472423553466797,3400.0,10.239962577819824,0.6809316873550415,
426,0.6566104292869568,0.962644100189209,3408.0,9.935835838317871,0.6805683374404907,
427,0.6987926959991455,-0.032459139823913574,3416.0,9.656502723693848,0.6801886558532715,
428,0.655312180519104,0.9579344987869263,3424.0,9.388587951660156,0.6796045899391174,
429,0.699556291103363,-0.03014659881591797,3432.0,9.136979103088379,0.6789039373397827,
430,0.6466937065124512,0.9533758163452148,3440.0,8.89706802368164,0.6780788898468018,
431,0.7113580107688904,-0.027837038040161133,3448.0,8.67413330078125,0.6771111488342285,
432,0.6448898315429688,0.9487960338592529,3456.0,8.459447860717773,0.676007091999054,
433,0.7090222835540771,-0.025481700897216797,3464.0,8.255712509155273,0.6747703552246094,
434,0.6434049010276794,0.9443233013153076,3472.0,8.06558609008789,0.6734188199043274,
435,0.7134634256362915,-0.023131966590881348,3480.0,7.877753257751465,0.6719194054603577,
436,0.6397961378097534,0.9399113655090332,3488.0,7.700348377227783,0.6703051328659058,
437,0.7123838067054749,-0.020733237266540527,3496.0,7.5359392166137695,0.6686058044433594,
438,0.6378251910209656,0.9355955123901367,3504.0,7.374276638031006,0.6667755842208862,
439,0.7210454940795898,-0.018383502960205078,3512.0,7.223077774047852,0.6648486256599426,
440,0.6339884996414185,0.9313493967056274,3520.0,7.069052696228027,0.6627985239028931,
441,0.7237849831581116,-0.015996694564819336,3528.0,6.931552886962891,0.6607067584991455,
442,0.6306079626083374,0.9271912574768066,3536.0,6.797479629516602,0.658528208732605,
443,0.7250931262969971,-0.013606548309326172,3544.0,6.665713787078857,0.656265377998352,
444,0.629035472869873,0.9231039881706238,3552.0,6.541017532348633,0.6539465188980103,
445,0.7270079851150513,-0.011229872703552246,3560.0,6.420774936676025,0.6515769958496094,
446,0.6269663572311401,0.9191205501556396,3568.0,6.305508613586426,0.6491618156433105,
447,0.730665922164917,-0.008859872817993164,3576.0,6.1926960945129395,0.6467171907424927,
448,0.6271213293075562,0.915203332901001,3584.0,6.085975646972656,0.6442475318908691,
449,0.7338517904281616,-0.006502747535705566,3592.0,5.983457088470459,0.6417631506919861,
450,0.6253941655158997,0.9113759994506836,3600.0,5.882110118865967,0.6392771601676941,
451,0.7401145696640015,-0.0041506290435791016,3608.0,5.785618782043457,0.6367900967597961,
452,0.6221147179603577,0.9076335430145264,3616.0,5.692023277282715,0.6343228220939636,
453,0.7464027404785156,-0.0018235445022583008,3624.0,5.603850364685059,0.6318809390068054,
454,0.6168372631072998,0.9039517641067505,3632.0,5.515781879425049,0.629461407661438,
455,0.7490639090538025,0.0004918575286865234,3640.0,5.429866313934326,0.6270986795425415,
456,0.6140397191047668,0.9003576636314392,3648.0,5.349790573120117,0.6247806549072266,
457,0.7528683543205261,0.002765655517578125,3656.0,5.269947528839111,0.6225147843360901,
458,0.6115545034408569,0.8968309164047241,3664.0,5.192873001098633,0.6203259229660034,
459,0.7567636370658875,0.00501859188079834,3672.0,5.118098735809326,0.6182030439376831,
460,0.6084302663803101,0.893388032913208,3680.0,5.046891212463379,0.6161560416221619,
461,0.7621862292289734,0.007231712341308594,3688.0,4.976999759674072,0.614197313785553,
462,0.6032239198684692,0.8900102972984314,3696.0,4.908260822296143,0.612301766872406,
463,0.764275312423706,0.00941324234008789,3704.0,4.841651439666748,0.6105470061302185,
464,0.6010540127754211,0.8866881132125854,3712.0,4.778135299682617,0.6088582873344421,
465,0.7657516598701477,0.011551737785339355,3720.0,4.715579509735107,0.6072749495506287,
466,0.6002496480941772,0.8834319114685059,3728.0,4.654395580291748,0.6057917475700378,
467,0.7721044421195984,0.01365053653717041,3736.0,4.595152854919434,0.6044135689735413,
468,0.5966063737869263,0.8802388906478882,3744.0,4.537835597991943,0.6031261682510376,
469,0.7765095829963684,0.015702486038208008,3752.0,4.481605529785156,0.6019361615180969,
470,0.5915908217430115,0.8770960569381714,3760.0,4.426822185516357,0.6008491516113281,
471,0.7805412411689758,0.017710089683532715,3768.0,4.3739213943481445,0.5998566150665283,
472,0.5883434414863586,0.8740010857582092,3776.0,4.3220319747924805,0.5989578366279602,
473,0.783298134803772,0.01967179775238037,3784.0,4.270819664001465,0.5981650352478027,
474,0.5849440693855286,0.8709543943405151,3792.0,4.221261978149414,0.5974360704421997,
475,0.7862953543663025,0.021583914756774902,3800.0,4.174296855926514,0.59679114818573,
476,0.5819796919822693,0.8679367899894714,3808.0,4.12679386138916,0.5962302088737488,
477,0.7906391024589539,0.023448944091796875,3816.0,4.080765724182129,0.5957258343696594,
478,0.5797022581100464,0.8649791479110718,3824.0,4.035686016082764,0.5952834486961365,
479,0.7941206693649292,0.025264739990234375,3832.0,3.9919726848602295,0.5949129462242126,
480,0.5763412117958069,0.862043023109436,3840.0,3.9505727291107178,0.5945746898651123,
481,0.799056351184845,0.027034759521484375,3848.0,3.9082372188568115,0.5942801833152771,
482,0.573009192943573,0.8591302633285522,3856.0,3.867464542388916,0.5940276980400085,
483,0.8039605021476746,0.028748273849487305,3864.0,3.826984405517578,0.5937880277633667,
484,0.5679987072944641,0.8562374711036682,3872.0,3.788499593734741,0.5935688018798828,
485,0.8059165477752686,0.030413389205932617,3880.0,3.7508487701416016,0.5933703780174255,
486,0.5653215050697327,0.8533823490142822,3888.0,3.713040590286255,0.5931658148765564,
487,0.8094247579574585,0.03204011917114258,3896.0,3.6765642166137695,0.592957615852356,
488,0.5644062757492065,0.8505344390869141,3904.0,3.640639305114746,0.5927409529685974,
489,0.8136355876922607,0.03361523151397705,3912.0,3.6057803630828857,0.5924999117851257,
490,0.5589958429336548,0.8476871252059937,3920.0,3.571152925491333,0.5922387838363647,
491,0.8203555345535278,0.03515827655792236,3928.0,3.5382020473480225,0.5919547080993652,
492,0.5558145046234131,0.8448634147644043,3936.0,3.505173444747925,0.5916246175765991,
493,0.822637140750885,0.03663980960845947,3944.0,3.472113609313965,0.5912519693374634,
494,0.5511738061904907,0.842019259929657,3952.0,3.4408693313598633,0.5908453464508057,
495,0.8254454135894775,0.03810441493988037,3960.0,3.4101462364196777,0.5903729796409607,
496,0.5483479499816895,0.8392060995101929,3968.0,3.37994647026062,0.5898506045341492,
497,0.8321206569671631,0.03952014446258545,3976.0,3.349909543991089,0.5892786979675293,
498,0.5455624461174011,0.8363827466964722,3984.0,3.3203694820404053,0.5886346101760864,
499,0.8351411819458008,0.040911316871643066,3992.0,3.292219877243042,0.5879382491111755,
500,0.540435254573822,0.8335501551628113,4000.0,3.263861894607544,0.5871708393096924,
501,0.8384238481521606,0.042264580726623535,4008.0,3.235686779022217,0.5863417983055115,
502,0.5375930070877075,0.8307225108146667,4016.0,3.2090795040130615,0.5854498147964478,
503,0.8428495526313782,0.0435948371887207,4024.0,3.1830430030822754,0.5844943523406982,
504,0.533057689666748,0.8278722763061523,4032.0,3.156125545501709,0.5834637880325317,
505,0.8470941185951233,0.044896602630615234,4040.0,3.130472421646118,0.582374095916748,
506,0.5288863778114319,0.8250267505645752,4048.0,3.105764865875244,0.5812344551086426,
507,0.8512603044509888,0.04618966579437256,4056.0,3.0811057090759277,0.5800248980522156,
508,0.5248080492019653,0.8221662044525146,4064.0,3.056820869445801,0.5787671804428101,
509,0.8549051284790039,0.04745948314666748,4072.0,3.0329642295837402,0.5774521827697754,
510,0.5217397212982178,0.8192886114120483,4080.0,3.009220600128174,0.5760883688926697,
511,0.8592569828033447,0.04871124029159546,4088.0,2.9863665103912354,0.574687659740448,
512,0.5176807045936584,0.8164034485816956,4096.0,2.963441848754883,0.5732398629188538,
513,0.8635779619216919,0.04995766282081604,4104.0,2.9415199756622314,0.5717665553092957,
514,0.5130372643470764,0.813510537147522,4112.0,2.919689416885376,0.5702529549598694,
515,0.8685665130615234,0.051202476024627686,4120.0,2.8980300426483154,0.5687252879142761,
516,0.5094866752624512,0.8105920553207397,4128.0,2.8768186569213867,0.5671778917312622,
517,0.871720552444458,0.05244004726409912,4136.0,2.855595827102661,0.5656140446662903,
518,0.5056207776069641,0.8076694011688232,4144.0,2.835965156555176,0.5640407800674438,
519,0.8759799003601074,0.053673624992370605,4152.0,2.8149518966674805,0.5624774694442749,
520,0.5009554028511047,0.8047457933425903,4160.0,2.795076370239258,0.5609146952629089,
521,0.8805313110351562,0.054921895265579224,4168.0,2.7757556438446045,0.5593648552894592,
522,0.49702364206314087,0.8017963171005249,4176.0,2.7562289237976074,0.5578329563140869,
523,0.8840470314025879,0.056174784898757935,4184.0,2.737710475921631,0.5563209652900696,
524,0.49304747581481934,0.7988383769989014,4192.0,2.7186975479125977,0.5548371076583862,
525,0.8882178068161011,0.05743980407714844,4200.0,2.700279712677002,0.5533906817436218,
526,0.48867177963256836,0.7958842515945435,4208.0,2.6822402477264404,0.5519826412200928,
527,0.8938692808151245,0.05872038006782532,4216.0,2.664745330810547,0.5506159067153931,
528,0.4840216636657715,0.792920708656311,4224.0,2.6470842361450195,0.5492922067642212,
529,0.8974673748016357,0.060010701417922974,4232.0,2.6294398307800293,0.5480307340621948,
530,0.4795572757720947,0.7899444699287415,4240.0,2.613058567047119,0.546823263168335,
531,0.9011292457580566,0.061326414346694946,4248.0,2.5960028171539307,0.5456638336181641,
532,0.4751529097557068,0.7869757413864136,4256.0,2.5793747901916504,0.5445668697357178,
533,0.9058628082275391,0.06266459822654724,4264.0,2.5633928775787354,0.5435368418693542,
534,0.4708014130592346,0.7840104103088379,4272.0,2.547297477722168,0.542565643787384,
535,0.9104437828063965,0.06402364373207092,4280.0,2.531574010848999,0.5416540503501892,
536,0.46626317501068115,0.7810441255569458,4288.0,2.5157523155212402,0.5408172607421875,
537,0.9152743816375732,0.06540873646736145,4296.0,2.5002830028533936,0.5400426387786865,
538,0.4611189365386963,0.7780860662460327,4304.0,2.4853804111480713,0.5393253564834595,
539,0.9192206263542175,0.0668218731880188,4312.0,2.4707882404327393,0.5386691689491272,
540,0.45676326751708984,0.7751326560974121,4320.0,2.4557554721832275,0.5380725860595703,
541,0.9233875274658203,0.06825661659240723,4328.0,2.4410932064056396,0.5375391840934753,
542,0.4526541829109192,0.7721951007843018,4336.0,2.4267258644104004,0.5370509624481201,
543,0.9280272126197815,0.06972882151603699,4344.0,2.412266492843628,0.5366231203079224,
544,0.44660353660583496,0.7692810297012329,4352.0,2.3985650539398193,0.5362412929534912,
545,0.9332720637321472,0.07122799754142761,4360.0,2.385406732559204,0.5359022617340088,
546,0.44202327728271484,0.7663711309432983,4368.0,2.371199131011963,0.5355934500694275,
547,0.9374829530715942,0.07275709509849548,4376.0,2.357581615447998,0.5353351831436157,
548,0.4371764659881592,0.7634842991828918,4384.0,2.3445708751678467,0.5351015329360962,
549,0.9412567615509033,0.07432332634925842,4392.0,2.331796407699585,0.5348892211914062,
550,0.43189537525177,0.7606320381164551,4400.0,2.318967580795288,0.5347028970718384,
551,0.9463708400726318,0.07590621709823608,4408.0,2.305971384048462,0.5345155596733093,
552,0.4272453188896179,0.757799506187439,4416.0,2.293241262435913,0.5343501567840576,
553,0.9512863159179688,0.07752183079719543,4424.0,2.280832529067993,0.5341864228248596,
554,0.4215737581253052,0.7549967765808105,4432.0,2.268845796585083,0.5340237021446228,
555,0.955565333366394,0.07916903495788574,4440.0,2.2565066814422607,0.5338541269302368,
556,0.4154703617095947,0.7522202134132385,4448.0,2.2449965476989746,0.5336660742759705,
557,0.960418701171875,0.08084088563919067,4456.0,2.2335400581359863,0.5334649682044983,
558,0.4113229513168335,0.7494864463806152,4464.0,2.221360206604004,0.5332463383674622,
559,0.9650975465774536,0.08253923058509827,4472.0,2.210052490234375,0.5330090522766113,
560,0.4059275984764099,0.7467880249023438,4480.0,2.198488473892212,0.5327264666557312,
561,0.9693121910095215,0.08426091074943542,4488.0,2.1876752376556396,0.5324214100837708,
562,0.3990832567214966,0.7441449165344238,4496.0,2.1765708923339844,0.5320698618888855,
563,0.9748077392578125,0.08600711822509766,4504.0,2.1657440662384033,0.5317004323005676,
564,0.3941507935523987,0.7415158748626709,4512.0,2.1551311016082764,0.5312803387641907,
565,0.9793475866317749,0.08776789903640747,4520.0,2.1439552307128906,0.5308095216751099,
566,0.3884809613227844,0.7389425039291382,4528.0,2.1338276863098145,0.530299961566925,
567,0.983597993850708,0.0895535945892334,4536.0,2.1232876777648926,0.5297443866729736,
568,0.38186371326446533,0.7364246845245361,4544.0,2.112895965576172,0.5291321873664856,
569,0.989093542098999,0.09135538339614868,4552.0,2.1027772426605225,0.5284761190414429,
570,0.3766999840736389,0.7339372634887695,4560.0,2.092346429824829,0.5277723670005798,
571,0.9925596714019775,0.09317505359649658,4568.0,2.082317352294922,0.5270218253135681,
572,0.3710145950317383,0.731502890586853,4576.0,2.0728461742401123,0.5262188911437988,
573,0.9980943202972412,0.0949888527393341,4584.0,2.0631985664367676,0.5253803730010986,
574,0.3646678328514099,0.7291285395622253,4592.0,2.0533201694488525,0.52449631690979,
575,1.003730058670044,0.09681910276412964,4600.0,2.0435683727264404,0.5235654711723328,
576,0.35802793502807617,0.7268027067184448,4608.0,2.0345335006713867,0.5225937366485596,
577,1.008289098739624,0.09865731000900269,4616.0,2.025538682937622,0.5215858817100525,
578,0.35217970609664917,0.7245237827301025,4624.0,2.016033172607422,0.5205474495887756,
579,1.012974500656128,0.10049694776535034,4632.0,2.0068206787109375,0.5194746851921082,
580,0.34559762477874756,0.722296953201294,4640.0,1.9981812238693237,0.5183790922164917,
581,1.0177322626113892,0.10233193635940552,4648.0,1.9895358085632324,0.5172604918479919,
582,0.3390035033226013,0.7201151847839355,4656.0,1.980423092842102,0.5161193609237671,
583,1.0232146978378296,0.10416066646575928,4664.0,1.9718481302261353,0.5149697065353394,
584,0.3326341509819031,0.7179823517799377,4672.0,1.963364839553833,0.5138042569160461,
585,1.0278972387313843,0.10598397254943848,4680.0,1.9549864530563354,0.512640118598938,
586,0.32554173469543457,0.715909481048584,4688.0,1.9467436075210571,0.5114695429801941,
587,1.0332447290420532,0.10779726505279541,4696.0,1.9384937286376953,0.5103073120117188,
588,0.31936103105545044,0.7138779759407043,4704.0,1.9303985834121704,0.5091490745544434,
589,1.038646936416626,0.10959762334823608,4712.0,1.921421766281128,0.5080106258392334,
590,0.3119822144508362,0.7118933796882629,4720.0,1.9133143424987793,0.5068759322166443,
591,1.0439338684082031,0.1113806962966919,4728.0,1.9060076475143433,0.5057775378227234,
592,0.3039618134498596,0.7099660038948059,4736.0,1.898301362991333,0.5047053694725037,
593,1.0486726760864258,0.11314564943313599,4744.0,1.8903367519378662,0.5036555528640747,
594,0.2976648211479187,0.708072304725647,4752.0,1.8824915885925293,0.502638578414917,
595,1.0538220405578613,0.11488384008407593,4760.0,1.8749792575836182,0.5016584396362305,
596,0.2907676100730896,0.7062256932258606,4768.0,1.8668677806854248,0.5007212162017822,
597,1.0595804452896118,0.1166003942489624,4776.0,1.8595865964889526,0.4998207092285156,
598,0.2820146679878235,0.7044183611869812,4784.0,1.8520476818084717,0.49897176027297974,
599,1.0654189586639404,0.11829483509063721,4792.0,1.8450803756713867,0.49815863370895386,
600,0.2746428847312927,0.702654242515564,4800.0,1.837927222251892,0.4974067807197571,
601,1.0704004764556885,0.11995607614517212,4808.0,1.8299177885055542,0.4966983199119568,
602,0.2669416069984436,0.7009206414222717,4816.0,1.8234363794326782,0.49604007601737976,
603,1.0752705335617065,0.12159162759780884,4824.0,1.8167438507080078,0.49542924761772156,
604,0.25859636068344116,0.699224591255188,4832.0,1.8101365566253662,0.4948650896549225,
605,1.080980658531189,0.123191237449646,4840.0,1.8036442995071411,0.49435490369796753,
606,0.2508525848388672,0.6975626945495605,4848.0,1.7966655492782593,0.49388641119003296,
607,1.0866589546203613,0.1247568130493164,4856.0,1.7895917892456055,0.49347665905952454,
608,0.24294370412826538,0.6959294080734253,4864.0,1.7821457386016846,0.4931100904941559,
609,1.0923070907592773,0.12628644704818726,4872.0,1.775456428527832,0.49278363585472107,
610,0.23370277881622314,0.6943143010139465,4880.0,1.7684916257858276,0.4925016462802887,
611,1.0980467796325684,0.1277761459350586,4888.0,1.7616658210754395,0.4922553598880768,
612,0.224517822265625,0.6927127838134766,4896.0,1.7556670904159546,0.492038756608963,
613,1.1036834716796875,0.12926292419433594,4904.0,1.749562382698059,0.4918610155582428,
614,0.21619093418121338,0.6911522150039673,4912.0,1.743535041809082,0.4917006194591522,
615,1.108772873878479,0.1306464970111847,4920.0,1.7373785972595215,0.4915650188922882,
616,0.20682966709136963,0.6896011829376221,4928.0,1.73067307472229,0.49144864082336426,
617,1.1143866777420044,0.1320328712463379,4936.0,1.7244386672973633,0.49135780334472656,
618,0.19853347539901733,0.6880645751953125,4944.0,1.718300461769104,0.4912741482257843,
619,1.1208810806274414,0.1333700716495514,4952.0,1.712433099746704,0.49119728803634644,
620,0.18866729736328125,0.6865310072898865,4960.0,1.707099437713623,0.4911201000213623,
621,1.1268298625946045,0.13467064499855042,4968.0,1.7018314599990845,0.4910377264022827,
622,0.17793262004852295,0.6850048303604126,4976.0,1.6965720653533936,0.4909564256668091,
623,1.1326202154159546,0.1359308362007141,4984.0,1.6904386281967163,0.49085062742233276,
624,0.16927796602249146,0.6834837794303894,4992.0,1.6837941408157349,0.4907403886318207,
625,1.1381349563598633,0.1371590495109558,5000.0,1.6764389276504517,0.490619033575058,
626,0.15915483236312866,0.6819748282432556,5008.0,1.6704431772232056,0.49048134684562683,
627,1.1444246768951416,0.13834935426712036,5016.0,1.6649866104125977,0.49031972885131836,
628,0.14801520109176636,0.6804519891738892,5024.0,1.659840703010559,0.4901255667209625,
629,1.1505030393600464,0.13950186967849731,5032.0,1.6553430557250977,0.48990270495414734,
630,0.1375521421432495,0.6789236664772034,5040.0,1.6499959230422974,0.4896450340747833,
631,1.1566534042358398,0.14062237739562988,5048.0,1.6440865993499756,0.4893479645252228,
632,0.12730896472930908,0.6773940920829773,5056.0,1.6387085914611816,0.48902371525764465,
633,1.1625654697418213,0.141709566116333,5064.0,1.6335911750793457,0.48866158723831177,
634,0.11593645811080933,0.6758512258529663,5072.0,1.6287471055984497,0.48825719952583313,
635,1.1690644025802612,0.14276599884033203,5080.0,1.6233675479888916,0.4878067970275879,
636,0.10486578941345215,0.6742960214614868,5088.0,1.618074893951416,0.4873235821723938,
637,1.175501823425293,0.1438038945198059,5096.0,1.6119577884674072,0.48679742217063904,
638,0.09302234649658203,0.6727290153503418,5104.0,1.6063785552978516,0.48623624444007874,
639,1.1818684339523315,0.14479485154151917,5112.0,1.6008151769638062,0.4856264889240265,
640,0.08073115348815918,0.6711475849151611,5120.0,1.5964698791503906,0.48498955368995667,
641,1.1884559392929077,0.14577531814575195,5128.0,1.5929527282714844,0.4843158423900604,
642,0.06888121366500854,0.6695446372032166,5136.0,1.5886650085449219,0.4836042523384094,
643,1.1948497295379639,0.14672765135765076,5144.0,1.583653450012207,0.48285335302352905,
644,0.0562359094619751,0.6679269075393677,5152.0,1.5779920816421509,0.4820675849914551,
645,1.202173113822937,0.14765915274620056,5160.0,1.5733938217163086,0.48126399517059326,
646,0.04301720857620239,0.6662809252738953,5168.0,1.56849205493927,0.48042985796928406,
647,1.2085251808166504,0.14858320355415344,5176.0,1.563485026359558,0.47957444190979004,
648,0.02963036298751831,0.664618968963623,5184.0,1.5581626892089844,0.47869643568992615,
649,1.2151391506195068,0.14948689937591553,5192.0,1.557295799255371,0.4778133034706116,
650,0.01653975248336792,0.6629341244697571,5200.0,1.5514535903930664,0.47691109776496887,
651,1.222369909286499,0.15038269758224487,5208.0,1.5467585325241089,0.4759964048862457,
652,0.0017157793045043945,0.6612206101417542,5216.0,1.541872262954712,0.47507622838020325,
653,1.2290886640548706,0.15126943588256836,5224.0,1.537682056427002,0.47415891289711,
654,-0.012256264686584473,0.659491240978241,5232.0,1.5328524112701416,0.4732339084148407,
655,1.2367039918899536,0.15214693546295166,5240.0,1.5285841226577759,0.47233569622039795,
656,-0.02671879529953003,0.6577355265617371,5248.0,1.5243709087371826,0.47143808007240295,
657,1.2434039115905762,0.15302228927612305,5256.0,1.5196747779846191,0.47055715322494507,
658,-0.042938947677612305,0.6559546589851379,5264.0,1.515790343284607,0.46968895196914673,
659,1.2509526014328003,0.15389782190322876,5272.0,1.511325478553772,0.46884381771087646,
660,-0.05831176042556763,0.6541554927825928,5280.0,1.5073211193084717,0.4680272936820984,
661,1.2586045265197754,0.15478098392486572,5288.0,1.5029760599136353,0.4672309160232544,
662,-0.07452017068862915,0.6523244380950928,5296.0,1.4983704090118408,0.4664740264415741,
663,1.265561580657959,0.15565943717956543,5304.0,1.494591474533081,0.4657430350780487,
664,-0.09148848056793213,0.6504848003387451,5312.0,1.4903002977371216,0.46504905819892883,
665,1.2732117176055908,0.15654897689819336,5320.0,1.4867074489593506,0.46439608931541443,
666,-0.10868895053863525,0.6486177444458008,5328.0,1.4826823472976685,0.4637724757194519,
667,1.281071662902832,0.15745556354522705,5336.0,1.4786362648010254,0.4632013738155365,
668,-0.12664794921875,0.6467323303222656,5344.0,1.4745137691497803,0.4626643657684326,
669,1.2890243530273438,0.15835046768188477,5352.0,1.470737338066101,0.4621734023094177,
670,-0.14501023292541504,0.6448280215263367,5360.0,1.466853141784668,0.46173590421676636,
671,1.2967519760131836,0.15929579734802246,5368.0,1.462781310081482,0.4613164961338043,
672,-0.1636088490486145,0.6429057121276855,5376.0,1.459594488143921,0.46094536781311035,
673,1.3051784038543701,0.16024476289749146,5384.0,1.4557459354400635,0.4606204032897949,
674,-0.18386447429656982,0.6409748792648315,5392.0,1.4517695903778076,0.46033182740211487,
675,1.313723087310791,0.16121286153793335,5400.0,1.4482206106185913,0.4600883722305298,
676,-0.20457470417022705,0.6390215158462524,5408.0,1.4443473815917969,0.45987945795059204,
677,1.3217332363128662,0.16219675540924072,5416.0,1.4408694505691528,0.45969900488853455,
678,-0.22486424446105957,0.6370595693588257,5424.0,1.437426209449768,0.4595562517642975,
679,1.3298683166503906,0.1632099151611328,5432.0,1.4336458444595337,0.45944076776504517,
680,-0.24651843309402466,0.6350917816162109,5440.0,1.4297994375228882,0.45935654640197754,
681,1.3391568660736084,0.16424167156219482,5448.0,1.4262073040008545,0.45928847789764404,
682,-0.26966238021850586,0.6331251859664917,5456.0,1.422683596611023,0.4592463970184326,
683,1.3481833934783936,0.1652987003326416,5464.0,1.419416904449463,0.45922067761421204,
684,-0.29360702633857727,0.6311476230621338,5472.0,1.4163331985473633,0.4592008888721466,
685,1.3573089838027954,0.16638636589050293,5480.0,1.412295937538147,0.4591991901397705,
686,-0.31760722398757935,0.6291676163673401,5488.0,1.4085930585861206,0.45920607447624207,
687,1.366122841835022,0.16749966144561768,5496.0,1.4056638479232788,0.4592169523239136,
688,-0.34320104122161865,0.6271951794624329,5504.0,1.4024479389190674,0.4592193067073822,
689,1.3756065368652344,0.16863977909088135,5512.0,1.3988416194915771,0.45922043919563293,
690,-0.3695201873779297,0.6252155900001526,5520.0,1.39549720287323,0.45920899510383606,
691,1.3861067295074463,0.16980135440826416,5528.0,1.3922231197357178,0.45919519662857056,
692,-0.3969059884548187,0.6232486963272095,5536.0,1.3888773918151855,0.45916181802749634,
693,1.3959993124008179,0.17100048065185547,5544.0,1.3856602907180786,0.459105908870697,
694,-0.42599794268608093,0.6212908029556274,5552.0,1.382838249206543,0.45904234051704407,
695,1.4059693813323975,0.17221605777740479,5560.0,1.3792531490325928,0.45894452929496765,
696,-0.45591890811920166,0.6193457841873169,5568.0,1.3765074014663696,0.4588257670402527,
697,1.4161821603775024,0.17346811294555664,5576.0,1.373378872871399,0.4586793780326843,
698,-0.4872278571128845,0.6174077391624451,5584.0,1.3698408603668213,0.458499550819397,
699,1.4273035526275635,0.17474400997161865,5592.0,1.3672910928726196,0.4582931101322174,
700,-0.5197646617889404,0.6154805421829224,5600.0,1.363701343536377,0.45805174112319946,
701,1.4378941059112549,0.17604762315750122,5608.0,1.3609760999679565,0.4577766954898834,
702,-0.553821861743927,0.6135804057121277,5616.0,1.3581491708755493,0.4574665129184723,
703,1.449432611465454,0.17737805843353271,5624.0,1.3549251556396484,0.4571208953857422,
704,-0.5900490283966064,0.6116973161697388,5632.0,1.3516966104507446,0.4567412734031677,
705,1.4616312980651855,0.1787264347076416,5640.0,1.3489840030670166,0.4563237726688385,
706,-0.6283126473426819,0.6098384857177734,5648.0,1.3462998867034912,0.45587512850761414,
707,1.4732468128204346,0.1801055669784546,5656.0,1.3431168794631958,0.4553911089897156,
708,-0.6676439046859741,0.6080116033554077,5664.0,1.3403352499008179,0.4548757076263428,
709,1.4855189323425293,0.1814945936203003,5672.0,1.3370474576950073,0.4543239176273346,
710,-0.7088959217071533,0.6061831712722778,5680.0,1.334004282951355,0.453748494386673,
711,1.4980790615081787,0.18291598558425903,5688.0,1.3319159746170044,0.45314401388168335,
712,-0.752952516078949,0.604394793510437,5696.0,1.3291547298431396,0.4525039494037628,
713,1.511533260345459,0.1843433976173401,5704.0,1.3255126476287842,0.4518495500087738,
714,-0.7991774678230286,0.6026360392570496,5712.0,1.323448657989502,0.45117515325546265,
715,1.5253819227218628,0.18579310178756714,5720.0,1.3210431337356567,0.45048490166664124,
716,-0.847838282585144,0.6009020805358887,5728.0,1.3173410892486572,0.4497711658477783,
717,1.5393998622894287,0.187252938747406,5736.0,1.3149163722991943,0.44904637336730957,
718,-0.8997623920440674,0.5992116332054138,5744.0,1.3120940923690796,0.4483087360858917,
719,1.5541534423828125,0.18872779607772827,5752.0,1.3098406791687012,0.44758161902427673,
720,-0.9549002647399902,0.5975341796875,5760.0,1.3076754808425903,0.4468476176261902,
721,1.569670557975769,0.1902141571044922,5768.0,1.304625153541565,0.4461039900779724,
722,-1.0127387046813965,0.595897376537323,5776.0,1.3017117977142334,0.44536706805229187,
723,1.5853725671768188,0.1917089819908142,5784.0,1.2993950843811035,0.44464099407196045,
724,-1.074791669845581,0.594294548034668,5792.0,1.2968016862869263,0.4439297616481781,
725,1.6015796661376953,0.19320762157440186,5800.0,1.294174075126648,0.4432280659675598,
726,-1.1406211853027344,0.5927137732505798,5808.0,1.2923768758773804,0.4425453841686249,
727,1.6199514865875244,0.19470912218093872,5816.0,1.2893563508987427,0.44188132882118225,
728,-1.21152663230896,0.5911760330200195,5824.0,1.286038875579834,0.4412443935871124,
729,1.6385431289672852,0.19620954990386963,5832.0,1.2844789028167725,0.4406239092350006,
730,-1.2879891395568848,0.5896630883216858,5840.0,1.282393455505371,0.44004026055336,
731,1.6582295894622803,0.19770550727844238,5848.0,1.2791953086853027,0.4394885003566742,
732,-1.3684353828430176,0.5881876945495605,5856.0,1.2769674062728882,0.4389584958553314,
733,1.6780849695205688,0.19921588897705078,5864.0,1.274387001991272,0.43847179412841797,
734,-1.4561952352523804,0.5867411494255066,5872.0,1.2719261646270752,0.43801942467689514,
735,1.699491024017334,0.2007083296775818,5880.0,1.2697550058364868,0.4375983774662018,
736,-1.5509185791015625,0.585320234298706,5888.0,1.2671986818313599,0.4372144937515259,
737,1.7234150171279907,0.2021937370300293,5896.0,1.2653313875198364,0.43686607480049133,
738,-1.6539325714111328,0.5839338302612305,5904.0,1.262803077697754,0.43655282258987427,
739,1.7476718425750732,0.20367199182510376,5912.0,1.2599949836730957,0.4362853467464447,
740,-1.765627145767212,0.5825666785240173,5920.0,1.2575628757476807,0.43605953454971313,
741,1.7738807201385498,0.2051410675048828,5928.0,1.2558432817459106,0.43585193157196045,
742,-1.8873651027679443,0.5812481641769409,5936.0,1.2535572052001953,0.4356902241706848,
743,1.8020915985107422,0.20659613609313965,5944.0,1.250788688659668,0.4355714023113251,
744,-2.021352767944336,0.5799457430839539,5952.0,1.249569058418274,0.43546006083488464,
745,1.8323147296905518,0.20804119110107422,5960.0,1.247262954711914,0.4353898763656616,
746,-2.168365478515625,0.5786737203598022,5968.0,1.2441145181655884,0.43534785509109497,
747,1.865532398223877,0.20947253704071045,5976.0,1.242656946182251,0.435335636138916,
748,-2.3317461013793945,0.577425479888916,5984.0,1.240870475769043,0.43534067273139954,
749,1.9022741317749023,0.21087932586669922,5992.0,1.2381433248519897,0.43536606431007385,
750,-2.513418197631836,0.5761922597885132,6000.0,1.2359539270401,0.4353976249694824,
751,1.9436302185058594,0.21228647232055664,6008.0,1.234027624130249,0.43545836210250854,
752,-2.7181568145751953,0.5749820470809937,6016.0,1.2317017316818237,0.4355320930480957,
753,1.9820003509521484,0.21366405487060547,6024.0,1.2305220365524292,0.4355967342853546,
754,-2.947381019592285,0.5738085508346558,6032.0,1.2279220819473267,0.4356713593006134,
755,2.0313720703125,0.21502482891082764,6040.0,1.2254645824432373,0.4357586205005646,
756,-3.2086071968078613,0.5726519227027893,6048.0,1.2238819599151611,0.4358353614807129,
757,2.0860395431518555,0.21636664867401123,6056.0,1.2215731143951416,0.435907781124115,
758,-3.5082592964172363,0.5715145468711853,6064.0,1.2195358276367188,0.4359695017337799,
759,2.148090124130249,0.21769750118255615,6072.0,1.2175116539001465,0.4360200762748718,
760,-3.856342077255249,0.5703991055488586,6080.0,1.2154409885406494,0.4360666573047638,
761,2.2177822589874268,0.21900177001953125,6088.0,1.214087724685669,0.43608957529067993,
762,-4.262935638427734,0.569322407245636,6096.0,1.2117414474487305,0.43608611822128296,
763,2.2995948791503906,0.22029554843902588,6104.0,1.2094950675964355,0.4360734820365906,
764,-4.748134613037109,0.5682737827301025,6112.0,1.2074999809265137,0.436039537191391,
765,2.3960509300231934,0.22156500816345215,6120.0,1.2060647010803223,0.4359634816646576,
766,-5.337133407592773,0.5672503709793091,6128.0,1.2039191722869873,0.43586912751197815,
767,2.511533260345459,0.22282004356384277,6136.0,1.2015479803085327,0.43575647473335266,
768,-6.062356472015381,0.5662720203399658,6144.0,1.2001137733459473,0.43559733033180237,
769,2.6505889892578125,0.2240620255470276,6152.0,1.198337435722351,0.4354143440723419,
770,-6.979541301727295,0.5653579831123352,6160.0,1.1956517696380615,0.435205340385437,
771,2.8253421783447266,0.22528034448623657,6168.0,1.194277286529541,0.4349577724933624,
772,-8.178574562072754,0.5645492672920227,6176.0,1.1927698850631714,0.43467530608177185,
773,3.0539817810058594,0.22647830843925476,6184.0,1.1915373802185059,0.4343741834163666,
774,-9.81306266784668,0.5638600587844849,6192.0,1.1888456344604492,0.4340265691280365,
775,3.362957000732422,0.2276766300201416,6200.0,1.1882272958755493,0.43365898728370667,
776,-12.174742698669434,0.5634093284606934,6208.0,1.1865061521530151,0.4332592785358429,
777,3.8076725006103516,0.22885805368423462,6216.0,1.1827892065048218,0.43281835317611694,
778,-15.88568115234375,0.563387393951416,6224.0,1.1826002597808838,0.4323822855949402,
779,4.502025604248047,0.23003077507019043,6232.0,1.1805815696716309,0.431894987821579,
780,-22.56282615661621,0.5643273591995239,6240.0,1.1804120540618896,0.43139758706092834,
781,5.745494842529297,0.23119735717773438,6248.0,1.1760599613189697,0.43086934089660645,
782,-38.142539978027344,0.5681360960006714,6256.0,1.173802137374878,0.43031978607177734,
783,8.640941619873047,0.23236215114593506,6264.0,1.1742063760757446,0.4297645688056946,
784,-116.03666687011719,0.5921187400817871,6272.0,1.1722211837768555,0.4291948676109314,
785,23.086069107055664,0.23355013132095337,6280.0,1.1704810857772827,0.4286080300807953,
786,117.64244842529297,0.5151690244674683,6288.0,1.167818307876587,0.42800599336624146,
787,-20.224870681762695,0.2345704436302185,6296.0,1.1658694744110107,0.4274178743362427,
788,39.74686813354492,0.5391426086425781,6304.0,1.1645925045013428,0.426816463470459,
789,-5.778374671936035,0.23575592041015625,6312.0,1.1631340980529785,0.42621904611587524,
790,24.166053771972656,0.5429181456565857,6320.0,1.1632755994796753,0.42562878131866455,
791,-2.8818845748901367,0.23690581321716309,6328.0,1.1615684032440186,0.4250330626964569,
792,17.486042022705078,0.5437986850738525,6336.0,1.1572321653366089,0.4244559705257416,
793,-1.6389808654785156,0.23805785179138184,6344.0,1.1551158428192139,0.4238937199115753,
794,13.775886535644531,0.5437101125717163,6352.0,1.1565194129943848,0.4233408570289612,
795,-0.9454412460327148,0.23920750617980957,6360.0,1.1550922393798828,0.4228004515171051,
796,11.41486930847168,0.5431718826293945,6368.0,1.1521629095077515,0.42229247093200684,
797,-0.5017561912536621,0.24035722017288208,6376.0,1.1495457887649536,0.42180100083351135,
798,9.77981948852539,0.542391836643219,6384.0,1.1495585441589355,0.4213440716266632,
799,-0.19252729415893555,0.24151653051376343,6392.0,1.148294448852539,0.4208955764770508,
800,8.581879615783691,0.5414714217185974,6400.0,1.1470346450805664,0.42048025131225586,
801,0.03742027282714844,0.24267297983169556,6408.0,1.1442835330963135,0.420106440782547,
802,7.663876533508301,0.5404580235481262,6416.0,1.1436774730682373,0.4197433888912201,
803,0.21611976623535156,0.24384599924087524,6424.0,1.1413791179656982,0.41943928599357605,
804,6.938112735748291,0.5393837094306946,6432.0,1.1402084827423096,0.419152170419693,
805,0.3579435348510742,0.24504023790359497,6440.0,1.1387007236480713,0.4189039170742035,
806,6.350254058837891,0.5382471084594727,6448.0,1.1353106498718262,0.4186725914478302,
807,0.4738025665283203,0.24624836444854736,6456.0,1.1350734233856201,0.41850948333740234,
808,5.864205360412598,0.537082314491272,6464.0,1.1328022480010986,0.4183579683303833,
809,0.5705580711364746,0.24746978282928467,6472.0,1.1310890913009644,0.4182726740837097,
810,5.455497741699219,0.5358898639678955,6480.0,1.135637640953064,0.41811251640319824,
811,0.6523685455322266,0.2487054467201233,6488.0,1.132347822189331,0.4180796146392822,
812,5.108371734619141,0.5346759557723999,6496.0,1.1285065412521362,0.4180591404438019,
813,0.7234177589416504,0.2499544620513916,6504.0,1.1274235248565674,0.41805437207221985,
814,4.8086256980896,0.5334522128105164,6512.0,1.1267659664154053,0.41808000206947327,
815,0.7859611511230469,0.25121474266052246,6520.0,1.1260730028152466,0.4181273579597473,
816,4.547671318054199,0.53221595287323,6528.0,1.1239802837371826,0.41819608211517334,
817,0.8413276672363281,0.2524924874305725,6536.0,1.121798038482666,0.418280690908432,
818,4.317866325378418,0.5309869050979614,6544.0,1.1210318803787231,0.41835546493530273,
819,0.8920540809631348,0.2537873387336731,6552.0,1.1197099685668945,0.4185034930706024,
820,4.113338470458984,0.5297613739967346,6560.0,1.120959758758545,0.4186328053474426,
821,0.9367852210998535,0.2551093101501465,6568.0,1.1184529066085815,0.41877061128616333,
822,3.9309792518615723,0.5285402536392212,6576.0,1.1141315698623657,0.4189070165157318,
823,0.9777910709381104,0.2564396262168884,6584.0,1.1098352670669556,0.4190404713153839,
824,3.767706871032715,0.5273139476776123,6592.0,1.1130183935165405,0.4192362129688263,
825,1.01527738571167,0.2577900290489197,6600.0,1.1128650903701782,0.419346421957016,
826,3.6198084354400635,0.5261061191558838,6608.0,1.112316608428955,0.4194953739643097,
827,1.0497517585754395,0.25915902853012085,6616.0,1.1105297803878784,0.4196004867553711,
828,3.4860177040100098,0.5249087810516357,6624.0,1.1085920333862305,0.41972845792770386,
829,1.0818610191345215,0.26054316759109497,6632.0,1.107403039932251,0.41984981298446655,
830,3.3640856742858887,0.5237307548522949,6640.0,1.1064735651016235,0.4199202358722687,
831,1.1119871139526367,0.2619292736053467,6648.0,1.1049381494522095,0.41998735070228577,
832,3.2518012523651123,0.5225696563720703,6656.0,1.10344660282135,0.4200418293476105,
833,1.140540599822998,0.2633402943611145,6664.0,1.1037395000457764,0.42006349563598633,
834,3.149585247039795,0.5214288830757141,6672.0,1.0988860130310059,0.4200650453567505,
835,1.1672768592834473,0.26475775241851807,6680.0,1.0998610258102417,0.42006146907806396,
836,3.0543997287750244,0.5203089714050293,6688.0,1.1013755798339844,0.4200241267681122,
837,1.1938471794128418,0.2661716938018799,6696.0,1.0948410034179688,0.41992267966270447,
838,2.965576410293579,0.5192174911499023,6704.0,1.1036028861999512,0.41987133026123047,
839,1.2186470031738281,0.2676210403442383,6712.0,1.0937694311141968,0.41969406604766846,
840,2.8829848766326904,0.5181511640548706,6720.0,1.1043280363082886,0.4195915758609772,
841,1.2410671710968018,0.26906442642211914,6728.0,1.09530770778656,0.4193398952484131,
842,2.806577444076538,0.5171141028404236,6736.0,1.0931042432785034,0.41913747787475586,
843,1.2629036903381348,0.27052003145217896,6744.0,1.0898256301879883,0.4188888967037201,
844,2.734447717666626,0.516106367111206,6752.0,1.0896201133728027,0.41862329840660095,
845,1.2830719947814941,0.27197265625,6760.0,1.0890363454818726,0.41833436489105225,
846,2.6697568893432617,0.5151177644729614,6768.0,1.0896464586257935,0.4179900288581848,
847,1.3022956848144531,0.2734413743019104,6776.0,1.0876293182373047,0.4176647365093231,
848,2.6065597534179688,0.5141542553901672,6784.0,1.0856244564056396,0.4172934591770172,
849,1.323941946029663,0.2748810052871704,6792.0,1.0839006900787354,0.41690126061439514,
850,2.5485711097717285,0.5132296085357666,6800.0,1.0824060440063477,0.41648417711257935,
851,1.341961145401001,0.2763313055038452,6808.0,1.0844521522521973,0.41607365012168884,
852,2.4920737743377686,0.5123312473297119,6816.0,1.0816155672073364,0.4156293570995331,
853,1.361609935760498,0.277768611907959,6824.0,1.0797678232192993,0.4151729643344879,
854,2.44050669670105,0.5114671587944031,6832.0,1.079033613204956,0.4147054851055145,
855,1.378645420074463,0.2791993021965027,6840.0,1.0792291164398193,0.4142375886440277,
856,2.390739917755127,0.510630190372467,6848.0,1.0783166885375977,0.4137602746486664,
857,1.3963027000427246,0.28061819076538086,6856.0,1.075449824333191,0.4132770895957947,
858,2.344259023666382,0.5098227858543396,6864.0,1.0755137205123901,0.4127987027168274,
859,1.4138343334197998,0.28201550245285034,6872.0,1.075063705444336,0.4123218357563019,
860,2.2991838455200195,0.509045422077179,6880.0,1.0734689235687256,0.411843866109848,
861,1.4302526712417603,0.28340378403663635,6888.0,1.0724689960479736,0.411383718252182,
862,2.257221221923828,0.5082992911338806,6896.0,1.071392297744751,0.4109311103820801,
863,1.4470566511154175,0.28476056456565857,6904.0,1.0716928243637085,0.4104825258255005,
864,2.2169814109802246,0.5075715184211731,6912.0,1.0694875717163086,0.4100581705570221,
865,1.4631454944610596,0.2861092984676361,6920.0,1.0693715810775757,0.4096488058567047,
866,2.1780097484588623,0.5068661570549011,6928.0,1.0689998865127563,0.40925824642181396,
867,1.4792193174362183,0.28742101788520813,6936.0,1.0668601989746094,0.4088931679725647,
868,2.141582727432251,0.5061851143836975,6944.0,1.065367579460144,0.4085492491722107,
869,1.4942595958709717,0.288705050945282,6952.0,1.0655125379562378,0.40822580456733704,
870,2.106509208679199,0.5055319666862488,6960.0,1.0652055740356445,0.40793099999427795,
871,1.5093631744384766,0.28997373580932617,6968.0,1.0636086463928223,0.4076635539531708,
872,2.073538303375244,0.5048885345458984,6976.0,1.0618146657943726,0.4074248671531677,
873,1.5249416828155518,0.2911994159221649,6984.0,1.0608429908752441,0.40721768140792847,
874,2.0413601398468018,0.5042682886123657,6992.0,1.0601022243499756,0.407039612531662,
875,1.540027141571045,0.2923993468284607,7000.0,1.0593189001083374,0.40689170360565186,
876,2.0103559494018555,0.5036563277244568,7008.0,1.0590265989303589,0.4067690968513489,
877,1.555029034614563,0.2935596704483032,7016.0,1.0586739778518677,0.40668073296546936,
878,1.9811943769454956,0.5030571818351746,7024.0,1.0588408708572388,0.40661489963531494,
879,1.569697618484497,0.29469034075737,7032.0,1.0563721656799316,0.4065834581851959,
880,1.9516106843948364,0.5024592876434326,7040.0,1.055315375328064,0.4065825939178467,
881,1.5843639373779297,0.2957790195941925,7048.0,1.0552343130111694,0.4066125154495239,
882,1.9248696565628052,0.5018753409385681,7056.0,1.0540087223052979,0.40666839480400085,
883,1.5984268188476562,0.29683658480644226,7064.0,1.0539541244506836,0.4067288339138031,
884,1.8984910249710083,0.5012863874435425,7072.0,1.0530445575714111,0.40682750940322876,
885,1.6125264167785645,0.2978542447090149,7080.0,1.0518808364868164,0.40694496035575867,
886,1.873173475265503,0.500699520111084,7088.0,1.0510698556900024,0.4070829749107361,
887,1.6270995140075684,0.2988355755805969,7096.0,1.0503348112106323,0.4072376787662506,
888,1.8485013246536255,0.5001028776168823,7104.0,1.049881935119629,0.4074070155620575,
889,1.6411999464035034,0.29978087544441223,7112.0,1.049281358718872,0.4075870215892792,
890,1.8245601654052734,0.4995022416114807,7120.0,1.0481846332550049,0.40777766704559326,
891,1.6550713777542114,0.3006811738014221,7128.0,1.0468780994415283,0.4079749584197998,
892,1.8019126653671265,0.4988880753517151,7136.0,1.0470436811447144,0.40817615389823914,
893,1.6692922115325928,0.30155473947525024,7144.0,1.046402931213379,0.4083905816078186,
894,1.779884934425354,0.49826258420944214,7152.0,1.045961618423462,0.4085961878299713,
895,1.683436632156372,0.302379846572876,7160.0,1.0443545579910278,0.40880200266838074,
896,1.7582271099090576,0.497616171836853,7168.0,1.0433752536773682,0.4090045094490051,
897,1.697347640991211,0.3031812608242035,7176.0,1.04325532913208,0.40920019149780273,
898,1.7375919818878174,0.4969511032104492,7184.0,1.0423541069030762,0.40937623381614685,
899,1.7107455730438232,0.30394697189331055,7192.0,1.041544795036316,0.40956011414527893,
900,1.7178162336349487,0.49626022577285767,7200.0,1.040732502937317,0.40971916913986206,
901,1.7248495817184448,0.30468249320983887,7208.0,1.0402264595031738,0.40987083315849304,
902,1.6983364820480347,0.4955402612686157,7216.0,1.0395208597183228,0.40999993681907654,
903,1.7389492988586426,0.30538201332092285,7224.0,1.0384739637374878,0.41011059284210205,
904,1.6791322231292725,0.4947858452796936,7232.0,1.0379319190979004,0.4101996123790741,
905,1.7528361082077026,0.30606144666671753,7240.0,1.0382750034332275,0.4102831780910492,
906,1.6608238220214844,0.49400949478149414,7248.0,1.0368852615356445,0.4103201627731323,
907,1.766465425491333,0.3067198097705841,7256.0,1.0359632968902588,0.4103453755378723,
908,1.6427677869796753,0.4931945204734802,7264.0,1.0358785390853882,0.41034996509552,
909,1.7806473970413208,0.3073517382144928,7272.0,1.0349202156066895,0.41032567620277405,
910,1.6254444122314453,0.492348313331604,7280.0,1.0340206623077393,0.4102599024772644,
911,1.7948167324066162,0.30796170234680176,7288.0,1.0340430736541748,0.41019728779792786,
912,1.6088459491729736,0.4914640784263611,7296.0,1.033406376838684,0.41010117530822754,
913,1.8085277080535889,0.3085566461086273,7304.0,1.0323634147644043,0.40996986627578735,
914,1.5918421745300293,0.49053823947906494,7312.0,1.031781554222107,0.4098266065120697,
915,1.8229964971542358,0.3091505169868469,7320.0,1.0314562320709229,0.4096449911594391,
916,1.5760364532470703,0.4895712733268738,7328.0,1.0312384366989136,0.40944814682006836,
917,1.8369333744049072,0.30972200632095337,7336.0,1.0304940938949585,0.40922921895980835,
918,1.5599452257156372,0.48855406045913696,7344.0,1.0291086435317993,0.40898218750953674,
919,1.8507498502731323,0.3103034198284149,7352.0,1.0294017791748047,0.40871623158454895,
920,1.5446834564208984,0.4875074625015259,7360.0,1.0289418697357178,0.40843698382377625,
921,1.8654991388320923,0.31087562441825867,7368.0,1.0278446674346924,0.4081352651119232,
922,1.5296213626861572,0.48641037940979004,7376.0,1.0269852876663208,0.4078156352043152,
923,1.8795108795166016,0.311451256275177,7384.0,1.0269087553024292,0.40748822689056396,
924,1.51470947265625,0.485260009765625,7392.0,1.026495337486267,0.40714937448501587,
925,1.8937759399414062,0.3120298385620117,7400.0,1.0257960557937622,0.40679416060447693,
926,1.5007901191711426,0.4840913414955139,7408.0,1.0253468751907349,0.4064443111419678,
927,1.9078409671783447,0.3126285672187805,7416.0,1.0244446992874146,0.4060748517513275,
928,1.4861818552017212,0.4828674793243408,7424.0,1.023942470550537,0.4057006239891052,
929,1.9221854209899902,0.31323984265327454,7432.0,1.0236427783966064,0.4053333103656769,
930,1.47255539894104,0.48161762952804565,7440.0,1.023294448852539,0.4049571454524994,
931,1.9368492364883423,0.31386691331863403,7448.0,1.0225589275360107,0.40459150075912476,
932,1.459370732307434,0.4803128242492676,7456.0,1.0222464799880981,0.40422993898391724,
933,1.9510265588760376,0.31451132893562317,7464.0,1.0213918685913086,0.40387922525405884,
934,1.4461944103240967,0.478973388671875,7472.0,1.0211681127548218,0.40353643894195557,
935,1.966233491897583,0.31518957018852234,7480.0,1.021290898323059,0.403199702501297,
936,1.4333784580230713,0.47760456800460815,7488.0,1.0201976299285889,0.40287795662879944,
937,1.9805665016174316,0.31589287519454956,7496.0,1.0198285579681396,0.4025796353816986,
938,1.420046091079712,0.47620242834091187,7504.0,1.0192736387252808,0.4022922217845917,
939,1.9952937364578247,0.31663522124290466,7512.0,1.0185898542404175,0.40202197432518005,
940,1.407847285270691,0.47476494312286377,7520.0,1.0190722942352295,0.4017714262008667,
941,2.0102739334106445,0.31740880012512207,7528.0,1.0182266235351562,0.4015442132949829,
942,1.3956081867218018,0.4733036756515503,7536.0,1.0176178216934204,0.4013441205024719,
943,2.025095224380493,0.31821513175964355,7544.0,1.0170718431472778,0.4011663794517517,
944,1.3835153579711914,0.47181838750839233,7552.0,1.016940951347351,0.40100523829460144,
945,2.0402965545654297,0.319067120552063,7560.0,1.0159779787063599,0.4008786380290985,
946,1.3719161748886108,0.4703110456466675,7568.0,1.0159310102462769,0.4007813334465027,
947,2.055511236190796,0.3199629783630371,7576.0,1.0159425735473633,0.40069565176963806,
948,1.3607138395309448,0.46879976987838745,7584.0,1.0150995254516602,0.4006423354148865,
949,2.0709869861602783,0.32090622186660767,7592.0,1.0143330097198486,0.4006158709526062,
950,1.3491106033325195,0.4672579765319824,7600.0,1.0142322778701782,0.40061941742897034,
951,2.0865347385406494,0.32189589738845825,7608.0,1.0138832330703735,0.40064284205436707,
952,1.337141990661621,0.4657171368598938,7616.0,1.0137712955474854,0.4006911516189575,
953,2.102159261703491,0.32293224334716797,7624.0,1.0132482051849365,0.40077173709869385,
954,1.326641321182251,0.4641650319099426,7632.0,1.012442946434021,0.40086305141448975,
955,2.117361545562744,0.3240208029747009,7640.0,1.0123100280761719,0.4009867012500763,
956,1.3158667087554932,0.46261388063430786,7648.0,1.011767864227295,0.40113380551338196,
957,2.133326768875122,0.32514894008636475,7656.0,1.0116268396377563,0.4012915790081024,
958,1.3050756454467773,0.46107712388038635,7664.0,1.0116735696792603,0.4014717638492584,
959,2.1500399112701416,0.32634228467941284,7672.0,1.011235237121582,0.401665598154068,
960,1.2941237688064575,0.45953842997550964,7680.0,1.010303258895874,0.4018782675266266,
961,2.1657238006591797,0.3275839686393738,7688.0,1.0101779699325562,0.40210288763046265,
962,1.283491611480713,0.4580141305923462,7696.0,1.0103970766067505,0.4023457169532776,
963,2.181812286376953,0.32887279987335205,7704.0,1.0096831321716309,0.40257489681243896,
964,1.27370285987854,0.4565017819404602,7712.0,1.0095287561416626,0.40282994508743286,
965,2.1983165740966797,0.33021610975265503,7720.0,1.0092921257019043,0.4030902683734894,
966,1.2633856534957886,0.45502835512161255,7728.0,1.0091197490692139,0.40334823727607727,
967,2.2149834632873535,0.33159786462783813,7736.0,1.0088614225387573,0.4036082625389099,
968,1.2531472444534302,0.4535652995109558,7744.0,1.0082066059112549,0.40386953949928284,
969,2.231982946395874,0.3330317735671997,7752.0,1.008130669593811,0.4041212797164917,
970,1.2431559562683105,0.45214134454727173,7760.0,1.0079141855239868,0.4043760299682617,
971,2.2492339611053467,0.3345077633857727,7768.0,1.0076935291290283,0.4046255648136139,
972,1.2331469058990479,0.45074570178985596,7776.0,1.0073009729385376,0.4048541486263275,
973,2.266035556793213,0.3360323905944824,7784.0,1.0077853202819824,0.4050852656364441,
974,1.2233283519744873,0.44938793778419495,7792.0,1.0171468257904053,0.40532514452934265,
975,2.283039093017578,0.3375948667526245,7800.0,1.007126808166504,0.4054950475692749,
976,1.2136961221694946,0.4480694830417633,7808.0,1.006432056427002,0.4056774377822876,
977,2.3005735874176025,0.33918631076812744,7816.0,1.0054211616516113,0.40584027767181396,
978,1.2046034336090088,0.44679298996925354,7824.0,1.0048151016235352,0.40600013732910156,
979,2.3182826042175293,0.3408103585243225,7832.0,1.004504680633545,0.40612736344337463,
980,1.1947156190872192,0.44557076692581177,7840.0,1.0047849416732788,0.4062440097332001,
981,2.336185932159424,0.3424718379974365,7848.0,1.0048748254776,0.4063364267349243,
982,1.1849472522735596,0.444393128156662,7856.0,1.0046288967132568,0.40640658140182495,
983,2.354457378387451,0.3441585898399353,7864.0,1.0045585632324219,0.4064588248729706,
984,1.176125168800354,0.44326698780059814,7872.0,1.0041446685791016,0.4064830243587494,
985,2.3721461296081543,0.3458592891693115,7880.0,1.0036507844924927,0.4064815938472748,
986,1.166643500328064,0.44219473004341125,7888.0,1.0040100812911987,0.40646204352378845,
987,2.390824317932129,0.34758490324020386,7896.0,1.0037024021148682,0.4064212739467621,
988,1.157387137413025,0.4411889314651489,7904.0,1.0036729574203491,0.4063585698604584,
989,2.409834861755371,0.349312961101532,7912.0,1.0039750337600708,0.40627506375312805,
990,1.1483205556869507,0.4402170181274414,7920.0,1.0032174587249756,0.4061652421951294,
991,2.42802095413208,0.35106098651885986,7928.0,1.0025551319122314,0.4060273766517639,
992,1.1393862962722778,0.4393080174922943,7936.0,1.0022717714309692,0.40587788820266724,
993,2.4475061893463135,0.35280340909957886,7944.0,1.002945899963379,0.40571337938308716,
994,1.130596399307251,0.43846505880355835,7952.0,1.003373622894287,0.4055325388908386,
995,2.4668827056884766,0.354550302028656,7960.0,1.0030722618103027,0.4053240418434143,
996,1.1213829517364502,0.4376753568649292,7968.0,1.002570629119873,0.40510061383247375,
997,2.4862613677978516,0.35628747940063477,7976.0,1.0016601085662842,0.4048599600791931,
998,1.112910509109497,0.43693894147872925,7984.0,1.001632571220398,0.40461474657058716,
999,2.5058929920196533,0.3580138087272644,7992.0,1.0016136169433594,0.4043515622615814,
1000,1.1035972833633423,0.4362596571445465,8000.0,1.0025640726089478,0.40409013628959656,
1001,2.5262415409088135,0.35972046852111816,8008.0,1.0029979944229126,0.40381190180778503,
1002,1.0953290462493896,0.43563804030418396,8016.0,1.001603126525879,0.40352606773376465,
1003,2.5467677116394043,0.36140692234039307,8024.0,1.000338077545166,0.403229683637619,
1004,1.086282730102539,0.4350650906562805,8032.0,1.0004788637161255,0.40293195843696594,
1005,2.567051887512207,0.36307066679000854,8040.0,1.0028393268585205,0.4026467800140381,
1006,1.077049970626831,0.4345420300960541,8048.0,1.0057142972946167,0.4023595154285431,
1007,2.5884604454040527,0.364698588848114,8056.0,1.0087823867797852,0.40209275484085083,
1008,1.0692086219787598,0.4340631067752838,8064.0,1.0092589855194092,0.4018169045448303,
1009,2.6090500354766846,0.36629563570022583,8072.0,1.0066629648208618,0.40154460072517395,
1010,1.0603076219558716,0.4336273670196533,8080.0,1.0018770694732666,0.4012701213359833,
1011,2.6306166648864746,0.36785656213760376,8088.0,0.9980420470237732,0.4009964168071747,
1012,1.0519452095031738,0.43322983384132385,8096.0,0.9965566396713257,0.4007457196712494,
1013,2.653151750564575,0.3693693280220032,8104.0,0.9978891015052795,0.4005056321620941,
1014,1.0429586172103882,0.43287938833236694,8112.0,0.9997207522392273,0.40028712153434753,
1015,2.6744132041931152,0.3708391487598419,8120.0,1.0008031129837036,0.40009036660194397,
1016,1.0344455242156982,0.43255680799484253,8128.0,1.0009546279907227,0.39990562200546265,
1017,2.697150230407715,0.3722600042819977,8136.0,0.9993077516555786,0.39973706007003784,
1018,1.0261316299438477,0.4322577714920044,8144.0,0.998100996017456,0.39958876371383667,
1019,2.71975040435791,0.3736271858215332,8152.0,0.9984089732170105,0.3994647264480591,
1020,1.0171831846237183,0.43198058009147644,8160.0,0.999440610408783,0.3993615508079529,
1021,2.743022918701172,0.37493863701820374,8168.0,1.0003513097763062,0.39928388595581055,
1022,1.008981704711914,0.4317300617694855,8176.0,1.0005385875701904,0.39923295378685,
1023,2.7661564350128174,0.37619850039482117,8184.0,1.0003352165222168,0.3991895616054535,
1024,0.9997792840003967,0.4314805269241333,1.4349296274686127e-42,3.3198273181915283,0.0,
1025,2.789700508117676,0.37739700078964233,3.869158022830791e-34,3.296326160430908,8.0,
1026,0.9915324449539185,0.43124818801879883,3.858242455757452e-34,3.301068067550659,16.0,
1027,2.8139162063598633,0.3785390257835388,2.5223372357846707e-42,3.30983567237854,24.0,
1028,0.982853889465332,0.4310111999511719,2.8698592549372254e-42,3.3211655616760254,32.0,
1029,2.838160276412964,0.37961745262145996,3.9013077933257805e-34,3.3388075828552246,40.0,
1030,0.9740879535675049,0.4307771921157837,-1.4482814073562622,3.356311082839966,48.0,
1031,2.8633222579956055,0.3806394934654236,-1.8474597930908203,3.37715744972229,56.0,
1032,0.9663330912590027,0.43053627014160156,-1.5297555923461914,3.3986976146698,64.0,
1033,2.88820743560791,0.38159894943237305,-1.7554824352264404,3.4286677837371826,72.0,
1034,0.9573405981063843,0.43027687072753906,-1.6081571578979492,3.4602389335632324,80.0,
1035,2.9139130115509033,0.38249671459198,-1.661562442779541,3.4914774894714355,88.0,
1036,0.9479996562004089,0.4299994707107544,-1.6849473714828491,3.5275604724884033,96.0,
1037,2.9400620460510254,0.3833460211753845,-1.5636589527130127,3.565303087234497,104.0,
1038,0.9400101900100708,0.42968881130218506,-1.7573397159576416,3.606306552886963,112.0,
1039,2.965771436691284,0.38413140177726746,-1.4635529518127441,3.65006160736084,120.0,
1040,0.9317026138305664,0.4293617010116577,-1.827117681503296,3.6936049461364746,128.0,
1041,2.9925177097320557,0.3848644196987152,-1.3636938333511353,3.74229097366333,136.0,
1042,0.922468900680542,0.42899876832962036,-1.8912709951400757,3.7905051708221436,144.0,
1043,3.020839214324951,0.3855527937412262,-1.2606816291809082,3.841501235961914,152.0,
1044,0.9138491153717041,0.4285827875137329,-1.951743721961975,3.8947675228118896,160.0,
1045,3.047966718673706,0.38619154691696167,-1.1562583446502686,3.9497873783111572,168.0,
1046,0.9051589369773865,0.42813003063201904,-2.0087380409240723,4.003250598907471,176.0,
1047,3.075653553009033,0.38678014278411865,-1.0450711250305176,4.060218811035156,184.0,
1048,0.8963372111320496,0.4276273250579834,-2.063884973526001,4.1162214279174805,192.0,
1049,3.1049747467041016,0.3873337209224701,-0.9373842477798462,4.183592796325684,200.0,
1050,0.8877664804458618,0.42707908153533936,-2.1146903038024902,4.240874290466309,208.0,
1051,3.1343297958374023,0.3878486752510071,-0.826904833316803,4.299820423126221,216.0,
1052,0.8785867691040039,0.4264655113220215,-2.159606456756592,4.362797737121582,224.0,
1053,3.1635990142822266,0.3883326053619385,-0.7139934301376343,4.424744606018066,232.0,
1054,0.8693466782569885,0.4257991313934326,-2.20196795463562,4.488688945770264,240.0,
1055,3.19425106048584,0.38879919052124023,-0.6004812717437744,4.551126003265381,248.0,
1056,0.8614643812179565,0.42506736516952515,-2.240009307861328,4.615323066711426,256.0,
1057,3.224977970123291,0.38923221826553345,-0.4833940863609314,4.67742919921875,264.0,
1058,0.851954460144043,0.42427289485931396,-2.2742486000061035,4.7409257888793945,272.0,
1059,3.256270408630371,0.3896608352661133,-0.367450475692749,4.806939601898193,280.0,
1060,0.8424994349479675,0.42341530323028564,-2.3047590255737305,4.869412422180176,288.0,
1061,3.2880091667175293,0.39008480310440063,-0.25000929832458496,4.931474685668945,296.0,
1062,0.8339885473251343,0.42248499393463135,-2.3295047283172607,4.993043899536133,304.0,
1063,3.31996488571167,0.39049065113067627,-0.1318424940109253,5.05720329284668,312.0,
1064,0.8243095278739929,0.4214940667152405,-2.352238178253174,5.120031833648682,320.0,
1065,3.3540396690368652,0.3909107446670532,-0.012774601578712463,5.179829120635986,328.0,
1066,0.8147587776184082,0.4204394817352295,-2.369102954864502,5.240873336791992,336.0,
1067,3.387986660003662,0.3913348615169525,0.10725848376750946,5.301106929779053,344.0,
1068,0.8054469227790833,0.4193040728569031,-2.382117748260498,5.360225200653076,352.0,
1069,3.4216959476470947,0.3917754888534546,0.22945445775985718,5.417870998382568,360.0,
1070,0.796606719493866,0.418115496635437,-2.3914809226989746,5.474599838256836,368.0,
1071,3.456939697265625,0.3922359347343445,0.35032719373703003,5.531910419464111,376.0,
1072,0.7860413193702698,0.4168596863746643,-2.3976082801818848,5.5866379737854,384.0,
1073,3.4928078651428223,0.3927333950996399,0.4678020179271698,5.638874053955078,392.0,
1074,0.7768255472183228,0.4155402183532715,-2.3956778049468994,1049.3638916015625,400.0,
1075,3.5293452739715576,0.39325737953186035,0.5919151306152344,5.7414374351501465,408.0,
1076,0.7675783038139343,0.4141641855239868,-2.391387462615967,5.790680885314941,416.0,
1077,3.5663766860961914,0.39382249116897583,0.7139796614646912,5.838228225708008,424.0,
1078,0.7566891312599182,0.41273003816604614,-2.380910634994507,5.8853230476379395,432.0,
1079,3.60507869720459,0.3944357931613922,0.8363091349601746,5.930236339569092,440.0,
1080,0.7473039031028748,0.4112359285354614,-2.374816417694092,5.971999168395996,448.0,
1081,3.643195867538452,0.3950941860675812,0.9554511308670044,6.013962268829346,456.0,
1082,0.7368876338005066,0.4097013473510742,-2.3551063537597656,6.053316593170166,464.0,
1083,3.6823153495788574,0.3958148956298828,1.076641321182251,6.090847969055176,472.0,
1084,0.7267781496047974,0.4081273078918457,-2.332771062850952,6.125707149505615,480.0,
1085,3.7233264446258545,0.3965957760810852,1.1948323249816895,6.158990859985352,488.0,
1086,0.7166558504104614,0.406502366065979,-2.3079848289489746,6.191236972808838,496.0,
1087,3.764584541320801,0.39743536710739136,1.3134937286376953,6.2204270362854,504.0,
1088,0.7057408094406128,0.4048539400100708,-2.277686357498169,6.247219085693359,512.0,
1089,3.8074865341186523,0.3983469009399414,1.4310288429260254,6.272174835205078,520.0,
1090,0.6947011351585388,0.4031730890274048,-2.2437424659729004,6.295305252075195,528.0,
1091,3.849351406097412,0.3993403911590576,1.5482275485992432,6.316125392913818,536.0,
1092,0.6841215491294861,0.40146130323410034,-2.204728603363037,6.3348307609558105,544.0,
1093,3.8934216499328613,0.4003973603248596,1.6630144119262695,6.350692272186279,552.0,
1094,0.6743117570877075,0.39975160360336304,-2.1626272201538086,6.363893032073975,560.0,
1095,3.938647747039795,0.4015383720397949,1.7764887809753418,6.375802516937256,568.0,
1096,0.6623685956001282,0.3980333209037781,-2.1146240234375,6.385351181030273,576.0,
1097,3.985182762145996,0.40276038646698,1.8880102634429932,6.39192008972168,584.0,
1098,0.6516432166099548,0.3963025212287903,-2.0634520053863525,6.3966803550720215,592.0,
1099,4.032823085784912,0.4040587544441223,1.9979333877563477,6.3984222412109375,600.0,
1100,0.6401102542877197,0.3945862650871277,-2.0083727836608887,6.397605895996094,608.0,
1101,4.079998970031738,0.40544378757476807,2.1081016063690186,6.395747661590576,616.0,
1102,0.627723753452301,0.39289116859436035,-1.9498302936553955,6.390460968017578,624.0,
1103,4.129901885986328,0.40691041946411133,2.212413787841797,6.383017539978027,632.0,
1104,0.617414653301239,0.3911970853805542,-1.8863558769226074,6.372384071350098,640.0,
1105,4.181003093719482,0.40844714641571045,2.3152434825897217,6.359985828399658,648.0,
1106,0.6050901412963867,0.3895403742790222,-1.8177683353424072,6.345714092254639,656.0,
1107,4.233027458190918,0.4100782871246338,2.4164657592773438,6.328672885894775,664.0,
1108,0.5915895700454712,0.38792163133621216,-1.7467353343963623,6.3086628913879395,672.0,
1109,4.286163806915283,0.41178596019744873,2.516441822052002,6.286726951599121,680.0,
1110,0.5804799199104309,0.38634324073791504,-1.6737748384475708,6.26309871673584,688.0,
1111,4.340729236602783,0.41356945037841797,2.6116724014282227,6.236105442047119,696.0,
1112,0.5673996210098267,0.3848174214363098,-1.594257116317749,6.2071380615234375,704.0,
1113,4.396907806396484,0.41542959213256836,2.70406174659729,6.176244735717773,712.0,
1114,0.5538069605827332,0.3833422064781189,-1.5125277042388916,6.142826080322266,720.0,
1115,4.454197406768799,0.4173600673675537,2.7940192222595215,6.107365608215332,728.0,
1116,0.5414971113204956,0.38192224502563477,-1.4279837608337402,6.069413661956787,736.0,
1117,4.513131141662598,0.41934823989868164,2.8803768157958984,6.029965877532959,744.0,
1118,0.5277655720710754,0.3805809020996094,-1.3393754959106445,5.987878322601318,752.0,
1119,4.574131965637207,0.421392560005188,2.963595390319824,5.943709373474121,760.0,
1120,0.5138974189758301,0.3793094754219055,-1.2480318546295166,5.89827299118042,768.0,
1121,4.636410713195801,0.42349743843078613,3.0426905155181885,5.850299835205078,776.0,
1122,0.49955427646636963,0.37812334299087524,-1.153346300125122,5.800548553466797,784.0,
1123,4.699545383453369,0.42565464973449707,3.1183485984802246,5.748879432678223,792.0,
1124,0.4854888916015625,0.3770103454589844,-1.0565214157104492,5.695550441741943,800.0,
1125,4.765716552734375,0.427825927734375,3.191112995147705,5.640837669372559,808.0,
1126,0.4706721305847168,0.3759903907775879,-0.9573298096656799,5.58378791809082,816.0,
1127,4.833956718444824,0.43009066581726074,3.258857011795044,5.525042533874512,824.0,
1128,0.45580899715423584,0.3750629723072052,-0.8543744683265686,5.465481758117676,832.0,
1129,4.903244972229004,0.43235135078430176,3.3221490383148193,5.404160976409912,840.0,
1130,0.4402310252189636,0.3742288649082184,37.145263671875,5.341691017150879,848.0,
1131,4.97382926940918,0.4346414804458618,-682.1634521484375,5.27721643447876,856.0,
1132,0.4244505763053894,0.3734950125217438,-0.6431777477264404,5.2118024826049805,864.0,
1133,5.047848701477051,0.4369393587112427,3.4371330738067627,5.145238399505615,872.0,
1134,0.40876150131225586,0.37285420298576355,-0.535942792892456,5.077483654022217,880.0,
1135,5.124093532562256,0.43923985958099365,3.4879324436187744,5.008930206298828,888.0,
1136,0.39131128787994385,0.37232208251953125,-0.42354777455329895,4.93882417678833,896.0,
1137,5.2031049728393555,0.441547155380249,3.534877300262451,4.868031024932861,904.0,
1138,0.3749704360961914,0.37188494205474854,-0.31171706318855286,4.796635627746582,912.0,
1139,5.2821478843688965,0.4438401460647583,3.577606201171875,4.724600791931152,920.0,
1140,0.358461856842041,0.3715492784976959,-0.19935813546180725,4.651558876037598,928.0,
1141,5.366924285888672,0.44610595703125,3.615312099456787,4.578073978424072,936.0,
1142,0.33944904804229736,0.37132179737091064,-0.08361387252807617,4.504069805145264,944.0,
1143,5.453917980194092,0.44835615158081055,3.6476876735687256,4.429158687591553,952.0,
1144,0.3200506567955017,0.3711872100830078,0.03112722933292389,4.355030059814453,960.0,
1145,5.540890216827393,0.45056092739105225,3.6764602661132812,4.27980899810791,968.0,
1146,0.30229055881500244,0.3711484372615814,0.14710739254951477,4.2044854164123535,976.0,
1147,5.632983684539795,0.45272135734558105,3.700057029724121,4.129078388214111,984.0,
1148,0.28426504135131836,0.37119942903518677,0.26435089111328125,4.05381441116333,992.0,
1149,5.727873802185059,0.4548373222351074,3.7189383506774902,3.9783976078033447,1000.0,
1150,0.2621000409126282,0.37134501338005066,0.3813244104385376,3.903360605239868,1008.0,
1151,5.827808380126953,0.4568800926208496,3.732560634613037,3.828356981277466,1016.0,
1152,0.24258267879486084,0.37157636880874634,0.4985503852367401,3.7537925243377686,1024.0,
1153,5.928509712219238,0.45885658264160156,3.7416555881500244,3.6799073219299316,1032.0,
1154,0.22048133611679077,0.3718871772289276,0.6161536574363708,3.6059839725494385,1040.0,
1155,6.033384799957275,0.4607555866241455,3.74654483795166,3.5327227115631104,1048.0,
1156,0.19947141408920288,0.37227359414100647,0.7321314811706543,3.460402250289917,1056.0,
1157,6.144152641296387,0.4625673294067383,3.746184825897217,3.388746976852417,1064.0,
1158,0.17536073923110962,0.37271997332572937,0.8485139012336731,3.3175947666168213,1072.0,
1159,6.257367134094238,0.464300274848938,3.7408065795898438,3.2473063468933105,1080.0,
1160,0.15198856592178345,0.3732380270957947,0.9645485877990723,3.177833318710327,1088.0,
1161,6.37526798248291,0.4659236669540405,3.730832815170288,3.111093044281006,1096.0,
1162,0.1269092559814453,0.3738088607788086,1.079332947731018,3.043656826019287,1104.0,
1163,6.497511863708496,0.4674471616744995,3.716472625732422,2.9777019023895264,1112.0,
1164,0.10064637660980225,0.37442243099212646,1.1926113367080688,2.9129953384399414,1120.0,
1165,6.626700401306152,0.4688723087310791,3.697528839111328,2.8496897220611572,1128.0,
1166,0.07664549350738525,0.3750753402709961,1.3048086166381836,2.7875640392303467,1136.0,
1167,6.757858753204346,0.47016477584838867,3.6740736961364746,2.7270610332489014,1144.0,
1168,0.05013853311538696,0.375746488571167,1.4150582551956177,2.668124198913574,1152.0,
1169,6.892373085021973,0.4713393449783325,3.645902633666992,2.6103479862213135,1160.0,
1170,0.022178471088409424,0.37648147344589233,1.5235625505447388,2.5543994903564453,1168.0,
1171,7.043099403381348,0.4724154472351074,3.613136053085327,2.4998297691345215,1176.0,
1172,-0.009979307651519775,0.3771822452545166,1.6310930252075195,2.4476261138916016,1184.0,
1173,7.1909685134887695,0.4733680486679077,3.576439380645752,2.396364212036133,1192.0,
1174,-0.04236787557601929,0.37789642810821533,1.7355196475982666,2.3473024368286133,1200.0,
1175,7.348979949951172,0.4741915464401245,3.535916328430176,2.299705982208252,1208.0,
1176,-0.07333371043205261,0.3785874843597412,1.837937831878662,2.2540268898010254,1216.0,
1177,7.5094218254089355,0.4748722314834595,3.4908218383789062,2.210087537765503,1224.0,
1178,-0.10592132806777954,0.3792928457260132,1.9379503726959229,2.167905807495117,1232.0,
1179,7.682712554931641,0.4754366874694824,3.4421463012695312,2.1275863647460938,1240.0,
1180,-0.14041519165039062,0.3799858093261719,2.0348196029663086,2.0890440940856934,1248.0,
1181,7.866100311279297,0.47587060928344727,3.389497756958008,2.0523183345794678,1256.0,
1182,-0.1781754493713379,0.3805748224258423,2.128876209259033,2.0173163414001465,1264.0,
1183,8.051465034484863,0.47619807720184326,3.333101749420166,1.9840878248214722,1272.0,
1184,-0.2166910171508789,0.3811548948287964,2.2209672927856445,1.952548623085022,1280.0,
1185,8.250032424926758,0.47638916969299316,3.273629665374756,1.9226771593093872,1288.0,
1186,-0.2557944059371948,0.38168323040008545,2.3091392517089844,1.8944944143295288,1296.0,
1187,8.459285736083984,0.4764552116394043,3.2105355262756348,1.8678600788116455,1304.0,
1188,-0.30003276467323303,0.38211309909820557,2.3936872482299805,1.8428120613098145,1312.0,
1189,8.676387786865234,0.4764254093170166,3.144737720489502,1.8192468881607056,1320.0,
1190,-0.34126046299934387,0.38250958919525146,2.475285530090332,1.7970967292785645,1328.0,
1191,8.910050392150879,0.47624170780181885,3.0750892162323,1.7762813568115234,1336.0,
1192,-0.38879042863845825,0.3828057050704956,2.553616523742676,1.756737470626831,1344.0,
1193,9.155016899108887,0.4759770631790161,3.002936363220215,1.7384274005889893,1352.0,
1194,-0.4412476420402527,0.38301706314086914,2.6279730796813965,1.7212566137313843,1360.0,
1195,9.415660858154297,0.475630521774292,2.9288203716278076,1.705213189125061,1368.0,
1196,-0.4881584346294403,0.38309764862060547,2.6987318992614746,1.6901499032974243,1376.0,
1197,9.68752670288086,0.4751248359680176,2.851917266845703,1.6760097742080688,1384.0,
1198,-0.5530489087104797,0.38313257694244385,2.765568256378174,1.6627070903778076,1392.0,
1199,9.982946395874023,0.47463226318359375,2.7724051475524902,1.6502081155776978,1400.0,
1200,-0.6041831970214844,0.3829461336135864,2.8285746574401855,1.6384453773498535,1408.0,
1201,10.284688949584961,0.4739483594894409,2.6911661624908447,1.627293586730957,1416.0,
1202,-0.6769314408302307,0.3827749490737915,2.8880624771118164,1.6167778968811035,1424.0,
1203,10.623197555541992,0.47329044342041016,2.6082396507263184,1.6067062616348267,1432.0,
1204,-0.7402615547180176,0.38230061531066895,2.9427719116210938,1.597133755683899,1440.0,
1205,10.959284782409668,0.47251927852630615,2.523547649383545,1.5879876613616943,1448.0,
1206,-0.8071302175521851,0.3818180561065674,2.9938430786132812,1.5791863203048706,1456.0,
1207,11.341351509094238,0.4716377854347229,2.437317371368408,1.5706883668899536,1464.0,
1208,-0.8819959163665771,0.381152868270874,3.0414481163024902,1.5624516010284424,1472.0,
1209,11.741888046264648,0.4707455039024353,2.3494958877563477,1.5544145107269287,1480.0,
1210,-0.9629840850830078,0.38038361072540283,3.083979368209839,1.5465612411499023,1488.0,
1211,12.17995548248291,0.4698009490966797,2.261478900909424,1.53885018825531,1496.0,
1212,-1.051630973815918,0.37947607040405273,3.1228244304656982,1.5312565565109253,1504.0,
1213,12.649038314819336,0.46882957220077515,2.172341823577881,1.5237352848052979,1512.0,
1214,-1.1506519317626953,0.3783857822418213,3.157700300216675,1.5162651538848877,1520.0,
1215,13.152952194213867,0.467878520488739,2.0821099281311035,1.5088376998901367,1528.0,
1216,-1.2518712282180786,0.3771522045135498,3.1885757446289062,1.501431941986084,1536.0,
1217,13.701112747192383,0.46687179803848267,1.9919681549072266,1.4940210580825806,1544.0,
1218,-1.3631744384765625,0.37576985359191895,3.2150354385375977,1.4865992069244385,1552.0,
1219,14.29772663116455,0.46586549282073975,1.9015588760375977,1.4791566133499146,1560.0,
1220,-1.4843846559524536,0.3742436170578003,3.2375662326812744,1.4716905355453491,1568.0,
1221,14.950580596923828,0.46485763788223267,1.8109347820281982,1.4641770124435425,1576.0,
1222,-1.6177482604980469,0.3725764751434326,3.256544351577759,1.456632375717163,1584.0,
1223,15.668159484863281,0.4638581871986389,1.7206172943115234,1.4490549564361572,1592.0,
1224,-1.7678961753845215,0.3707756996154785,3.271186590194702,1.4414317607879639,1600.0,
1225,16.459148406982422,0.4628876745700836,1.630665898323059,1.4337706565856934,1608.0,
1226,-1.9320433139801025,0.36881697177886963,3.282132625579834,1.4260778427124023,1616.0,
1227,17.33142852783203,0.46195101737976074,1.5411098003387451,1.4183506965637207,1624.0,
1228,-2.113708019256592,0.36671292781829834,3.2892048358917236,1.410604476928711,1632.0,
1229,18.305206298828125,0.46104487776756287,1.4523017406463623,1.4028419256210327,1640.0,
1230,-2.3146421909332275,0.3644754886627197,3.2926135063171387,1.3950790166854858,1648.0,
1231,19.399738311767578,0.4601389169692993,1.364486813545227,1.3872840404510498,1656.0,
1232,-2.5474486351013184,0.3621271848678589,3.292595386505127,1.3795050382614136,1664.0,
1233,20.63361358642578,0.4593048691749573,1.2777924537658691,1.371728777885437,1672.0,
1234,-2.8087165355682373,0.3596374988555908,3.2886834144592285,1.3639947175979614,1680.0,
1235,22.035762786865234,0.4585062265396118,1.1922024488449097,1.356278419494629,1688.0,
1236,-3.1094307899475098,0.3570442199707031,3.281376600265503,1.3486047983169556,1696.0,
1237,23.647441864013672,0.4577280580997467,1.1077942848205566,1.340978741645813,1704.0,
1238,-3.4560647010803223,0.3543142080307007,3.2712278366088867,1.3334003686904907,1712.0,
1239,25.512588500976562,0.4569857120513916,1.0249030590057373,1.325882911682129,1720.0,
1240,-3.8635244369506836,0.35149943828582764,3.2575089931488037,1.318435788154602,1728.0,
1241,27.70940589904785,0.4562375247478485,0.9441922903060913,1.3110798597335815,1736.0,
1242,-4.3486223220825195,0.34858500957489014,3.2409355640411377,1.303805947303772,1744.0,
1243,30.31970977783203,0.4554857015609741,0.8651870489120483,1.296606183052063,1752.0,
1244,-4.935553550720215,0.34557104110717773,3.221250534057617,1.2895021438598633,1760.0,
1245,33.478084564208984,0.4546838402748108,0.7874420881271362,1.2824980020523071,1768.0,
1246,-5.65873908996582,0.342495322227478,3.1988816261291504,1.2756067514419556,1776.0,
1247,37.38397216796875,0.4537821412086487,0.7119579315185547,1.2688171863555908,1784.0,
1248,-6.578489303588867,0.33935415744781494,3.1738386154174805,1.2621428966522217,1792.0,
1249,42.32830047607422,0.4526815712451935,0.6387605667114258,1.2555718421936035,1800.0,
1250,-7.778626441955566,0.33614182472229004,3.1462554931640625,1.249116063117981,1808.0,
1251,48.791961669921875,0.45123690366744995,0.5677749514579773,1.2427667379379272,1816.0,
1252,-9.413419723510742,0.3328815698623657,3.1164536476135254,1.2365363836288452,1824.0,
1253,57.610206604003906,0.44916683435440063,0.4990704655647278,1.2304152250289917,1832.0,
1254,-11.774690628051758,0.3295799493789673,3.084115505218506,1.2244089841842651,1840.0,
1255,70.34130859375,0.44599077105522156,0.4327097237110138,1.2185148000717163,1848.0,
1256,-15.483646392822266,0.3262505531311035,3.049861192703247,1.2127186059951782,1856.0,
1257,90.34750366210938,0.4406067430973053,0.3686431050300598,1.2070302963256836,1864.0,
1258,-22.156984329223633,0.3228846788406372,3.0138068199157715,1.2014373540878296,1872.0,
1259,126.36964416503906,0.4301847517490387,0.307140052318573,1.195960521697998,1880.0,
1260,-37.74274826049805,0.3195033073425293,2.9760379791259766,1.1905666589736938,1888.0,
1261,210.40220642089844,0.4043687582015991,0.2483384907245636,1.1852630376815796,1896.0,
1262,-115.62779235839844,0.3159470558166504,2.9364943504333496,1.1800410747528076,1904.0,
1263,630.562744140625,0.2698318660259247,0.19189253449440002,1.1749144792556763,1912.0,
1264,118.02140808105469,0.3132457733154297,2.8955459594726562,1.169853925704956,1920.0,
1265,-629.9002685546875,0.6798434257507324,0.13830015063285828,1.1648693084716797,1928.0,
1266,40.13908386230469,0.30972743034362793,2.8533082008361816,1.1599452495574951,1936.0,
1267,-209.748779296875,0.5456104874610901,0.0871744155883789,1.1551034450531006,1944.0,
1268,24.553569793701172,0.30640435218811035,2.8096532821655273,1.1503071784973145,1952.0,
1269,-125.7198715209961,0.5204051733016968,0.03867867588996887,1.1455568075180054,1960.0,
1270,17.88279151916504,0.3031582832336426,2.7656168937683105,1.140865683555603,1968.0,
1271,-89.71070861816406,0.5108956098556519,-0.007158607244491577,1.136216163635254,1976.0,
1272,14.172931671142578,0.29996931552886963,2.7202556133270264,1.131606101989746,1984.0,
1273,-69.70089721679688,0.5067129135131836,-0.05021125078201294,1.1270439624786377,1992.0,
1274,11.811298370361328,0.29684019088745117,2.6742334365844727,1.122504472732544,2000.0,
1275,-56.96428680419922,0.505031168460846,-0.09075534343719482,1.1180001497268677,2008.0,
1276,10.178160667419434,0.293790340423584,2.6276440620422363,1.1135183572769165,2016.0,
1277,-48.15057373046875,0.5047492980957031,-0.12858211994171143,1.109066367149353,2024.0,
1278,8.976308822631836,0.2908048629760742,2.5807089805603027,1.1046333312988281,2032.0,
1279,-41.68389892578125,0.5053424835205078,-0.16373860836029053,1.1002216339111328,2040.0,
1280,8.0582914352417,0.2879171371459961,2.5333471298217773,1.0958244800567627,2048.0,
1281,-36.740325927734375,0.5065521597862244,-0.1966269612312317,1.0914390087127686,2056.0,
1282,7.334354877471924,0.28511935472488403,2.4859447479248047,1.0870726108551025,2064.0,
1283,-32.8392333984375,0.5082070231437683,-0.226723313331604,1.0827131271362305,2072.0,
1284,6.747131824493408,0.28242748975753784,2.438384532928467,1.0783710479736328,2080.0,
1285,-29.675601959228516,0.5102206468582153,-0.254518985748291,1.0740383863449097,2088.0,
1286,6.262425899505615,0.2798311412334442,2.390960454940796,1.0697104930877686,2096.0,
1287,-27.066020965576172,0.5124959945678711,-0.2798762321472168,1.065393090248108,2104.0,
1288,5.855568885803223,0.27733758091926575,2.343888759613037,1.0610928535461426,2112.0,
1289,-24.874635696411133,0.5149974226951599,-0.30272746086120605,1.056793212890625,2120.0,
1290,5.509974956512451,0.2749888300895691,2.2968263626098633,1.0525048971176147,2128.0,
1291,-23.003498077392578,0.5176912546157837,-0.3232961893081665,1.0482327938079834,2136.0,
1292,5.207120895385742,0.2727295160293579,2.2502026557922363,1.0439659357070923,2144.0,
1293,-21.39183807373047,0.5205512046813965,-0.34183645248413086,1.0397132635116577,2152.0,
1294,4.945703506469727,0.27059558033943176,2.2042460441589355,1.03548264503479,2160.0,
1295,-19.988086700439453,0.5235264301300049,-0.3580918312072754,1.0312483310699463,2168.0,
1296,4.7165679931640625,0.2685782015323639,2.1588783264160156,1.0270366668701172,2176.0,
1297,-18.75716209411621,0.5265999436378479,-0.37211084365844727,1.022847056388855,2184.0,
1298,4.514213562011719,0.26670771837234497,2.1140036582946777,1.0186744928359985,2192.0,
1299,-17.66431999206543,0.5297678112983704,-0.3842419385910034,1.014511227607727,2200.0,
1300,4.332233428955078,0.264952689409256,2.069889783859253,1.0103763341903687,2208.0,
1301,-16.689311981201172,0.5330251455307007,-0.3943796157836914,1.006260871887207,2216.0,
1302,4.166797637939453,0.26332324743270874,2.0265445709228516,1.002166509628296,2224.0,
1303,-15.814061164855957,0.5363439321517944,-0.4025869369506836,0.9981074333190918,2232.0,
1304,4.020033359527588,0.261811763048172,1.9848840236663818,0.9940652251243591,2240.0,
1305,-15.025455474853516,0.5396933555603027,-0.4099684953689575,0.9900657534599304,2248.0,
1306,3.8864388465881348,0.2604304850101471,1.9433610439300537,0.9860793352127075,2256.0,
1307,-14.309550285339355,0.543074369430542,-0.4146230220794678,0.982133686542511,2264.0,
1308,3.765018939971924,0.2591899335384369,1.9029757976531982,0.9782193899154663,2272.0,
1309,-13.656354904174805,0.546476423740387,-0.4179854393005371,0.9743406176567078,2280.0,
1310,3.6533169746398926,0.2580420970916748,1.863651990890503,0.9704948663711548,2288.0,
1311,-13.05990982055664,0.549888551235199,-0.41988396644592285,0.9666957259178162,2296.0,
1312,3.551516532897949,0.2570308446884155,1.8255003690719604,0.9629383683204651,2304.0,
1313,-12.510515213012695,0.5532991290092468,-0.42029309272766113,0.9592157006263733,2312.0,
1314,3.455303907394409,0.2561277747154236,1.7883611917495728,0.9555377960205078,2320.0,
1315,-12.004655838012695,0.5567114949226379,-0.41959142684936523,0.9518975615501404,2328.0,
1316,3.3666434288024902,0.25533849000930786,1.752496600151062,0.9483016133308411,2336.0,
1317,-11.53732967376709,0.5601047873497009,-0.417574405670166,0.9447536468505859,2344.0,
1318,3.2874066829681396,0.2546355724334717,1.7178741693496704,0.9412610530853271,2352.0,
1319,-11.106119155883789,0.5634393692016602,-0.41442811489105225,0.9378067851066589,2360.0,
1320,3.211498975753784,0.2540617287158966,1.6842544078826904,0.9344097971916199,2368.0,
1321,-10.701601028442383,0.5667592287063599,-0.4102632999420166,0.9310526251792908,2376.0,
1322,3.141294479370117,0.2535780966281891,1.6519842147827148,0.9277483224868774,2384.0,
1323,-10.324520111083984,0.5700363516807556,-0.40517985820770264,0.9244945645332336,2392.0,
1324,3.0740127563476562,0.25317656993865967,1.6207873821258545,0.9213012456893921,2400.0,
1325,-9.973459243774414,0.5732686519622803,-0.39936137199401855,0.9181561470031738,2408.0,
1326,3.012631893157959,0.25285857915878296,1.59120774269104,0.915062427520752,2416.0,
1327,-9.644521713256836,0.5764343738555908,-0.3926992416381836,0.9120230674743652,2424.0,
1328,2.9550981521606445,0.25261950492858887,1.5624672174453735,0.9090282320976257,2432.0,
1329,-9.335586547851562,0.5795386433601379,-0.38524651527404785,0.9060940146446228,2440.0,
1330,2.898268699645996,0.2524562180042267,1.535167932510376,0.9032115936279297,2448.0,
1331,-9.045049667358398,0.5825994610786438,-0.3773024082183838,0.9003742337226868,2456.0,
1332,2.847777843475342,0.2523494362831116,1.5089399814605713,0.8975955843925476,2464.0,
1333,-8.771024703979492,0.5855634212493896,-0.3687272071838379,0.8948639035224915,2472.0,
1334,2.799464225769043,0.25229692459106445,1.4839574098587036,0.8921844363212585,2480.0,
1335,-8.512834548950195,0.5884612202644348,-0.3597893714904785,0.889545202255249,2488.0,
1336,2.7527384757995605,0.2523040771484375,1.4601335525512695,0.886956512928009,2496.0,
1337,-8.267705917358398,0.5912911295890808,-0.3504054546356201,0.8844205737113953,2504.0,
1338,2.708604574203491,0.25234493613243103,1.437424898147583,0.8819168210029602,2512.0,
1339,-8.03648567199707,0.5940424799919128,-0.34075653553009033,0.8794574737548828,2520.0,
1340,2.666527271270752,0.2524203062057495,1.4158618450164795,0.8770362734794617,2528.0,
1341,-7.817566394805908,0.5967089533805847,-0.33089888095855713,0.8746556639671326,2536.0,
1342,2.6277270317077637,0.25252410769462585,1.3953973054885864,0.8723093867301941,2544.0,
1343,-7.609193801879883,0.5993050336837769,-0.3207864761352539,0.8699938654899597,2552.0,
1344,2.590191602706909,0.2526528537273407,1.3760015964508057,0.8677092790603638,2560.0,
1345,-7.4107890129089355,0.6018150448799133,-0.310565710067749,0.865443229675293,2568.0,
1346,2.5536818504333496,0.2527976632118225,1.3576033115386963,0.8632091879844666,2576.0,
1347,-7.221499919891357,0.6042412519454956,-0.30028414726257324,0.860973060131073,2584.0,
1348,2.5196473598480225,0.25293585658073425,1.3402206897735596,0.8587692379951477,2592.0,
1349,-7.042057514190674,0.606590747833252,-0.2899489402770996,0.8565756678581238,2600.0,
1350,2.4865334033966064,0.2530845105648041,1.323762059211731,0.8543786406517029,2608.0,
1351,-6.870745658874512,0.6088706254959106,-0.2797083854675293,0.8521902561187744,2616.0,
1352,2.4550044536590576,0.2532256543636322,1.3082183599472046,0.8500036001205444,2624.0,
1353,-6.7067413330078125,0.6110672950744629,-0.26948094367980957,0.8478049039840698,2632.0,
1354,2.4251582622528076,0.2533479332923889,1.2935808897018433,0.8456010222434998,2640.0,
1355,-6.550523281097412,0.6131899952888489,-0.2593662738800049,0.843380868434906,2648.0,
1356,2.3972175121307373,0.2534615993499756,1.2797363996505737,0.8411474823951721,2656.0,
1357,-6.399857044219971,0.6152328252792358,-0.24943923950195312,0.8388880491256714,2664.0,
1358,2.370223045349121,0.2535362243652344,1.2667067050933838,0.8366058468818665,2672.0,
1359,-6.25609016418457,0.6172130703926086,-0.23966169357299805,0.8342846632003784,2680.0,
1360,2.341887950897217,0.25360316038131714,1.2544300556182861,0.831928551197052,2688.0,
1361,-6.118106842041016,0.6191391944885254,-0.2301030158996582,0.8295440077781677,2696.0,
1362,2.317786693572998,0.2536180019378662,1.2428486347198486,0.8271047472953796,2704.0,
1363,-5.98561954498291,0.6209930181503296,-0.2207624912261963,0.824629545211792,2712.0,
1364,2.292768716812134,0.2535998821258545,1.2319152355194092,0.8221012949943542,2720.0,
1365,-5.858725070953369,0.6227908134460449,-0.21167588233947754,0.8195194602012634,2728.0,
1366,2.2695934772491455,0.25353652238845825,1.2215957641601562,0.8168879151344299,2736.0,
1367,-5.736213207244873,0.6245349049568176,-0.2028515338897705,0.8141968846321106,2744.0,
1368,2.246957302093506,0.2534283995628357,1.211851954460144,0.8114508390426636,2752.0,
1369,-5.618775844573975,0.6262372732162476,-0.19434475898742676,0.8086246252059937,2760.0,
1370,2.2246296405792236,0.25327426195144653,1.2026360034942627,0.8057557344436646,2768.0,
1371,-5.504500389099121,0.6278913617134094,-0.18612289428710938,0.8028228878974915,2776.0,
1372,2.204277515411377,0.25305598974227905,1.1939427852630615,0.7998235821723938,2784.0,
1373,-5.39650821685791,0.6295068264007568,-0.17823219299316406,0.7967569828033447,2792.0,
1374,2.183429718017578,0.2527971863746643,1.1856908798217773,0.7936199307441711,2800.0,
1375,-5.290857315063477,0.6310932636260986,-0.17066359519958496,0.7904345989227295,2808.0,
1376,2.164000988006592,0.25247782468795776,1.177856683731079,0.7871854901313782,2816.0,
1377,-5.188502311706543,0.6326422691345215,-0.16337823867797852,0.7838769555091858,2824.0,
1378,2.1442153453826904,0.25209861993789673,1.1703712940216064,0.7805100679397583,2832.0,
1379,-5.090973377227783,0.6341784000396729,-0.15643954277038574,0.7770949602127075,2840.0,
1380,2.1260969638824463,0.2516557574272156,1.1632575988769531,0.7736276984214783,2848.0,
1381,-4.995858192443848,0.6356995701789856,-0.14983129501342773,0.7701130509376526,2856.0,
1382,2.1088709831237793,0.25115782022476196,1.1564569473266602,0.7665683031082153,2864.0,
1383,-4.90428352355957,0.6371937990188599,-0.14353883266448975,0.7629975080490112,2872.0,
1384,2.090989112854004,0.25060153007507324,1.1499147415161133,0.759367823600769,2880.0,
1385,-4.815411567687988,0.6386858224868774,-0.13756287097930908,0.7557403445243835,2888.0,
1386,2.0746662616729736,0.2499762773513794,1.1436231136322021,0.7520987391471863,2896.0,
1387,-4.7291412353515625,0.6401752829551697,-0.1318962574005127,0.7484382390975952,2904.0,
1388,2.057827949523926,0.24929767847061157,1.1375489234924316,0.7447826862335205,2912.0,
1389,-4.646391868591309,0.6416658163070679,-0.1265277862548828,0.7411333918571472,2920.0,
1390,2.04268217086792,0.24855858087539673,1.1316522359848022,0.737535834312439,2928.0,
1391,-4.566338539123535,0.6431647539138794,-0.12146389484405518,0.7339305877685547,2936.0,
1392,2.027360200881958,0.24776458740234375,1.1259329319000244,0.730364978313446,2944.0,
1393,-4.487196922302246,0.644676685333252,-0.11668354272842407,0.726858377456665,2952.0,
1394,2.012197971343994,0.24691301584243774,1.1203606128692627,0.7234171032905579,2960.0,
1395,-4.411844253540039,0.6461977958679199,-0.1121591329574585,0.7200406193733215,2968.0,
1396,1.9977761507034302,0.24600589275360107,1.1148838996887207,0.7167531251907349,2976.0,
1397,-4.339171409606934,0.6477426290512085,-0.10791796445846558,0.713563859462738,2984.0,
1398,1.9835615158081055,0.24503874778747559,1.1095831394195557,0.7104658484458923,2992.0,
1399,-4.266729354858398,0.6493180394172668,-0.10389363765716553,0.7074917554855347,3000.0,
1400,1.9696334600448608,0.24403035640716553,1.104255199432373,0.7046617269515991,3008.0,
1401,-4.197690010070801,0.6509073972702026,-0.10006469488143921,0.7019986510276794,3016.0,
1402,1.956308364868164,0.24297016859054565,1.099073886871338,0.6994904279708862,3024.0,
1403,-4.130906105041504,0.6525276303291321,-0.09650528430938721,0.6971578598022461,3032.0,
1404,1.9441081285476685,0.24187177419662476,1.0938681364059448,0.6950297355651855,3040.0,
1405,-4.0649919509887695,0.6541973948478699,-0.09309476613998413,0.6931582689285278,3048.0,
1406,1.9314481019973755,0.24072009325027466,1.0887596607208252,0.6915514469146729,3056.0,
1407,-4.001354217529297,0.6558858156204224,-0.08991828560829163,0.6902371048927307,3064.0,
1408,1.918473720550537,0.23953282833099365,1.0836474895477295,0.6893070936203003,3072.0,
1409,-3.939239978790283,0.6576218605041504,-0.08687841892242432,0.6888295412063599,3080.0,
1410,1.9070558547973633,0.2383100986480713,1.0785436630249023,0.6889609694480896,3088.0,
1411,-3.8792030811309814,0.6593929529190063,-0.08398652076721191,0.689908504486084,3096.0,
1412,1.8949617147445679,0.23705953359603882,1.0734615325927734,0.6921425461769104,3104.0,
1413,-3.8205814361572266,0.6612063646316528,-0.08126682043075562,0.6966227293014526,3112.0,
1414,1.8836737871170044,0.23576819896697998,1.0683958530426025,0.7058523893356323,3120.0,
1415,-3.7635693550109863,0.6630685925483704,-0.07863448560237885,0.7291107177734375,3128.0,
1416,1.87300443649292,0.23445218801498413,1.063311219215393,0.8522417545318604,3136.0,
1417,-3.707919120788574,0.6649754047393799,-0.07612670958042145,0.5035799145698547,3144.0,
1418,1.8618242740631104,0.23311543464660645,1.0582301616668701,0.6099998354911804,3152.0,
1419,-3.653393507003784,0.6669340133666992,-0.07370457053184509,0.6326082944869995,3160.0,
1420,1.851861834526062,0.2317543625831604,1.0531553030014038,0.6424477696418762,3168.0,
1421,-3.600407600402832,0.6689388751983643,-0.07136216759681702,0.648041844367981,3176.0,
1422,1.8406181335449219,0.2303868532180786,1.0480403900146484,0.6517639756202698,3184.0,
1423,-3.5485103130340576,0.6709925532341003,-0.06910199671983719,0.6545366644859314,3192.0,
1424,1.8306398391723633,0.2289944291114807,1.0429185628890991,0.6567626595497131,3200.0,
1425,-3.498652696609497,0.6730903387069702,-0.06688913702964783,0.6586673855781555,3208.0,
1426,1.8213510513305664,0.22759759426116943,1.0378220081329346,0.6603772044181824,3216.0,
1427,-3.4498772621154785,0.6752400994300842,-0.06472077965736389,0.6619734168052673,3224.0,
1428,1.811387538909912,0.22619587182998657,1.0326924324035645,0.6634789109230042,3232.0,
1429,-3.400719404220581,0.6774411797523499,-0.06258410215377808,0.6649301648139954,3240.0,
1430,1.8021613359451294,0.22478026151657104,1.0275962352752686,0.6663338541984558,3248.0,
1431,-3.3539600372314453,0.6796847581863403,-0.060474246740341187,0.6676936149597168,3256.0,
1432,1.79254150390625,0.22335922718048096,1.022431492805481,0.6690153479576111,3264.0,
1433,-3.308387279510498,0.6819825172424316,-0.0583457350730896,0.6702903509140015,3272.0,
1434,1.783850908279419,0.22194123268127441,1.0173184871673584,0.6715646982192993,3280.0,
1435,-3.263617515563965,0.6843234896659851,-0.056273818016052246,0.6727656126022339,3288.0,
1436,1.774627685546875,0.22052001953125,1.0122060775756836,0.6739088892936707,3296.0,
1437,-3.2201004028320312,0.6867189407348633,-0.05420997738838196,0.6749913692474365,3304.0,
1438,1.766019344329834,0.21912068128585815,1.0071046352386475,0.6760214567184448,3312.0,
1439,-3.177215337753296,0.6891463398933411,-0.05213189125061035,0.6769776344299316,3320.0,
1440,1.7579878568649292,0.21772027015686035,1.0020277500152588,0.6778514385223389,3328.0,
1441,-3.1351418495178223,0.6916191577911377,-0.05001115798950195,0.6786396503448486,3336.0,
1442,1.7491579055786133,0.21633154153823853,0.9969482421875,0.6792998313903809,3344.0,
1443,-3.0939431190490723,0.694145143032074,-0.047878265380859375,0.6798718571662903,3352.0,
1444,1.7411106824874878,0.21494340896606445,0.9919397830963135,0.6803408265113831,3360.0,
1445,-3.054358959197998,0.6967060565948486,-0.04574847221374512,0.6807093024253845,3368.0,
1446,1.7325127124786377,0.213578462600708,0.9869445562362671,0.6809605956077576,3376.0,
1447,-3.0151069164276123,0.6993041038513184,-0.0435945987701416,0.6811224222183228,3384.0,
1448,1.7252583503723145,0.21222716569900513,0.9819803237915039,0.6810106039047241,3392.0,
1449,-2.976684093475342,0.7019378542900085,-0.04142493009567261,0.6809316873550415,3400.0,
1450,1.7176504135131836,0.2108822464942932,0.9770739078521729,0.6805683374404907,3408.0,
1451,-2.9394052028656006,0.7046070098876953,-0.03921186923980713,0.6801886558532715,3416.0,
1452,1.709720253944397,0.20956861972808838,0.9722083806991577,0.6796045899391174,3424.0,
1453,-2.901921272277832,0.7073147296905518,-0.03698146343231201,0.6789039373397827,3432.0,
1454,1.7027018070220947,0.20826029777526855,0.9674029350280762,0.6780788898468018,3440.0,
1455,-2.866338014602661,0.7100571393966675,-0.03472423553466797,0.6771111488342285,3448.0,
1456,1.6949832439422607,0.20697683095932007,0.962644100189209,0.676007091999054,3456.0,
1457,-2.830873489379883,0.7128289937973022,-0.032459139823913574,0.6747703552246094,3464.0,
1458,1.687724232673645,0.20570755004882812,0.9579344987869263,0.6734188199043274,3472.0,
1459,-2.7961409091949463,0.7156238555908203,-0.03014659881591797,0.6719194054603577,3480.0,
1460,1.6811102628707886,0.20446449518203735,0.9533758163452148,0.6703051328659058,3488.0,
1461,-2.7625997066497803,0.71844881772995,-0.027837038040161133,0.6686058044433594,3496.0,
1462,1.6743214130401611,0.20322716236114502,0.9487960338592529,0.6667755842208862,3504.0,
1463,-2.7291953563690186,0.7212916016578674,-0.025481700897216797,0.6648486256599426,3512.0,
1464,1.6675071716308594,0.20202285051345825,0.9443233013153076,0.6627985239028931,3520.0,
1465,-2.6964614391326904,0.724165678024292,-0.023131966590881348,0.6607067584991455,3528.0,
1466,1.6606824398040771,0.20083028078079224,0.9399113655090332,0.658528208732605,3536.0,
1467,-2.6642298698425293,0.7270613312721252,-0.020733237266540527,0.656265377998352,3544.0,
1468,1.6543853282928467,0.19966763257980347,0.9355955123901367,0.6539465188980103,3552.0,
1469,-2.632916212081909,0.7299736738204956,-0.018383502960205078,0.6515769958496094,3560.0,
1470,1.647533893585205,0.19851359724998474,0.9313493967056274,0.6491618156433105,3568.0,
1471,-2.6018855571746826,0.7329018712043762,-0.015996694564819336,0.6467171907424927,3576.0,
1472,1.6414443254470825,0.1973804533481598,0.9271912574768066,0.6442475318908691,3584.0,
1473,-2.5721044540405273,0.7358480095863342,-0.013606548309326172,0.6417631506919861,3592.0,
1474,1.6355841159820557,0.1962641477584839,0.9231039881706238,0.6392771601676941,3600.0,
1475,-2.542428970336914,0.738803505897522,-0.011229872703552246,0.6367900967597961,3608.0,
1476,1.629345417022705,0.19516783952713013,0.9191205501556396,0.6343228220939636,3616.0,
1477,-2.512559413909912,0.7417740225791931,-0.008859872817993164,0.6318809390068054,3624.0,
1478,1.6234647035598755,0.19408802688121796,0.915203332901001,0.629461407661438,3632.0,
1479,-2.483860492706299,0.7447609305381775,-0.006502747535705566,0.6270986795425415,3640.0,
1480,1.6174060106277466,0.19302338361740112,0.9113759994506836,0.6247806549072266,3648.0,
1481,-2.4560940265655518,0.7477539777755737,-0.0041506290435791016,0.6225147843360901,3656.0,
1482,1.6116738319396973,0.1919763833284378,0.9076335430145264,0.6203259229660034,3664.0,
1483,-2.4285457134246826,0.7507614493370056,-0.0018235445022583008,0.6182030439376831,3672.0,
1484,1.605926752090454,0.19094152748584747,0.9039517641067505,0.6161560416221619,3680.0,
1485,-2.4009861946105957,0.7537710666656494,0.0004918575286865234,0.614197313785553,3688.0,
1486,1.5997059345245361,0.18992134928703308,0.9003576636314392,0.612301766872406,3696.0,
1487,-2.3742523193359375,0.7567917108535767,0.002765655517578125,0.6105470061302185,3704.0,
1488,1.5944310426712036,0.18890658020973206,0.8968309164047241,0.6088582873344421,3712.0,
1489,-2.348229169845581,0.759811282157898,0.00501859188079834,0.6072749495506287,3720.0,
1490,1.5892055034637451,0.18790611624717712,0.893388032913208,0.6057917475700378,3728.0,
1491,-2.3220114707946777,0.7628442645072937,0.007231712341308594,0.6044135689735413,3736.0,
1492,1.5832165479660034,0.1869041919708252,0.8900102972984314,0.6031261682510376,3744.0,
1493,-2.2969374656677246,0.7658731937408447,0.00941324234008789,0.6019361615180969,3752.0,
1494,1.5781352519989014,0.18591460585594177,0.8866881132125854,0.6008491516113281,3760.0,
1495,-2.272205352783203,0.768912136554718,0.011551737785339355,0.5998566150665283,3768.0,
1496,1.5732420682907104,0.18493854999542236,0.8834319114685059,0.5989578366279602,3776.0,
1497,-2.2474255561828613,0.7719519138336182,0.01365053653717041,0.5981650352478027,3784.0,
1498,1.5681325197219849,0.1839577853679657,0.8802388906478882,0.5974360704421997,3792.0,
1499,-2.223145008087158,0.7749925255775452,0.015702486038208008,0.59679114818573,3800.0,
1500,1.5627449750900269,0.18297718465328217,0.8770960569381714,0.5962302088737488,3808.0,
1501,-2.1989822387695312,0.7780463099479675,0.017710089683532715,0.5957258343696594,3816.0,
1502,1.557918667793274,0.1820051670074463,0.8740010857582092,0.5952834486961365,3824.0,
1503,-2.1760716438293457,0.7810863256454468,0.01967179775238037,0.5949129462242126,3832.0,
1504,1.552594780921936,0.18102553486824036,0.8709543943405151,0.5945746898651123,3840.0,
1505,-2.1530215740203857,0.7841272950172424,0.021583914756774902,0.5942801833152771,3848.0,
1506,1.5477805137634277,0.180048406124115,0.8679367899894714,0.5940276980400085,3856.0,
1507,-2.1304192543029785,0.7871802449226379,0.023448944091796875,0.5937880277633667,3864.0,
1508,1.542917013168335,0.17905984818935394,0.8649791479110718,0.5935688018798828,3872.0,
1509,-2.108475685119629,0.7902415990829468,0.025264739990234375,0.5933703780174255,3880.0,
1510,1.538633108139038,0.17806817591190338,0.862043023109436,0.5931658148765564,3888.0,
1511,-2.0862748622894287,0.7932829260826111,0.027034759521484375,0.592957615852356,3896.0,
1512,1.5342544317245483,0.17706969380378723,0.8591302633285522,0.5927409529685974,3904.0,
1513,-2.0645053386688232,0.7963387966156006,0.028748273849487305,0.5924999117851257,3912.0,
1514,1.5290358066558838,0.17605683207511902,0.8562374711036682,0.5922387838363647,3920.0,
1515,-2.042708396911621,0.7993999719619751,0.030413389205932617,0.5919547080993652,3928.0,
1516,1.5245325565338135,0.1750316619873047,0.8533823490142822,0.5916246175765991,3936.0,
1517,-2.0222830772399902,0.8024601340293884,0.03204011917114258,0.5912519693374634,3944.0,
1518,1.5202410221099854,0.17398980259895325,0.8505344390869141,0.5908453464508057,3952.0,
1519,-2.0020108222961426,0.8055307269096375,0.03361523151397705,0.5903729796409607,3960.0,
1520,1.5158534049987793,0.17294660210609436,0.8476871252059937,0.5898506045341492,3968.0,
1521,-1.9809337854385376,0.8086020350456238,0.03515827655792236,0.5892786979675293,3976.0,
1522,1.5115817785263062,0.17187225818634033,0.8448634147644043,0.5886346101760864,3984.0,
1523,-1.961491584777832,0.8116752505302429,0.03663980960845947,0.5879382491111755,3992.0,
1524,1.507347583770752,0.17077860236167908,0.842019259929657,0.5871708393096924,4000.0,
1525,-1.9412610530853271,0.8147663474082947,0.03810441493988037,0.5863417983055115,4008.0,
1526,1.503203272819519,0.1696719527244568,0.8392060995101929,0.5854498147964478,4016.0,
1527,-1.9216065406799316,0.8178611993789673,0.03952014446258545,0.5844943523406982,4024.0,
1528,1.4987077713012695,0.1685388684272766,0.8363827466964722,0.5834637880325317,4032.0,
1529,-1.9024391174316406,0.8209611177444458,0.040911316871643066,0.582374095916748,4040.0,
1530,1.4943554401397705,0.1673789620399475,0.8335501551628113,0.5812344551086426,4048.0,
1531,-1.8836660385131836,0.8240785598754883,0.042264580726623535,0.5800248980522156,4056.0,
1532,1.4905589818954468,0.16619762778282166,0.8307225108146667,0.5787671804428101,4064.0,
1533,-1.8649967908859253,0.8272107839584351,0.0435948371887207,0.5774521827697754,4072.0,
1534,1.4863812923431396,0.16498568654060364,0.8278722763061523,0.5760883688926697,4080.0,
1535,-1.8459755182266235,0.8303502798080444,0.044896602630615234,0.574687659740448,4088.0,
1536,1.4822630882263184,0.16374319791793823,0.8250267505645752,0.5732398629188538,4096.0,
1537,-1.8278168439865112,0.8335192203521729,0.04618966579437256,0.5717665553092957,4104.0,
1538,1.4782207012176514,0.16247692704200745,0.8221662044525146,0.5702529549598694,4112.0,
1539,-1.8099441528320312,0.8367006182670593,0.04745948314666748,0.5687252879142761,4120.0,
1540,1.474377155303955,0.161171555519104,0.8192886114120483,0.5671778917312622,4128.0,
1541,-1.7921864986419678,0.8399003744125366,0.04871124029159546,0.5656140446662903,4136.0,
1542,1.4703028202056885,0.15983441472053528,0.8164034485816956,0.5640407800674438,4144.0,
1543,-1.7752056121826172,0.8431291580200195,0.04995766282081604,0.5624774694442749,4152.0,
1544,1.4669299125671387,0.15846982598304749,0.813510537147522,0.5609146952629089,4160.0,
1545,-1.7581024169921875,0.8463833332061768,0.051202476024627686,0.5593648552894592,4168.0,
1546,1.4635508060455322,0.15707767009735107,0.8105920553207397,0.5578329563140869,4176.0,
1547,-1.740971565246582,0.8496655225753784,0.05244004726409912,0.5563209652900696,4184.0,
1548,1.4594805240631104,0.15563511848449707,0.8076694011688232,0.5548371076583862,4192.0,
1549,-1.7240768671035767,0.8529835939407349,0.053673624992370605,0.5533906817436218,4200.0,
1550,1.4557881355285645,0.1541709005832672,0.8047457933425903,0.5519826412200928,4208.0,
1551,-1.7068818807601929,0.8563350439071655,0.054921895265579224,0.5506159067153931,4216.0,
1552,1.4509692192077637,0.15265080332756042,0.8017963171005249,0.5492922067642212,4224.0,
1553,-1.6921312808990479,0.859717845916748,0.056174784898757935,0.5480307340621948,4232.0,
1554,1.4493753910064697,0.15112167596817017,0.7988383769989014,0.546823263168335,4240.0,
1555,-1.6741442680358887,0.8631527423858643,0.05743980407714844,0.5456638336181641,4248.0,
1556,1.4444713592529297,0.1495409607887268,0.7958842515945435,0.5445668697357178,4256.0,
1557,-1.659085750579834,0.8666198253631592,0.05872038006782532,0.5435368418693542,4264.0,
1558,1.4409663677215576,0.1479315161705017,0.792920708656311,0.542565643787384,4272.0,
1559,-1.6428680419921875,0.8701381683349609,0.060010701417922974,0.5416540503501892,4280.0,
1560,1.4380055665969849,0.1462872326374054,0.7899444699287415,0.5408172607421875,4288.0,
1561,-1.627915620803833,0.8737114667892456,0.061326414346694946,0.5400426387786865,4296.0,
1562,1.4340591430664062,0.14460119605064392,0.7869757413864136,0.5393253564834595,4304.0,
1563,-1.6117489337921143,0.87733393907547,0.06266459822654724,0.5386691689491272,4312.0,
1564,1.4307241439819336,0.14289236068725586,0.7840104103088379,0.5380725860595703,4320.0,
1565,-1.5967693328857422,0.8810007572174072,0.06402364373207092,0.5375391840934753,4328.0,
1566,1.4266831874847412,0.14114812016487122,0.7810441255569458,0.5370509624481201,4336.0,
1567,-1.58266019821167,0.8847395181655884,0.06540873646736145,0.5366231203079224,4344.0,
1568,1.424118995666504,0.13937684893608093,0.7780860662460327,0.5362412929534912,4352.0,
1569,-1.5675718784332275,0.888533353805542,0.0668218731880188,0.5359022617340088,4360.0,
1570,1.420905590057373,0.13757836818695068,0.7751326560974121,0.5355934500694275,4368.0,
1571,-1.5529993772506714,0.8923977613449097,0.06825661659240723,0.5353351831436157,4376.0,
1572,1.4172980785369873,0.1357538104057312,0.7721951007843018,0.5351015329360962,4384.0,
1573,-1.5381724834442139,0.8963218927383423,0.06972882151603699,0.5348892211914062,4392.0,
1574,1.4144798517227173,0.13390305638313293,0.7692810297012329,0.5347028970718384,4400.0,
1575,-1.523975133895874,0.9003205299377441,0.07122799754142761,0.5345155596733093,4408.0,
1576,1.4111034870147705,0.13203361630439758,0.7663711309432983,0.5343501567840576,4416.0,
1577,-1.5101032257080078,0.9043911695480347,0.07275709509849548,0.5341864228248596,4424.0,
1578,1.4079722166061401,0.13014689087867737,0.7634842991828918,0.5340237021446228,4432.0,
1579,-1.4961706399917603,0.9085344672203064,0.07432332634925842,0.5338541269302368,4440.0,
1580,1.4053151607513428,0.12824708223342896,0.7606320381164551,0.5336660742759705,4448.0,
1581,-1.4826769828796387,0.912741482257843,0.07590621709823608,0.5334649682044983,4456.0,
1582,1.4024738073349,0.1263388693332672,0.757799506187439,0.5332463383674622,4464.0,
1583,-1.4678353071212769,0.9170472621917725,0.07752183079719543,0.5330090522766113,4472.0,
1584,1.3995211124420166,0.12442147731781006,0.7549967765808105,0.5327264666557312,4480.0,
1585,-1.4533166885375977,0.9214224815368652,0.07916903495788574,0.5324214100837708,4488.0,
1586,1.3941972255706787,0.12249228358268738,0.7522202134132385,0.5320698618888855,4496.0,
1587,-1.4399452209472656,0.9258795976638794,0.08084088563919067,0.5317004323005676,4504.0,
1588,1.3912527561187744,0.12056311964988708,0.7494864463806152,0.5312803387641907,4512.0,
1589,-1.4288798570632935,0.9304110407829285,0.08253923058509827,0.5308095216751099,4520.0,
1590,1.3897254467010498,0.1186361014842987,0.7467880249023438,0.530299961566925,4528.0,
1591,-1.4163954257965088,0.9350274801254272,0.08426091074943542,0.5297443866729736,4536.0,
1592,1.388024926185608,0.11671549081802368,0.7441449165344238,0.5291321873664856,4544.0,
1593,-1.4014294147491455,0.9397227168083191,0.08600711822509766,0.5284761190414429,4552.0,
1594,1.3852014541625977,0.11481600999832153,0.7415158748626709,0.5277723670005798,4560.0,
1595,-1.3864879608154297,0.9444965124130249,0.08776789903640747,0.5270218253135681,4568.0,
1596,1.3793131113052368,0.11292105913162231,0.7389425039291382,0.5262188911437988,4576.0,
1597,-1.3721144199371338,0.9493516683578491,0.0895535945892334,0.5253803730010986,4584.0,
1598,1.373352289199829,0.11103898286819458,0.7364246845245361,0.52449631690979,4592.0,
1599,-1.3596508502960205,0.9542854428291321,0.09135538339614868,0.5235654711723328,4600.0,
1600,1.3673512935638428,0.10918271541595459,0.7339372634887695,0.5225937366485596,4608.0,
1601,-1.3505055904388428,0.9592955708503723,0.09317505359649658,0.5215858817100525,4616.0,
1602,1.36405611038208,0.1073492169380188,0.731502890586853,0.5205474495887756,4624.0,
1603,-1.3416016101837158,0.9643658995628357,0.0949888527393341,0.5194746851921082,4632.0,
1604,1.3638368844985962,0.10554182529449463,0.7291285395622253,0.5183790922164917,4640.0,
1605,-1.3333109617233276,0.9695209860801697,0.09681910276412964,0.5172604918479919,4648.0,
1606,1.3641901016235352,0.10377708077430725,0.7268027067184448,0.5161193609237671,4656.0,
1607,-1.3219608068466187,0.9747265577316284,0.09865731000900269,0.5149697065353394,4664.0,
1608,1.363663673400879,0.10204583406448364,0.7245237827301025,0.5138042569160461,4672.0,
1609,-1.3093887567520142,0.9800119400024414,0.10049694776535034,0.512640118598938,4680.0,
1610,1.361612319946289,0.10033929347991943,0.722296953201294,0.5114695429801941,4688.0,
1611,-1.2952426671981812,0.9853543043136597,0.10233193635940552,0.5103073120117188,4696.0,
1612,1.3607370853424072,0.09866219758987427,0.7201151847839355,0.5091490745544434,4704.0,
1613,-1.2813050746917725,0.9907568097114563,0.10416066646575928,0.5080106258392334,4712.0,
1614,1.3538556098937988,0.09703868627548218,0.7179823517799377,0.5068759322166443,4720.0,
1615,-1.2701144218444824,0.9961838722229004,0.10598397254943848,0.5057775378227234,4728.0,
1616,1.3507378101348877,0.09544891119003296,0.715909481048584,0.5047053694725037,4736.0,
1617,-1.2593536376953125,1.001659870147705,0.10779726505279541,0.5036555528640747,4744.0,
1618,1.3465821743011475,0.09391307830810547,0.7138779759407043,0.502638578414917,4752.0,
1619,-1.248673677444458,1.0071730613708496,0.10959762334823608,0.5016584396362305,4760.0,
1620,1.3491358757019043,0.09239703416824341,0.7118933796882629,0.5007212162017822,4768.0,
1621,-1.2396632432937622,1.0127636194229126,0.1113806962966919,0.4998207092285156,4776.0,
1622,1.3450255393981934,0.0909268856048584,0.7099660038948059,0.49897176027297974,4784.0,
1623,-1.2268269062042236,1.0183366537094116,0.11314564943313599,0.49815863370895386,4792.0,
1624,1.341644525527954,0.08947944641113281,0.708072304725647,0.4974067807197571,4800.0,
1625,-1.214620590209961,1.0239274501800537,0.11488384008407593,0.4966983199119568,4808.0,
1626,1.3390638828277588,0.08806675672531128,0.7062256932258606,0.49604007601737976,4816.0,
1627,-1.2041064500808716,1.0295376777648926,0.1166003942489624,0.49542924761772156,4824.0,
1628,1.335944414138794,0.08669388294219971,0.7044183611869812,0.4948650896549225,4832.0,
1629,-1.194480061531067,1.035154938697815,0.11829483509063721,0.49435490369796753,4840.0,
1630,1.3341273069381714,0.08535075187683105,0.702654242515564,0.49388641119003296,4848.0,
1631,-1.1847052574157715,1.0407614707946777,0.11995607614517212,0.49347665905952454,4856.0,
1632,1.3327040672302246,0.08401072025299072,0.7009206414222717,0.4931100904941559,4864.0,
1633,-1.1732168197631836,1.0463767051696777,0.12159162759780884,0.49278363585472107,4872.0,
1634,1.3305152654647827,0.08268135786056519,0.699224591255188,0.4925016462802887,4880.0,
1635,-1.1617262363433838,1.051970362663269,0.123191237449646,0.4922553598880768,4888.0,
1636,1.327178955078125,0.08138465881347656,0.6975626945495605,0.492038756608963,4896.0,
1637,-1.15118408203125,1.057565689086914,0.1247568130493164,0.4918610155582428,4904.0,
1638,1.3244104385375977,0.08003151416778564,0.6959294080734253,0.4917006194591522,4912.0,
1639,-1.141088843345642,1.0630828142166138,0.12628644704818726,0.4915650188922882,4920.0,
1640,1.3214540481567383,0.07869592308998108,0.6943143010139465,0.49144864082336426,4928.0,
1641,-1.1324676275253296,1.068591594696045,0.1277761459350586,0.49135780334472656,4936.0,
1642,1.3191955089569092,0.07732665538787842,0.6927127838134766,0.4912741482257843,4944.0,
1643,-1.1223158836364746,1.0740615129470825,0.12926292419433594,0.49119728803634644,4952.0,
1644,1.3173860311508179,0.07591551542282104,0.6911522150039673,0.4911201000213623,4960.0,
1645,-1.1111621856689453,1.079497218132019,0.1306464970111847,0.4910377264022827,4968.0,
1646,1.3158360719680786,0.07444939017295837,0.6896011829376221,0.4909564256668091,4976.0,
1647,-1.0997663736343384,1.0848872661590576,0.1320328712463379,0.49085062742233276,4984.0,
1648,1.3096985816955566,0.072939932346344,0.6880645751953125,0.4907403886318207,4992.0,
1649,-1.0921716690063477,1.090207815170288,0.1333700716495514,0.490619033575058,5000.0,
1650,1.3100714683532715,0.07133954763412476,0.6865310072898865,0.49048134684562683,5008.0,
1651,-1.0827224254608154,1.0955145359039307,0.13467064499855042,0.49031972885131836,5016.0,
1652,1.3062007427215576,0.06964656710624695,0.6850048303604126,0.4901255667209625,5024.0,
1653,-1.073844075202942,1.100745439529419,0.1359308362007141,0.48990270495414734,5032.0,
1654,1.3057323694229126,0.06782561540603638,0.6834837794303894,0.4896450340747833,5040.0,
1655,-1.0644330978393555,1.1059499979019165,0.1371590495109558,0.4893479645252228,5048.0,
1656,1.303660273551941,0.0658838152885437,0.6819748282432556,0.48902371525764465,5056.0,
1657,-1.0546581745147705,1.1110988855361938,0.13834935426712036,0.48866158723831177,5064.0,
1658,1.3001830577850342,0.06379303336143494,0.6804519891738892,0.48825719952583313,5072.0,
1659,-1.045207142829895,1.1161898374557495,0.13950186967849731,0.4878067970275879,5080.0,
1660,1.2989816665649414,0.0615311861038208,0.6789236664772034,0.4873235821723938,5088.0,
1661,-1.0353796482086182,1.121267557144165,0.14062237739562988,0.48679742217063904,5096.0,
1662,1.2961101531982422,0.0590800940990448,0.6773940920829773,0.48623624444007874,5104.0,
1663,-1.025891900062561,1.1263090372085571,0.141709566116333,0.4856264889240265,5112.0,
1664,1.2931604385375977,0.05641329288482666,0.6758512258529663,0.48498955368995667,5120.0,
1665,-1.017081379890442,1.1313254833221436,0.14276599884033203,0.4843158423900604,5128.0,
1666,1.2923517227172852,0.05352741479873657,0.6742960214614868,0.4836042523384094,5136.0,
1667,-1.0092997550964355,1.1363343000411987,0.1438038945198059,0.48285335302352905,5144.0,
1668,1.2889024019241333,0.05037128925323486,0.6727290153503418,0.4820675849914551,5152.0,
1669,-0.9984561204910278,1.141344428062439,0.14479485154151917,0.48126399517059326,5160.0,
1670,1.2863929271697998,0.04696601629257202,0.6711475849151611,0.48042985796928406,5168.0,
1671,-0.9908075332641602,1.1463748216629028,0.14577531814575195,0.47957444190979004,5176.0,
1672,1.2839491367340088,0.04326370358467102,0.6695446372032166,0.47869643568992615,5184.0,
1673,-0.9831318855285645,1.1514390707015991,0.14672765135765076,0.4778133034706116,5192.0,
1674,1.2828514575958252,0.03922659158706665,0.6679269075393677,0.47691109776496887,5200.0,
1675,-0.9712860584259033,1.156564712524414,0.14765915274620056,0.4759964048862457,5208.0,
1676,1.278568148612976,0.03489631414413452,0.6662809252738953,0.47507622838020325,5216.0,
1677,-0.9680303335189819,1.1617438793182373,0.14858320355415344,0.47415891289711,5224.0,
1678,1.2783676385879517,0.030173122882843018,0.664618968963623,0.4732339084148407,5232.0,
1679,-0.9552394151687622,1.1670666933059692,0.14948689937591553,0.47233569622039795,5240.0,
1680,1.275167465209961,0.025111615657806396,0.6629341244697571,0.47143808007240295,5248.0,
1681,-0.9526004791259766,1.1724815368652344,0.15038269758224487,0.47055715322494507,5256.0,
1682,1.2780768871307373,0.019636094570159912,0.6612206101417542,0.46968895196914673,5264.0,
1683,-0.939759373664856,1.178095817565918,0.15126943588256836,0.46884381771087646,5272.0,
1684,1.2731258869171143,0.013751596212387085,0.659491240978241,0.4680272936820984,5280.0,
1685,-0.9309051036834717,1.1838618516921997,0.15214693546295166,0.4672309160232544,5288.0,
1686,1.2712733745574951,0.007454872131347656,0.6577355265617371,0.4664740264415741,5296.0,
1687,-0.921682596206665,1.1898643970489502,0.15302228927612305,0.4657430350780487,5304.0,
1688,1.2677234411239624,0.000734180212020874,0.6559546589851379,0.46504905819892883,5312.0,
1689,-0.9143013954162598,1.1961147785186768,0.15389782190322876,0.46439608931541443,5320.0,
1690,1.264884114265442,-0.006444483995437622,0.6541554927825928,0.4637724757194519,5328.0,
1691,-0.9067392349243164,1.2026804685592651,0.15478098392486572,0.4632013738155365,5336.0,
1692,1.2640914916992188,-0.014080047607421875,0.6523244380950928,0.4626643657684326,5344.0,
1693,-0.8996200561523438,1.2096352577209473,0.15565943717956543,0.4621734023094177,5352.0,
1694,1.262390375137329,-0.02217036485671997,0.6504848003387451,0.46173590421676636,5360.0,
1695,-0.891416072845459,1.2168850898742676,0.15654897689819336,0.4613164961338043,5368.0,
1696,1.2613275051116943,-0.030734658241271973,0.6486177444458008,0.46094536781311035,5376.0,
1697,-0.8830664157867432,1.224621057510376,0.15745556354522705,0.4606204032897949,5384.0,
1698,1.2586687803268433,-0.039782047271728516,0.6467323303222656,0.46033182740211487,5392.0,
1699,-0.8743939399719238,1.2327990531921387,0.15835046768188477,0.4600883722305298,5400.0,
1700,1.2559250593185425,-0.049284934997558594,0.6448280215263367,0.45987945795059204,5408.0,
1701,-0.86661696434021,1.24152410030365,0.15929579734802246,0.45969900488853455,5416.0,
1702,1.2545764446258545,-0.05925452709197998,0.6429057121276855,0.4595562517642975,5424.0,
1703,-0.8603377342224121,1.2508301734924316,0.16024476289749146,0.45944076776504517,5432.0,
1704,1.2534701824188232,-0.0697108805179596,0.6409748792648315,0.45935654640197754,5440.0,
1705,-0.8509438037872314,1.2607561349868774,0.16121286153793335,0.45928847789764404,5448.0,
1706,1.2515325546264648,-0.0805654525756836,0.6390215158462524,0.4592463970184326,5456.0,
1707,-0.8430440425872803,1.2713629007339478,0.16219675540924072,0.45922067761421204,5464.0,
1708,1.2469592094421387,-0.09185326099395752,0.6370595693588257,0.4592008888721466,5472.0,
1709,-0.8360620737075806,1.2826896905899048,0.1632099151611328,0.4591991901397705,5480.0,
1710,1.246694803237915,-0.10357171297073364,0.6350917816162109,0.45920607447624207,5488.0,
1711,-0.8287807703018188,1.294851541519165,0.16424167156219482,0.4592169523239136,5496.0,
1712,1.2453275918960571,-0.11565154790878296,0.6331251859664917,0.4592193067073822,5504.0,
1713,-0.8214712142944336,1.307862401008606,0.1652987003326416,0.45922043919563293,5512.0,
1714,1.2425165176391602,-0.12813252210617065,0.6311476230621338,0.45920899510383606,5520.0,
1715,-0.8129260540008545,1.3217920064926147,0.16638636589050293,0.45919519662857056,5528.0,
1716,1.2414473295211792,-0.14092305302619934,0.6291676163673401,0.45916181802749634,5536.0,
1717,-0.8058141469955444,1.3366718292236328,0.16749966144561768,0.459105908870697,5544.0,
1718,1.238635778427124,-0.1540079116821289,0.6271951794624329,0.45904234051704407,5552.0,
1719,-0.7987334728240967,1.3525561094284058,0.16863977909088135,0.45894452929496765,5560.0,
1720,1.2369569540023804,-0.16730856895446777,0.6252155900001526,0.4588257670402527,5568.0,
1721,-0.7912493944168091,1.3695240020751953,0.16980135440826416,0.4586793780326843,5576.0,
1722,1.2346835136413574,-0.18082863092422485,0.6232486963272095,0.458499550819397,5584.0,
1723,-0.7840855121612549,1.387621521949768,0.17100048065185547,0.4582931101322174,5592.0,
1724,1.232837438583374,-0.19445085525512695,0.6212908029556274,0.45805174112319946,5600.0,
1725,-0.7772142887115479,1.40696120262146,0.17221605777740479,0.4577766954898834,5608.0,
1726,1.2311217784881592,-0.20822495222091675,0.6193457841873169,0.4574665129184723,5616.0,
1727,-0.7706592082977295,1.4275050163269043,0.17346811294555664,0.4571208953857422,5624.0,
1728,1.2292287349700928,-0.2220449447631836,0.6174077391624451,0.4567412734031677,5632.0,
1729,-0.7627320289611816,1.4493815898895264,0.17474400997161865,0.4563237726688385,5640.0,
1730,1.2276225090026855,-0.23574700951576233,0.6154805421829224,0.45587512850761414,5648.0,
1731,-0.7565577030181885,1.472609281539917,0.17604762315750122,0.4553911089897156,5656.0,
1732,1.2255440950393677,-0.24943840503692627,0.6135804057121277,0.4548757076263428,5664.0,
1733,-0.7496528625488281,1.4971908330917358,0.17737805843353271,0.4543239176273346,5672.0,
1734,1.2244226932525635,-0.26291584968566895,0.6116973161697388,0.453748494386673,5680.0,
1735,-0.7419812679290771,1.52323579788208,0.1787264347076416,0.45314401388168335,5688.0,
1736,1.2219429016113281,-0.2761346399784088,0.6098384857177734,0.4525039494037628,5696.0,
1737,-0.7349057197570801,1.5507192611694336,0.1801055669784546,0.4518495500087738,5704.0,
1738,1.2195565700531006,-0.2890443205833435,0.6080116033554077,0.45117515325546265,5712.0,
1739,-0.7285774946212769,1.5797362327575684,0.1814945936203003,0.45048490166664124,5720.0,
1740,1.2188578844070435,-0.30141428112983704,0.6061831712722778,0.4497711658477783,5728.0,
1741,-0.7223050594329834,1.6103005409240723,0.18291598558425903,0.44904637336730957,5736.0,
1742,1.2173717021942139,-0.313312828540802,0.604394793510437,0.4483087360858917,5744.0,
1743,-0.7150764465332031,1.6424789428710938,0.1843433976173401,0.44758161902427673,5752.0,
1744,1.2151474952697754,-0.32465362548828125,0.6026360392570496,0.4468476176261902,5760.0,
1745,-0.7076958417892456,1.6762020587921143,0.18579310178756714,0.4461039900779724,5768.0,
1746,1.2134385108947754,-0.33516377210617065,0.6009020805358887,0.44536706805229187,5776.0,
1747,-0.7012907266616821,1.7115135192871094,0.187252938747406,0.44464099407196045,5784.0,
1748,1.2110989093780518,-0.34498003125190735,0.5992116332054138,0.4439297616481781,5792.0,
1749,-0.6943073272705078,1.7485424280166626,0.18872779607772827,0.4432280659675598,5800.0,
1750,1.2089061737060547,-0.3537026047706604,0.5975341796875,0.4425453841686249,5808.0,
1751,-0.688549280166626,1.786980152130127,0.1902141571044922,0.44188132882118225,5816.0,
1752,1.2071812152862549,-0.36154982447624207,0.595897376537323,0.4412443935871124,5824.0,
1753,-0.6813364028930664,1.827419400215149,0.1917089819908142,0.4406239092350006,5832.0,
1754,1.2047028541564941,-0.3680592179298401,0.594294548034668,0.44004026055336,5840.0,
1755,-0.6766183376312256,1.8688576221466064,0.19320762157440186,0.4394885003566742,5848.0,
1756,1.2048697471618652,-0.3731628656387329,0.5927137732505798,0.4389584958553314,5856.0,
1757,-0.6702724695205688,1.9125428199768066,0.19470912218093872,0.43847179412841797,5864.0,
1758,1.2028928995132446,-0.37709206342697144,0.5911760330200195,0.43801942467689514,5872.0,
1759,-0.6630396842956543,1.9575490951538086,0.19620954990386963,0.4375983774662018,5880.0,
1760,1.201639175415039,-0.37951207160949707,0.5896630883216858,0.4372144937515259,5888.0,
1761,-0.6557861566543579,2.004326343536377,0.19770550727844238,0.43686607480049133,5896.0,
1762,1.1988105773925781,-0.3802887201309204,0.5881876945495605,0.43655282258987427,5904.0,
1763,-0.6503875255584717,2.052306652069092,0.19921588897705078,0.4362853467464447,5912.0,
1764,1.1972310543060303,-0.37933558225631714,0.5867411494255066,0.43605953454971313,5920.0,
1765,-0.6438720226287842,2.1018335819244385,0.2007083296775818,0.43585193157196045,5928.0,
1766,1.1965277194976807,-0.37631264328956604,0.585320234298706,0.4356902241706848,5936.0,
1767,-0.6376781463623047,2.1530096530914307,0.2021937370300293,0.4355714023113251,5944.0,
1768,1.1941661834716797,-0.3715960383415222,0.5839338302612305,0.43546006083488464,5952.0,
1769,-0.6313908100128174,2.205326557159424,0.20367199182510376,0.4353898763656616,5960.0,
1770,1.19256591796875,-0.3646198809146881,0.5825666785240173,0.43534785509109497,5968.0,
1771,-0.6248173713684082,2.259056568145752,0.2051410675048828,0.435335636138916,5976.0,
1772,1.190455436706543,-0.35542571544647217,0.5812481641769409,0.43534067273139954,5984.0,
1773,-0.6185674667358398,2.314016342163086,0.20659613609313965,0.43536606431007385,5992.0,
1774,1.187509536743164,-0.34433695673942566,0.5799457430839539,0.4353976249694824,6000.0,
1775,-0.6114463806152344,2.370303153991699,0.20804119110107422,0.43545836210250854,6008.0,
1776,1.1887645721435547,-0.32914450764656067,0.5786737203598022,0.4355320930480957,6016.0,
1777,-0.6091060638427734,2.426377773284912,0.20947253704071045,0.4355967342853546,6024.0,
1778,1.1868963241577148,-0.312821626663208,0.577425479888916,0.4356713593006134,6032.0,
1779,-0.602203369140625,2.4846105575561523,0.21087932586669922,0.4357586205005646,6040.0,
1780,1.1846461296081543,-0.2936862111091614,0.5761922597885132,0.4358353614807129,6048.0,
1781,-0.595667839050293,2.5435824394226074,0.21228647232055664,0.435907781124115,6056.0,
1782,1.1831278800964355,-0.2716980576515198,0.5749820470809937,0.4359695017337799,6064.0,
1783,-0.5889508724212646,2.603268623352051,0.21366405487060547,0.4360200762748718,6072.0,
1784,1.1808245182037354,-0.24700218439102173,0.5738085508346558,0.4360666573047638,6080.0,
1785,-0.5839245319366455,2.663278102874756,0.21502482891082764,0.43608957529067993,6088.0,
1786,1.1791648864746094,-0.21913832426071167,0.5726519227027893,0.43608611822128296,6096.0,
1787,-0.5784988403320312,2.7237157821655273,0.21636664867401123,0.4360734820365906,6104.0,
1788,1.1786820888519287,-0.18805992603302002,0.5715145468711853,0.436039537191391,6112.0,
1789,-0.5722670555114746,2.7847392559051514,0.21769750118255615,0.4359634816646576,6120.0,
1790,1.1765291690826416,-0.1541823148727417,0.5703991055488586,0.43586912751197815,6128.0,
1791,-0.5656428337097168,2.8459808826446533,0.21900177001953125,0.43575647473335266,6136.0,
1792,1.1744866371154785,-0.11715245246887207,0.569322407245636,0.43559733033180237,6144.0,
1793,-0.5604257583618164,2.906801700592041,0.22029554843902588,0.4354143440723419,6152.0,
1794,1.173107624053955,-0.0766679048538208,0.5682737827301025,0.435205340385437,6160.0,
1795,-0.554999828338623,2.9677236080169678,0.22156500816345215,0.4349577724933624,6168.0,
1796,1.1717725992202759,-0.032895565032958984,0.5672503709793091,0.43467530608177185,6176.0,
1797,-0.5488557815551758,3.028432846069336,0.22282004356384277,0.4343741834163666,6184.0,
1798,1.1700457334518433,0.014003157615661621,0.5662720203399658,0.4340265691280365,6192.0,
1799,-0.5433592796325684,3.088475465774536,0.2240620255470276,0.43365898728370667,6200.0,
1800,1.168689250946045,0.06463301181793213,0.5653579831123352,0.4332592785358429,6208.0,
1801,-0.5372934341430664,3.14805269241333,0.22528034448623657,0.43281835317611694,6216.0,
1802,1.1670680046081543,0.11825144290924072,0.5645492672920227,0.4323822855949402,6224.0,
1803,-0.5319881439208984,3.2065954208374023,0.22647830843925476,0.431894987821579,6232.0,
1804,1.1653728485107422,0.1753784418106079,0.5638600587844849,0.43139758706092834,6240.0,
1805,-0.5263392925262451,3.264242649078369,0.2276766300201416,0.43086934089660645,6248.0,
1806,1.1639947891235352,0.23606938123703003,0.5634093284606934,0.43031978607177734,6256.0,
1807,-0.5203554630279541,3.3206801414489746,0.22885805368423462,0.4297645688056946,6264.0,
1808,1.1620407104492188,0.2999637722969055,0.563387393951416,0.4291948676109314,6272.0,
1809,-0.514854907989502,3.375779151916504,0.23003077507019043,0.4286080300807953,6280.0,
1810,1.160501480102539,0.3674640655517578,0.5643273591995239,0.42800599336624146,6288.0,
1811,-0.5109682083129883,3.4285712242126465,0.23119735717773438,0.4274178743362427,6296.0,
1812,1.159113883972168,0.43831467628479004,0.5681360960006714,0.426816463470459,6304.0,
1813,-0.5043032169342041,3.4805057048797607,0.23236215114593506,0.42621904611587524,6312.0,
1814,1.1576085090637207,0.5124713778495789,0.5921187400817871,0.42562878131866455,6320.0,
1815,-0.4987053871154785,3.530043601989746,0.23355013132095337,0.4250330626964569,6328.0,
1816,1.1555867195129395,0.5896697640419006,0.5151690244674683,0.4244559705257416,6336.0,
1817,-0.4939689636230469,3.577409267425537,0.2345704436302185,0.4238937199115753,6344.0,
1818,1.1544885635375977,0.6704221963882446,0.5391426086425781,0.4233408570289612,6352.0,
1819,-0.4880228042602539,3.622469186782837,0.23575592041015625,0.4228004515171051,6360.0,
1820,1.1527847051620483,0.753951907157898,0.5429181456565857,0.42229247093200684,6368.0,
1821,-0.4829714298248291,3.6647257804870605,0.23690581321716309,0.42180100083351135,6376.0,
1822,1.1514509916305542,0.8408154249191284,0.5437986850738525,0.4213440716266632,6384.0,
1823,-0.4781157970428467,3.704249858856201,0.23805785179138184,0.4208955764770508,6392.0,
1824,1.1502845287322998,0.930707573890686,0.5437101125717163,0.42048025131225586,6400.0,
1825,-0.472456693649292,3.7409815788269043,0.23920750617980957,0.420106440782547,6408.0,
1826,1.1483359336853027,1.0232391357421875,0.5431718826293945,0.4197433888912201,6416.0,
1827,-0.4667644500732422,3.7747962474823,0.24035722017288208,0.41943928599357605,6424.0,
1828,1.1467244625091553,1.1184606552124023,0.542391836643219,0.419152170419693,6432.0,
1829,-0.4619321823120117,3.8048062324523926,0.24151653051376343,0.4189039170742035,6440.0,
1830,1.1451175212860107,1.2162559032440186,0.5414714217185974,0.4186725914478302,6448.0,
1831,-0.45700812339782715,3.8315460681915283,0.24267297983169556,0.41850948333740234,6456.0,
1832,1.1439683437347412,1.3165113925933838,0.5404580235481262,0.4183579683303833,6464.0,
1833,-0.45206117630004883,3.854556083679199,0.24384599924087524,0.4182726740837097,6472.0,
1834,1.1423883438110352,1.4193037748336792,0.5393837094306946,0.41811251640319824,6480.0,
1835,-0.44673824310302734,3.8736984729766846,0.24504023790359497,0.4180796146392822,6488.0,
1836,1.1411564350128174,1.5245730876922607,0.5382471084594727,0.4180591404438019,6496.0,
1837,-0.44029712677001953,3.8890092372894287,0.24624836444854736,0.41805437207221985,6504.0,
1838,1.1395914554595947,1.6308996677398682,0.537082314491272,0.41808000206947327,6512.0,
1839,-0.436382532119751,3.899911403656006,0.24746978282928467,0.4181273579597473,6520.0,
1840,1.1377261877059937,1.7389129400253296,0.5358898639678955,0.41819608211517334,6528.0,
1841,-0.43200230598449707,3.906806468963623,0.2487054467201233,0.418280690908432,6536.0,
1842,1.1373021602630615,1.8492331504821777,0.5346759557723999,0.41835546493530273,6544.0,
1843,-0.4262111186981201,3.908754587173462,0.2499544620513916,0.4185034930706024,6552.0,
1844,1.1351171731948853,1.96091628074646,0.5334522128105164,0.4186328053474426,6560.0,
1845,-0.4207991361618042,3.906792640686035,0.25121474266052246,0.41877061128616333,6568.0,
1846,1.13322913646698,2.0735347270965576,0.53221595287323,0.4189070165157318,6576.0,
1847,-0.41608691215515137,3.9002065658569336,0.2524924874305725,0.4190404713153839,6584.0,
1848,1.132412075996399,2.1869354248046875,0.5309869050979614,0.4192362129688263,6592.0,
1849,-0.41128313541412354,3.8883485794067383,0.2537873387336731,0.419346421957016,6600.0,
1850,1.1308962106704712,2.3011462688446045,0.5297613739967346,0.4194953739643097,6608.0,
1851,-0.4063204526901245,3.8719208240509033,0.2551093101501465,0.4196004867553711,6616.0,
1852,1.1293995380401611,2.415982961654663,0.5285402536392212,0.41972845792770386,6624.0,
1853,-0.40133368968963623,3.85060715675354,0.2564396262168884,0.41984981298446655,6632.0,
1854,1.1280593872070312,2.5311102867126465,0.5273139476776123,0.4199202358722687,6640.0,
1855,-0.39599645137786865,3.8242197036743164,0.2577900290489197,0.41998735070228577,6648.0,
1856,1.126236915588379,2.6460518836975098,0.5261061191558838,0.4200418293476105,6656.0,
1857,-0.3913158178329468,3.7930221557617188,0.25915902853012085,0.42006349563598633,6664.0,
1858,1.1252323389053345,2.76076078414917,0.5249087810516357,0.4200650453567505,6672.0,
1859,-0.3866128921508789,3.7561757564544678,0.26054316759109497,0.42006146907806396,6680.0,
1860,1.1238493919372559,2.8751487731933594,0.5237307548522949,0.4200241267681122,6688.0,
1861,-0.38164234161376953,3.7148098945617676,0.2619292736053467,0.41992267966270447,6696.0,
1862,1.1219099760055542,2.988579273223877,0.5225696563720703,0.41987133026123047,6704.0,
1863,-0.37698936462402344,3.6684632301330566,0.2633402943611145,0.41969406604766846,6712.0,
1864,1.12087881565094,3.1009280681610107,0.5214288830757141,0.4195915758609772,6720.0,
1865,-0.3724147081375122,3.6165146827697754,0.26475775241851807,0.4193398952484131,6728.0,
1866,1.1193088293075562,3.212695837020874,0.5203089714050293,0.41913747787475586,6736.0,
1867,-0.36685240268707275,3.559567451477051,0.2661716938018799,0.4188888967037201,6744.0,
1868,1.1177949905395508,3.3223283290863037,0.5192174911499023,0.41862329840660095,6752.0,
1869,-0.3625009059906006,3.497723340988159,0.2676210403442383,0.41833436489105225,6760.0,
1870,1.1161088943481445,3.4297983646392822,0.5181511640548706,0.4179900288581848,6768.0,
1871,-0.3590162992477417,3.431401014328003,0.26906442642211914,0.4176647365093231,6776.0,
1872,1.1152217388153076,3.536339282989502,0.5171141028404236,0.4172934591770172,6784.0,
1873,-0.35290980339050293,3.3588039875030518,0.27052003145217896,0.41690126061439514,6792.0,
1874,1.113879919052124,3.640153408050537,0.516106367111206,0.41648417711257935,6800.0,
1875,-0.3481621742248535,3.282097816467285,0.27197265625,0.41607365012168884,6808.0,
1876,1.1118038892745972,3.7413032054901123,0.5151177644729614,0.4156293570995331,6816.0,
1877,-0.3439674377441406,3.2011046409606934,0.2734413743019104,0.4151729643344879,6824.0,
1878,1.1108511686325073,3.8395297527313232,0.5141542553901672,0.4147054851055145,6832.0,
1879,-0.3391280174255371,3.114379405975342,0.2748810052871704,0.4142375886440277,6840.0,
1880,1.1095561981201172,3.934953212738037,0.5132296085357666,0.4137602746486664,6848.0,
1881,-0.335158109664917,3.0236055850982666,0.2763313055038452,0.4132770895957947,6856.0,
1882,1.1077766418457031,4.027547836303711,0.5123312473297119,0.4127987027168274,6864.0,
1883,-0.3301161527633667,2.9284138679504395,0.277768611907959,0.4123218357563019,6872.0,
1884,1.1066533327102661,4.116214752197266,0.5114671587944031,0.411843866109848,6880.0,
1885,-0.3254131078720093,2.8287298679351807,0.2791993021965027,0.411383718252182,6888.0,
1886,1.10538911819458,4.200727939605713,0.510630190372467,0.4109311103820801,6896.0,
1887,-0.32143712043762207,2.7250051498413086,0.28061819076538086,0.4104825258255005,6904.0,
1888,1.104332685470581,4.282189846038818,0.5098227858543396,0.4100581705570221,6912.0,
1889,-0.3164912462234497,2.6168150901794434,0.28201550245285034,0.4096488058567047,6920.0,
1890,1.1023277044296265,4.359941482543945,0.509045422077179,0.40925824642181396,6928.0,
1891,-0.3112219572067261,2.5050764083862305,0.28340378403663635,0.4088931679725647,6936.0,
1892,1.1008185148239136,4.432336807250977,0.5082992911338806,0.4085492491722107,6944.0,
1893,-0.30785059928894043,2.39026141166687,0.28476056456565857,0.40822580456733704,6952.0,
1894,1.0995327234268188,4.500779628753662,0.5075715184211731,0.40793099999427795,6960.0,
1895,-0.303594172000885,2.271515369415283,0.2861092984676361,0.4076635539531708,6968.0,
1896,1.0991207361221313,4.564218044281006,0.5068661570549011,0.4074248671531677,6976.0,
1897,-0.2979864478111267,2.148512840270996,0.28742101788520813,0.40721768140792847,6984.0,
1898,1.0972459316253662,4.623366355895996,0.5061851143836975,0.407039612531662,6992.0,
1899,-0.2935805320739746,2.0237579345703125,0.288705050945282,0.40689170360565186,7000.0,
1900,1.0955379009246826,4.677433967590332,0.5055319666862488,0.4067690968513489,7008.0,
1901,-0.28975868225097656,1.8962088823318481,0.28997373580932617,0.40668073296546936,7016.0,
1902,1.0943619012832642,4.726141452789307,0.5048885345458984,0.40661489963531494,7024.0,
1903,-0.28527653217315674,1.765470266342163,0.2911994159221649,0.4065834581851959,7032.0,
1904,1.0931010246276855,4.770057678222656,0.5042682886123657,0.4065825939178467,7040.0,
1905,-0.28074127435684204,1.6325074434280396,0.2923993468284607,0.4066125154495239,7048.0,
1906,1.0919256210327148,4.807976722717285,0.5036563277244568,0.40666839480400085,7056.0,
1907,-0.276750385761261,1.4978139400482178,0.2935596704483032,0.4067288339138031,7064.0,
1908,1.0906275510787964,4.8408684730529785,0.5030571818351746,0.40682750940322876,7072.0,
1909,-0.27127915620803833,1.3600820302963257,0.29469034075737,0.40694496035575867,7080.0,
1910,1.0889605283737183,4.868668556213379,0.5024592876434326,0.4070829749107361,7088.0,
1911,-0.2672620415687561,1.2219507694244385,0.2957790195941925,0.4072376787662506,7096.0,
1912,1.0871334075927734,4.890590667724609,0.5018753409385681,0.4074070155620575,7104.0,
1913,-0.26332759857177734,1.0824826955795288,0.29683658480644226,0.4075870215892792,7112.0,
1914,1.0860204696655273,4.906534194946289,0.5012863874435425,0.40777766704559326,7120.0,
1915,-0.2590678930282593,0.941464900970459,0.2978542447090149,0.4079749584197998,7128.0,
1916,1.0849615335464478,4.916806697845459,0.500699520111084,0.40817615389823914,7136.0,
1917,-0.2552270293235779,0.7999547719955444,0.2988355755805969,0.4083905816078186,7144.0,
1918,1.0839887857437134,4.921361923217773,0.5001028776168823,0.4085961878299713,7152.0,
1919,-0.25054341554641724,0.6574516892433167,0.29978087544441223,0.40880200266838074,7160.0,
1920,1.0821149349212646,4.920485496520996,0.4995022416114807,0.4090045094490051,7168.0,
1921,-0.2454705834388733,0.5142620801925659,0.3006811738014221,0.40920019149780273,7176.0,
1922,1.080352783203125,4.914004802703857,0.4988880753517151,0.40937623381614685,7184.0,
1923,-0.24139320850372314,0.37152624130249023,0.30155473947525024,0.40956011414527893,7192.0,
1924,1.0792275667190552,4.901437759399414,0.49826258420944214,0.40971916913986206,7200.0,
1925,-0.23856210708618164,0.23012733459472656,0.302379846572876,0.40987083315849304,7208.0,
1926,1.0784060955047607,4.882521152496338,0.497616171836853,0.40999993681907654,7216.0,
1927,-0.23338425159454346,0.0876365602016449,0.3031812608242035,0.41011059284210205,7224.0,
1928,1.0770447254180908,4.858628749847412,0.4969511032104492,0.4101996123790741,7232.0,
1929,-0.22929930686950684,-0.053557388484478,0.30394697189331055,0.4102831780910492,7240.0,
1930,1.0750958919525146,4.8293938636779785,0.49626022577285767,0.4103201627731323,7248.0,
1931,-0.22564440965652466,-0.19359341263771057,0.30468249320983887,0.4103453755378723,7256.0,
1932,1.073931097984314,4.793987274169922,0.4955402612686157,0.41034996509552,7264.0,
1933,-0.22090864181518555,-0.33309295773506165,0.30538201332092285,0.41032567620277405,7272.0,
1934,1.0730257034301758,4.7531256675720215,0.4947858452796936,0.4102599024772644,7280.0,
1935,-0.21691399812698364,-0.4702305793762207,0.30606144666671753,0.41019728779792786,7288.0,
1936,1.0723108053207397,4.706289291381836,0.49400949478149414,0.41010117530822754,7296.0,
1937,-0.21320080757141113,-0.6050707101821899,0.3067198097705841,0.40996986627578735,7304.0,
1938,1.069862723350525,4.6554059982299805,0.4931945204734802,0.4098266065120697,7312.0,
1939,-0.20823180675506592,-0.7402617335319519,0.3073517382144928,0.4096449911594391,7320.0,
1940,1.0693718194961548,4.598491668701172,0.492348313331604,0.40944814682006836,7328.0,
1941,-0.20502275228500366,-0.8706254959106445,0.30796170234680176,0.40922921895980835,7336.0,
1942,1.0684690475463867,4.5359392166137695,0.4914640784263611,0.40898218750953674,7344.0,
1943,-0.20086917281150818,-0.9995712041854858,0.3085566461086273,0.40871623158454895,7352.0,
1944,1.0659096240997314,4.468757629394531,0.49053823947906494,0.40843698382377625,7360.0,
1945,-0.19477009773254395,-1.1283562183380127,0.3091505169868469,0.4081352651119232,7368.0,
1946,1.0656636953353882,4.397424697875977,0.4895712733268738,0.4078156352043152,7376.0,
1947,-0.19253003597259521,-1.250317096710205,0.30972200632095337,0.40748822689056396,7384.0,
1948,591.293212890625,-795.3636474609375,0.48855406045913696,0.40714937448501587,7392.0,
1949,505.7904052734375,42.83359909057617,0.3103034198284149,0.40679416060447693,7400.0,
1950,1.0633805990219116,4.2403059005737305,0.4875074625015259,0.4064443111419678,7408.0,
1951,-0.18425002694129944,-1.4881199598312378,0.31087562441825867,0.4060748517513275,7416.0,
1952,1.060908555984497,4.155644416809082,0.48641037940979004,0.4057006239891052,7424.0,
1953,-0.17997533082962036,-1.602837085723877,0.311451256275177,0.4053333103656769,7432.0,
1954,1.059645175933838,4.066293716430664,0.485260009765625,0.4049571454524994,7440.0,
1955,-0.1762399971485138,-1.7124712467193604,0.3120298385620117,0.40459150075912476,7448.0,
1956,1.0588607788085938,3.971665620803833,0.4840913414955139,0.40422993898391724,7456.0,
1957,-0.17165175080299377,-1.8186918497085571,0.3126285672187805,0.40387922525405884,7464.0,
1958,1.0569486618041992,3.8742165565490723,0.4828674793243408,0.40353643894195557,7472.0,
1959,-0.16762462258338928,-1.9217606782913208,0.31323984265327454,0.403199702501297,7480.0,
1960,1.055518627166748,3.7733826637268066,0.48161762952804565,0.40287795662879944,7488.0,
1961,-0.1644027829170227,-2.0203466415405273,0.31386691331863403,0.4025796353816986,7496.0,
1962,1.0541632175445557,3.6684131622314453,0.4803128242492676,0.4022922217845917,7504.0,
1963,-0.16023877263069153,-2.1151552200317383,0.31451132893562317,0.40202197432518005,7512.0,
1964,1.053554892539978,3.560455322265625,0.478973388671875,0.4017714262008667,7520.0,
1965,-0.15643197298049927,-2.204721212387085,0.31518957018852234,0.4015442132949829,7528.0,
1966,1.0522783994674683,3.4490323066711426,0.47760456800460815,0.4013441205024719,7536.0,
1967,-0.15236908197402954,-2.290504217147827,0.31589287519454956,0.4011663794517517,7544.0,
1968,1.0495283603668213,3.3354885578155518,0.47620242834091187,0.40100523829460144,7552.0,
1969,-0.14817145466804504,-2.3732080459594727,0.31663522124290466,0.4008786380290985,7560.0,
1970,1.0497270822525024,3.219385862350464,0.47476494312286377,0.4007813334465027,7568.0,
1971,-0.14523181319236755,-2.447963237762451,0.31740880012512207,0.40069565176963806,7576.0,
1972,1.0488227605819702,3.0986227989196777,0.4733036756515503,0.4006423354148865,7584.0,
1973,-0.1401788592338562,-2.5200490951538086,0.31821513175964355,0.4006158709526062,7592.0,
1974,1.0459461212158203,2.9771671295166016,0.47181838750839233,0.40061941742897034,7600.0,
1975,-0.13584747910499573,-2.5889010429382324,0.319067120552063,0.40064284205436707,7608.0,
1976,1.0444691181182861,2.8546290397644043,0.4703110456466675,0.4006911516189575,7616.0,
1977,-0.13290780782699585,-2.651561975479126,0.3199629783630371,0.40077173709869385,7624.0,
1978,1.044079303741455,2.7311534881591797,0.46879976987838745,0.40086305141448975,7632.0,
1979,-0.13126599788665771,-2.708296775817871,0.32090622186660767,0.4009867012500763,7640.0,
1980,1.0433907508850098,2.6019113063812256,0.4672579765319824,0.40113380551338196,7648.0,
1981,-0.12464499473571777,-2.7607665061950684,0.32189589738845825,0.4012915790081024,7656.0,
1982,1.0419721603393555,2.4736812114715576,0.4657171368598938,0.4014717638492584,7664.0,
1983,-0.1207629144191742,-2.8085381984710693,0.32293224334716797,0.401665598154068,7672.0,
1984,1.0390914678573608,2.344452142715454,0.4641650319099426,0.4018782675266266,7680.0,
1985,-0.11782792210578918,-2.852476119995117,0.3240208029747009,0.40210288763046265,7688.0,
1986,1.0389704704284668,2.213862419128418,0.46261388063430786,0.4023457169532776,7696.0,
1987,-0.11464402079582214,-2.8895883560180664,0.32514894008636475,0.40257489681243896,7704.0,
1988,1.0377299785614014,2.0826194286346436,0.46107712388038635,0.40282994508743286,7712.0,
1989,-0.11146882176399231,-2.9230284690856934,0.32634228467941284,0.4030902683734894,7720.0,
1990,1.0369638204574585,1.9495209455490112,0.45953842997550964,0.40334823727607727,7728.0,
1991,-0.10655266046524048,-2.950648069381714,0.3275839686393738,0.4036082625389099,7736.0,
1992,1.035528540611267,1.8168654441833496,0.4580141305923462,0.40386953949928284,7744.0,
1993,-0.10255628824234009,-2.974062919616699,0.32887279987335205,0.4041212797164917,7752.0,
1994,1.034837245941162,1.6837822198867798,0.4565017819404602,0.4043760299682617,7760.0,
1995,-0.09810858964920044,-2.9912877082824707,0.33021610975265503,0.4046255648136139,7768.0,
1996,1.0326597690582275,1.5520224571228027,0.45502835512161255,0.4048541486263275,7776.0,
1997,-0.09634310007095337,-3.005706548690796,0.33159786462783813,0.4050852656364441,7784.0,
1998,1.0282084941864014,1.4178352355957031,0.4535652995109558,0.40532514452934265,7792.0,
1999,-0.09281113743782043,-3.0171265602111816,0.3330317735671997,0.4054950475692749,7800.0,
2000,1.0346311330795288,1.2866815328598022,0.45214134454727173,0.4056774377822876,7808.0,
2001,-0.08830362558364868,-3.013779640197754,0.3345077633857727,0.40584027767181396,7816.0,
2002,1.031158208847046,1.1529152393341064,0.45074570178985596,0.40600013732910156,7824.0,
2003,-0.08423727750778198,-3.0150833129882812,0.3360323905944824,0.40612736344337463,7832.0,
2004,1.0289257764816284,1.020267128944397,0.44938793778419495,0.4062440097332001,7840.0,
2005,-0.0788756012916565,-3.0096957683563232,0.3375948667526245,0.4063364267349243,7848.0,
2006,1.0227713584899902,0.8862448930740356,0.4480694830417633,0.40640658140182495,7856.0,
2007,-0.07381266355514526,-3.001769542694092,0.33918631076812744,0.4064588248729706,7864.0,
2008,1.0240812301635742,0.7601098418235779,0.44679298996925354,0.4064830243587494,7872.0,
2009,-0.07361376285552979,-2.985279083251953,0.3408103585243225,0.4064815938472748,7880.0,
2010,1.0234719514846802,0.6311744451522827,0.44557076692581177,0.40646204352378845,7888.0,
2011,-0.07171159982681274,-2.965424060821533,0.3424718379974365,0.4064212739467621,7896.0,
2012,1.022316336631775,0.5016579031944275,0.444393128156662,0.4063585698604584,7904.0,
2013,-0.06831580400466919,-2.941769599914551,0.3441585898399353,0.40627506375312805,7912.0,
2014,1.0231481790542603,0.375252366065979,0.44326698780059814,0.4061652421951294,7920.0,
2015,-0.06577858328819275,-2.914175510406494,0.3458592891693115,0.4060273766517639,7928.0,
2016,1.0255528688430786,0.25065872073173523,0.44219473004341125,0.40587788820266724,7936.0,
2017,-0.059773385524749756,-2.8805155754089355,0.34758490324020386,0.40571337938308716,7944.0,
2018,1.0248079299926758,0.12780943512916565,0.4411889314651489,0.4055325388908386,7952.0,
2019,-0.05409365892410278,-2.844896078109741,0.349312961101532,0.4053240418434143,7960.0,
2020,1.0225069522857666,0.006487786769866943,0.4402170181274414,0.40510061383247375,7968.0,
2021,-0.047174423933029175,-2.8034260272979736,0.35106098651885986,0.4048599600791931,7976.0,
2022,1.0191774368286133,-0.11252942681312561,0.4393080174922943,0.40461474657058716,7984.0,
2023,-0.042748451232910156,-2.758298397064209,0.35280340909957886,0.4043515622615814,7992.0,
2024,1.0137401819229126,-0.23195311427116394,0.43846505880355835,0.40409013628959656,8000.0,
2025,-0.039257317781448364,-2.7094717025756836,0.354550302028656,0.40381190180778503,8008.0,
2026,1.0124552249908447,-0.3469354808330536,0.4376753568649292,0.40352606773376465,8016.0,
2027,-0.037652403116226196,-2.6564579010009766,0.35628747940063477,0.403229683637619,8024.0,
2028,1.0107650756835938,-0.46053603291511536,0.43693894147872925,0.40293195843696594,8032.0,
2029,-0.036435067653656006,-2.6010966300964355,0.3580138087272644,0.4026467800140381,8040.0,
2030,1.0115463733673096,-0.570900022983551,0.4362596571445465,0.4023595154285431,8048.0,
2031,-0.03243967890739441,-2.539999485015869,0.35972046852111816,0.40209275484085083,8056.0,
2032,1.013272762298584,-0.6776903867721558,0.43563804030418396,0.4018169045448303,8064.0,
2033,-0.02768084406852722,-2.4747934341430664,0.36140692234039307,0.40154460072517395,8072.0,
2034,1.007487177848816,-0.7873629331588745,0.4350650906562805,0.4012701213359833,8080.0,
2035,-0.02249288558959961,-2.4080705642700195,0.36307066679000854,0.4009964168071747,8088.0,
2036,1.0060648918151855,-0.8894389271736145,0.4345420300960541,0.4007457196712494,8096.0,
2037,-0.020147889852523804,-2.338198184967041,0.364698588848114,0.4005056321620941,8104.0,
2038,1.0045896768569946,-0.9894149899482727,0.4340631067752838,0.40028712153434753,8112.0,
2039,-0.01859945058822632,-2.2650046348571777,0.36629563570022583,0.40009036660194397,8120.0,
2040,1.0054911375045776,-1.0855451822280884,0.4336273670196533,0.39990562200546265,8128.0,
2041,-0.015016019344329834,-2.1865479946136475,0.36785656213760376,0.39973706007003784,8136.0,
2042,1.0039308071136475,-1.181291103363037,0.43322983384132385,0.39958876371383667,8144.0,
2043,-0.011382192373275757,-2.105923652648926,0.3693693280220032,0.3994647264480591,8152.0,
2044,1.0021263360977173,-1.2741916179656982,0.43287938833236694,0.3993615508079529,8160.0,
2045,-0.0062792301177978516,-2.021364212036133,0.3708391487598419,0.39928388595581055,8168.0,
2046,1.0014472007751465,-1.3624967336654663,0.43255680799484253,0.39923295378685,8176.0,
2047,-0.0030097663402557373,-1.9356780052185059,0.3722600042819977,0.3991895616054535,8184.0,
