n,adc_buffer,dac_buffer
0,2088,2088
1,2095,2095
2,2107,2107
3,2131,2131
4,2176,2176
5,2238,2238
6,2335,2335
7,2519,2519
8,2487,2487
9,2315,2315
10,2237,2237
11,2073,2073
12,1987,1987
13,2257,2257
14,1659,1659
15,1999,1999
16,1851,1851
17,1645,1645
18,1601,1601
19,1595,1595
20,1603,1603
21,1578,1578
22,1598,1598
23,1670,1670
24,1505,1505
25,1494,1494
26,1477,1477
27,1384,1384
28,1645,1645
29,2188,2188
30,2204,2204
31,2385,2385
32,2299,2299
33,2287,2287
34,2471,2471
35,2509,2509
36,2473,2473
37,2482,2482
38,2388,2388
39,2585,2585
40,2559,2559
41,2663,2663
42,2643,2643
43,2564,2564
44,2351,2351
45,2187,2187
46,2179,2179
47,2146,2146
48,2088,2088
49,2090,2090
50,1981,1981
51,1834,1834
52,1809,1809
53,1833,1833
54,1833,1833
55,1933,1933
56,1946,1946
57,1990,1990
58,1903,1903
59,1841,1841
60,1896,1896
61,2028,2028
62,2059,2059
63,2004,2004
64,2000,2000
65,2014,2014
66,2020,2020
67,2035,2035
68,1963,1963
69,1939,1939
70,2046,2046
71,2145,2145
72,2202,2202
73,2166,2166
74,2029,2029
75,1838,1838
76,1744,1744
77,1728,1728
78,1800,1800
79,1972,1972
80,2109,2109
81,2205,2205
82,2212,2212
83,2098,2098
84,2071,2071
85,2007,2007
86,1947,1947
87,1935,1935
88,1963,1963
89,2001,2001
90,2096,2096
91,2216,2216
92,2224,2224
93,2132,2132
94,2034,2034
95,1939,1939
96,1768,1768
97,1701,1701
98,1663,1663
99,1672,1672
100,1719,1719
101,1796,1796
102,1939,1939
103,2047,2047
104,2058,2058
105,2079,2079
106,2100,2100
107,2082,2082
108,2050,2050
109,2114,2114
110,2244,2244
111,2304,2304
112,2407,2407
113,2549,2549
114,2568,2568
115,2521,2521
116,2492,2492
117,2461,2461
118,2393,2393
119,2361,2361
120,2363,2363
121,2377,2377
122,2336,2336
123,2273,2273
124,2185,2185
125,2082,2082
126,1962,1962
127,1891,1891
128,1875,1875
129,1852,1852
130,1810,1810
131,1795,1795
132,1745,1745
133,1619,1619
134,1538,1538
135,1509,1509
136,1519,1519
137,1536,1536
138,1585,1585
139,1675,1675
140,1777,1777
141,1879,1879
142,1912,1912
143,1929,1929
144,1954,1954
145,1981,1981
146,2073,2073
147,2145,2145
148,2280,2280
149,2409,2409
150,2496,2496
151,2583,2583
152,2646,2646
153,2702,2702
154,2704,2704
155,2684,2684
156,2650,2650
157,2526,2526
158,2439,2439
159,2354,2354
160,2309,2309
161,2241,2241
162,2131,2131
163,2056,2056
164,1907,1907
165,1747,1747
166,1635,1635
167,1554,1554
168,1493,1493
169,1460,1460
170,1505,1505
171,1551,1551
172,1573,1573
173,1635,1635
174,1703,1703
175,1746,1746
176,1777,1777
177,1839,1839
178,1931,1931
179,2027,2027
180,2111,2111
181,2211,2211
182,2299,2299
183,2372,2372
184,2435,2435
185,2491,2491
186,2491,2491
187,2457,2457
188,2429,2429
189,2403,2403
190,2353,2353
191,2293,2293
192,2273,2273
193,2238,2238
194,2211,2211
195,2185,2185
196,2156,2156
197,2076,2076
198,1995,1995
199,1937,1937
200,1899,1899
201,1870,1870
202,1848,1848
203,1852,1852
204,1865,1865
205,1862,1862
206,1879,1879
207,1891,1891
208,1895,1895
209,1925,1925
210,1984,1984
211,2037,2037
212,2064,2064
213,2104,2104
214,2133,2133
215,2135,2135
216,2173,2173
217,2216,2216
218,2253,2253
219,2297,2297
220,2354,2354
221,2386,2386
222,2391,2391
223,2387,2387
224,2351,2351
225,2284,2284
226,2233,2233
227,2181,2181
228,2137,2137
229,2085,2085
230,2053,2053
231,2023,2023
232,1978,1978
233,1926,1926
234,1892,1892
235,1874,1874
236,1842,1842
237,1813,1813
238,1811,1811
239,1804,1804
240,1805,1805
241,1846,1846
242,1926,1926
243,1981,1981
244,2001,2001
245,2027,2027
246,2052,2052
247,2067,2067
248,2083,2083
249,2124,2124
250,2135,2135
251,2160,2160
252,2181,2181
253,2202,2202
254,2243,2243
255,2231,2231
256,2211,2211
257,2181,2181
258,2158,2158
259,2152,2152
260,2136,2136
261,2136,2136
262,2109,2109
263,2104,2104
264,2092,2092
265,2057,2057
266,2019,2019
267,1996,1996
268,1993,1993
269,1973,1973
270,1990,1990
271,2011,2011
272,2013,2013
273,2015,2015
274,2016,2016
275,2046,2046
276,2033,2033
277,2041,2041
278,2084,2084
279,2089,2089
280,2089,2089
281,2092,2092
282,2096,2096
283,2075,2075
284,2050,2050
285,2047,2047
286,2028,2028
287,2013,2013
288,2010,2010
289,2015,2015
290,2019,2019
291,2011,2011
292,2013,2013
293,1997,1997
294,1960,1960
295,1932,1932
296,1921,1921
297,1919,1919
298,1924,1924
299,1932,1932
300,1959,1959
301,1994,1994
302,2015,2015
303,2041,2041
304,2047,2047
305,2061,2061
306,2074,2074
307,2078,2078
308,2086,2086
309,2105,2105
310,2125,2125
311,2141,2141
312,2163,2163
313,2191,2191
314,2191,2191
315,2187,2187
316,2195,2195
317,2203,2203
318,2192,2192
319,2163,2163
320,2139,2139
321,2121,2121
322,2098,2098
323,2086,2086
324,2083,2083
325,2078,2078
326,2056,2056
327,2045,2045
328,2058,2058
329,2049,2049
330,2037,2037
331,2039,2039
332,2043,2043
333,2031,2031
334,2036,2036
335,2056,2056
336,2055,2055
337,2042,2042
338,2056,2056
339,2076,2076
340,2068,2068
341,2062,2062
342,2084,2084
343,2094,2094
344,2088,2088
345,2088,2088
346,2094,2094
347,2074,2074
348,2054,2054
349,2056,2056
350,2059,2059
351,2049,2049
352,2036,2036
353,2035,2035
354,2031,2031
355,2024,2024
356,2021,2021
357,2027,2027
358,2027,2027
359,2015,2015
360,2017,2017
361,2023,2023
362,2020,2020
363,2016,2016
364,2025,2025
365,2026,2026
366,2015,2015
367,2019,2019
368,2025,2025
369,2025,2025
370,2043,2043
371,2071,2071
372,2088,2088
373,2095,2095
374,2114,2114
375,2120,2120
376,2116,2116
377,2111,2111
378,2099,2099
379,2089,2089
380,2077,2077
381,2073,2073
382,2078,2078
383,2085,2085
384,2086,2086
385,2086,2086
386,2091,2091
387,2088,2088
388,2082,2082
389,2076,2076
390,2057,2057
391,2039,2039
392,2038,2038
393,2031,2031
394,2019,2019
395,2022,2022
396,2026,2026
397,2031,2031
398,2036,2036
399,2040,2040
400,2046,2046
401,2037,2037
402,2041,2041
403,2056,2056
404,2070,2070
405,2087,2087
406,2094,2094
407,2117,2117
408,2120,2120
409,2123,2123
410,2132,2132
411,2126,2126
412,2133,2133
413,2133,2133
414,2151,2151
415,2162,2162
416,2156,2156
417,2149,2149
418,2144,2144
419,2132,2132
420,2098,2098
421,2075,2075
422,2067,2067
423,2041,2041
424,2036,2036
425,2038,2038
426,2035,2035
427,2020,2020
428,2013,2013
429,2007,2007
430,1994,1994
431,1972,1972
432,1958,1958
433,1952,1952
434,1948,1948
435,1947,1947
436,1959,1959
437,1977,1977
438,1987,1987
439,2003,2003
440,2021,2021
441,2034,2034
442,2044,2044
443,2047,2047
444,2057,2057
445,2067,2067
446,2073,2073
447,2081,2081
448,2083,2083
449,2081,2081
450,2080,2080
451,2087,2087
452,2091,2091
453,2082,2082
454,2083,2083
455,2085,2085
456,2076,2076
457,2068,2068
458,2066,2066
459,2053,2053
460,2047,2047
461,2041,2041
462,2030,2030
463,2023,2023
464,2011,2011
465,2005,2005
466,1997,1997
467,1994,1994
468,1993,1993
469,1982,1982
470,1988,1988
471,1998,1998
472,2005,2005
473,2013,2013
474,2024,2024
475,2041,2041
476,2052,2052
477,2058,2058
478,2059,2059
479,2051,2051
480,2040,2040
481,2030,2030
482,2030,2030
483,2043,2043
484,2048,2048
485,2059,2059
486,2069,2069
487,2080,2080
488,2077,2077
489,2083,2083
490,2091,2091
491,2074,2074
492,2070,2070
493,2083,2083
494,2090,2090
495,2082,2082
496,2073,2073
497,2072,2072
498,2054,2054
499,2043,2043
500,2046,2046
501,2048,2048
502,2045,2045
503,2053,2053
504,2066,2066
505,2077,2077
506,2075,2075
507,2073,2073
508,2065,2065
509,2060,2060
510,2057,2057
511,2064,2064
512,2074,2074
513,2073,2073
514,2073,2073
515,2081,2081
516,2079,2079
517,2070,2070
518,2057,2057
519,2050,2050
520,2050,2050
521,2047,2047
522,2058,2058
523,2063,2063
524,2069,2069
525,2077,2077
526,2076,2076
527,2067,2067
528,2053,2053
529,2051,2051
530,2049,2049
531,2046,2046
532,2047,2047
533,2039,2039
534,2037,2037
535,2031,2031
536,2035,2035
537,2047,2047
538,2054,2054
539,2071,2071
540,2083,2083
541,2105,2105
542,2121,2121
543,2128,2128
544,2131,2131
545,2128,2128
546,2131,2131
547,2134,2134
548,2132,2132
549,2125,2125
550,2117,2117
551,2113,2113
552,2107,2107
553,2100,2100
554,2099,2099
555,2103,2103
556,2098,2098
557,2093,2093
558,2092,2092
559,2091,2091
560,2089,2089
561,2091,2091
562,2083,2083
563,2077,2077
564,2074,2074
565,2063,2063
566,2061,2061
567,2058,2058
568,2054,2054
569,2049,2049
570,2058,2058
571,2059,2059
572,2060,2060
573,2072,2072
574,2082,2082
575,2075,2075
576,2071,2071
577,2075,2075
578,2073,2073
579,2061,2061
580,2057,2057
581,2053,2053
582,2036,2036
583,2034,2034
584,2037,2037
585,2051,2051
586,2058,2058
587,2055,2055
588,2061,2061
589,2063,2063
590,2064,2064
591,2075,2075
592,2086,2086
593,2091,2091
594,2093,2093
595,2105,2105
596,2109,2109
597,2101,2101
598,2100,2100
599,2101,2101
600,2103,2103
601,2100,2100
602,2103,2103
603,2105,2105
604,2103,2103
605,2096,2096
606,2096,2096
607,2098,2098
608,2098,2098
609,2100,2100
610,2112,2112
611,2119,2119
612,2117,2117
613,2115,2115
614,2109,2109
615,2091,2091
616,2072,2072
617,2061,2061
618,2054,2054
619,2043,2043
620,2030,2030
621,2025,2025
622,2013,2013
623,1992,1992
624,1992,1992
625,2003,2003
626,2015,2015
627,2019,2019
628,2029,2029
629,2033,2033
630,2039,2039
631,2039,2039
632,2037,2037
633,2038,2038
634,2031,2031
635,2031,2031
636,2045,2045
637,2063,2063
638,2081,2081
639,2100,2100
640,2115,2115
641,2119,2119
642,2122,2122
643,2133,2133
644,2132,2132
645,2131,2131
646,2126,2126
647,2114,2114
648,2094,2094
649,2083,2083
650,2067,2067
651,2053,2053
652,2044,2044
653,2032,2032
654,2019,2019
655,2019,2019
656,2019,2019
657,2014,2014
658,2019,2019
659,2028,2028
660,2029,2029
661,2028,2028
662,2034,2034
663,2046,2046
664,2052,2052
665,2054,2054
666,2052,2052
667,2049,2049
668,2050,2050
669,2049,2049
670,2053,2053
671,2056,2056
672,2059,2059
673,2056,2056
674,2055,2055
675,2056,2056
676,2056,2056
677,2067,2067
678,2082,2082
679,2080,2080
680,2074,2074
681,2093,2093
682,2103,2103
683,2097,2097
684,2095,2095
685,2102,2102
686,2096,2096
687,2075,2075
688,2071,2071
689,2068,2068
690,2065,2065
691,2064,2064
692,2067,2067
693,2068,2068
694,2060,2060
695,2068,2068
696,2070,2070
697,2061,2061
698,2056,2056
699,2060,2060
700,2065,2065
701,2072,2072
702,2085,2085
703,2094,2094
704,2093,2093
705,2092,2092
706,2096,2096
707,2097,2097
708,2105,2105
709,2118,2118
710,2113,2113
711,2106,2106
712,2101,2101
713,2097,2097
714,2093,2093
715,2092,2092
716,2089,2089
717,2081,2081
718,2076,2076
719,2064,2064
720,2049,2049
721,2044,2044
722,2048,2048
723,2040,2040
724,2027,2027
725,2022,2022
726,2026,2026
727,2034,2034
728,2041,2041
729,2044,2044
730,2050,2050
731,2054,2054
732,2054,2054
733,2060,2060
734,2072,2072
735,2075,2075
736,2073,2073
737,2073,2073
738,2071,2071
739,2066,2066
740,2068,2068
741,2067,2067
742,2063,2063
743,2066,2066
744,2073,2073
745,2076,2076
746,2079,2079
747,2079,2079
748,2082,2082
749,2083,2083
750,2081,2081
751,2082,2082
752,2077,2077
753,2068,2068
754,2063,2063
755,2058,2058
756,2054,2054
757,2043,2043
758,2038,2038
759,2037,2037
760,2025,2025
761,2022,2022
762,2019,2019
763,2011,2011
764,2008,2008
765,2008,2008
766,2013,2013
767,2014,2014
768,2023,2023
769,2031,2031
770,2033,2033
771,2038,2038
772,2042,2042
773,2036,2036
774,2031,2031
775,2025,2025
776,2025,2025
777,2036,2036
778,2053,2053
779,2067,2067
780,2087,2087
781,2096,2096
782,2104,2104
783,2111,2111
784,2099,2099
785,2088,2088
786,2078,2078
787,2063,2063
788,2055,2055
789,2044,2044
790,2034,2034
791,2027,2027
792,2029,2029
793,2027,2027
794,2026,2026
795,2032,2032
796,2039,2039
797,2040,2040
798,2045,2045
799,2053,2053
800,2060,2060
801,2059,2059
802,2058,2058
803,2050,2050
804,2045,2045
805,2041,2041
806,2042,2042
807,2048,2048
808,2058,2058
809,2062,2062
810,2066,2066
811,2063,2063
812,2067,2067
813,2074,2074
814,2077,2077
815,2078,2078
816,2078,2078
817,2077,2077
818,2078,2078
819,2080,2080
820,2075,2075
821,2071,2071
822,2065,2065
823,2054,2054
824,2043,2043
825,2037,2037
826,2026,2026
827,2027,2027
828,2033,2033
829,2041,2041
830,2050,2050
831,2061,2061
832,2068,2068
833,2071,2071
834,2071,2071
835,2063,2063
836,2053,2053
837,2044,2044
838,2037,2037
839,2035,2035
840,2041,2041
841,2055,2055
842,2057,2057
843,2061,2061
844,2061,2061
845,2058,2058
846,2058,2058
847,2058,2058
848,2053,2053
849,2059,2059
850,2067,2067
851,2070,2070
852,2074,2074
853,2082,2082
854,2084,2084
855,2080,2080
856,2081,2081
857,2079,2079
858,2071,2071
859,2071,2071
860,2073,2073
861,2076,2076
862,2075,2075
863,2080,2080
864,2089,2089
865,2088,2088
866,2082,2082
867,2082,2082
868,2074,2074
869,2054,2054
870,2039,2039
871,2027,2027
872,2020,2020
873,2015,2015
874,2015,2015
875,2018,2018
876,2021,2021
877,2022,2022
878,2029,2029
879,2039,2039
880,2048,2048
881,2056,2056
882,2070,2070
883,2081,2081
884,2086,2086
885,2090,2090
886,2097,2097
887,2092,2092
888,2086,2086
889,2073,2073
890,2062,2062
891,2053,2053
892,2057,2057
893,2063,2063
894,2075,2075
895,2081,2081
896,2089,2089
897,2093,2093
898,2093,2093
899,2086,2086
900,2073,2073
901,2061,2061
902,2053,2053
903,2049,2049
904,2045,2045
905,2039,2039
906,2039,2039
907,2039,2039
908,2039,2039
909,2043,2043
910,2054,2054
911,2059,2059
912,2066,2066
913,2078,2078
914,2085,2085
915,2090,2090
916,2092,2092
917,2092,2092
918,2089,2089
919,2088,2088
920,2083,2083
921,2073,2073
922,2065,2065
923,2064,2064
924,2058,2058
925,2057,2057
926,2063,2063
927,2065,2065
928,2067,2067
929,2077,2077
930,2083,2083
931,2083,2083
932,2086,2086
933,2091,2091
934,2091,2091
935,2091,2091
936,2094,2094
937,2098,2098
938,2096,2096
939,2094,2094
940,2094,2094
941,2093,2093
942,2092,2092
943,2093,2093
944,2094,2094
945,2094,2094
946,2096,2096
947,2095,2095
948,2094,2094
949,2093,2093
950,2089,2089
951,2086,2086
952,2083,2083
953,2075,2075
954,2067,2067
955,2062,2062
956,2059,2059
957,2050,2050
958,2040,2040
959,2035,2035
960,2029,2029
961,2025,2025
962,2028,2028
963,2030,2030
964,2031,2031
965,2037,2037
966,2050,2050
967,2058,2058
968,2062,2062
969,2058,2058
970,2054,2054
971,2053,2053
972,2047,2047
973,2051,2051
974,2057,2057
975,2063,2063
976,2065,2065
977,2069,2069
978,2076,2076
979,2071,2071
980,2075,2075
981,2079,2079
982,2080,2080
983,2081,2081
984,2081,2081
985,2081,2081
986,2079,2079
987,2078,2078
988,2075,2075
989,2071,2071
990,2066,2066
991,2064,2064
992,2065,2065
993,2065,2065
994,2067,2067
995,2068,2068
996,2067,2067
997,2064,2064
998,2060,2060
999,2053,2053
1000,2047,2047
1001,2040,2040
1002,2040,2040
1003,2039,2039
1004,2042,2042
1005,2043,2043
1006,2042,2042
1007,2039,2039
1008,2039,2039
1009,2041,2041
1010,2043,2043
1011,2044,2044
1012,2052,2052
1013,2054,2054
1014,2059,2059
1015,2063,2063
1016,2068,2068
1017,2072,2072
1018,2072,2072
1019,2075,2075
1020,2082,2082
1021,2085,2085
1022,2083,2083
1023,2084,2084
1024,2086,2086
1025,2084,2084
1026,2084,2084
1027,2089,2089
1028,2090,2090
1029,2086,2086
1030,2086,2086
1031,2089,2089
1032,2093,2093
1033,2100,2100
1034,2120,2120
1035,2130,2130
1036,2128,2128
1037,2124,2124
1038,2119,2119
1039,2107,2107
1040,2091,2091
1041,2080,2080
1042,2072,2072
1043,2057,2057
1044,2056,2056
1045,2057,2057
1046,2054,2054
1047,2051,2051
1048,2053,2053
1049,2058,2058
1050,2063,2063
1051,2068,2068
1052,2079,2079
1053,2086,2086
1054,2081,2081
1055,2076,2076
1056,2070,2070
1057,2067,2067
1058,2058,2058
1059,2055,2055
1060,2055,2055
1061,2053,2053
1062,2057,2057
1063,2061,2061
1064,2065,2065
1065,2064,2064
1066,2066,2066
1067,2073,2073
1068,2079,2079
1069,2085,2085
1070,2089,2089
1071,2091,2091
1072,2091,2091
1073,2087,2087
1074,2087,2087
1075,2088,2088
1076,2082,2082
1077,2079,2079
1078,2081,2081
1079,2084,2084
1080,2081,2081
1081,2079,2079
1082,2079,2079
1083,2081,2081
1084,2077,2077
1085,2076,2076
1086,2080,2080
1087,2075,2075
1088,2069,2069
1089,2062,2062
1090,2058,2058
1091,2051,2051
1092,2044,2044
1093,2039,2039
1094,2039,2039
1095,2035,2035
1096,2041,2041
1097,2047,2047
1098,2057,2057
1099,2067,2067
1100,2074,2074
1101,2082,2082
1102,2083,2083
1103,2082,2082
1104,2087,2087
1105,2084,2084
1106,2076,2076
1107,2073,2073
1108,2077,2077
1109,2075,2075
1110,2075,2075
1111,2076,2076
1112,2071,2071
1113,2065,2065
1114,2061,2061
1115,2058,2058
1116,2061,2061
1117,2064,2064
1118,2067,2067
1119,2065,2065
1120,2065,2065
1121,2066,2066
1122,2069,2069
1123,2070,2070
1124,2065,2065
1125,2059,2059
1126,2052,2052
1127,2046,2046
1128,2035,2035
1129,2029,2029
1130,2022,2022
1131,2013,2013
1132,2012,2012
1133,2021,2021
1134,2028,2028
1135,2037,2037
1136,2048,2048
1137,2053,2053
1138,2054,2054
1139,2052,2052
1140,2055,2055
1141,2049,2049
1142,2044,2044
1143,2041,2041
1144,2039,2039
1145,2037,2037
1146,2034,2034
1147,2035,2035
1148,2040,2040
1149,2045,2045
1150,2053,2053
1151,2057,2057
1152,2061,2061
1153,2058,2058
1154,2049,2049
1155,2040,2040
1156,2027,2027
1157,2022,2022
1158,2021,2021
1159,2023,2023
1160,2027,2027
1161,2031,2031
1162,2036,2036
1163,2040,2040
1164,2043,2043
1165,2039,2039
1166,2039,2039
1167,2041,2041
1168,2042,2042
1169,2047,2047
1170,2054,2054
1171,2060,2060
1172,2069,2069
1173,2076,2076
1174,2079,2079
1175,2080,2080
1176,2082,2082
1177,2079,2079
1178,2082,2082
1179,2083,2083
1180,2077,2077
1181,2080,2080
1182,2085,2085
1183,2082,2082
1184,2076,2076
1185,2072,2072
1186,2064,2064
1187,2048,2048
1188,2037,2037
1189,2033,2033
1190,2033,2033
1191,2028,2028
1192,2030,2030
1193,2034,2034
1194,2038,2038
1195,2046,2046
1196,2056,2056
1197,2059,2059
1198,2054,2054
1199,2046,2046
1200,2047,2047
1201,2049,2049
1202,2055,2055
1203,2063,2063
1204,2070,2070
1205,2077,2077
1206,2082,2082
1207,2079,2079
1208,2074,2074
1209,2069,2069
1210,2064,2064
1211,2065,2065
1212,2066,2066
1213,2062,2062
1214,2062,2062
1215,2066,2066
1216,2064,2064
1217,2061,2061
1218,2067,2067
1219,2079,2079
1220,2082,2082
1221,2082,2082
1222,2082,2082
1223,2081,2081
1224,2073,2073
1225,2065,2065
1226,2056,2056
1227,2048,2048
1228,2039,2039
1229,2039,2039
1230,2036,2036
1231,2041,2041
1232,2048,2048
1233,2059,2059
1234,2073,2073
1235,2080,2080
1236,2086,2086
1237,2088,2088
1238,2086,2086
1239,2082,2082
1240,2081,2081
1241,2084,2084
1242,2077,2077
1243,2073,2073
1244,2068,2068
1245,2061,2061
1246,2056,2056
1247,2056,2056
1248,2058,2058
1249,2059,2059
1250,2063,2063
1251,2071,2071
1252,2073,2073
1253,2075,2075
1254,2081,2081
1255,2086,2086
1256,2085,2085
1257,2084,2084
1258,2090,2090
1259,2097,2097
1260,2100,2100
1261,2107,2107
1262,2107,2107
1263,2105,2105
1264,2104,2104
1265,2105,2105
1266,2103,2103
1267,2103,2103
1268,2103,2103
1269,2107,2107
1270,2105,2105
1271,2103,2103
1272,2100,2100
1273,2100,2100
1274,2098,2098
1275,2093,2093
1276,2087,2087
1277,2084,2084
1278,2074,2074
1279,2067,2067
1280,2061,2061
1281,2057,2057
1282,2056,2056
1283,2055,2055
1284,2058,2058
1285,2064,2064
1286,2070,2070
1287,2078,2078
1288,2079,2079
1289,2078,2078
1290,2078,2078
1291,2071,2071
1292,2068,2068
1293,2069,2069
1294,2069,2069
1295,2069,2069
1296,2059,2059
1297,2054,2054
1298,2052,2052
1299,2059,2059
1300,2062,2062
1301,2073,2073
1302,2088,2088
1303,2093,2093
1304,2093,2093
1305,2092,2092
1306,2088,2088
1307,2082,2082
1308,2078,2078
1309,2077,2077
1310,2074,2074
1311,2073,2073
1312,2075,2075
1313,2072,2072
1314,2070,2070
1315,2063,2063
1316,2063,2063
1317,2061,2061
1318,2064,2064
1319,2068,2068
1320,2075,2075
1321,2080,2080
1322,2083,2083
1323,2084,2084
1324,2082,2082
1325,2079,2079
1326,2070,2070
1327,2063,2063
1328,2062,2062
1329,2063,2063
1330,2064,2064
1331,2064,2064
1332,2060,2060
1333,2056,2056
1334,2056,2056
1335,2061,2061
1336,2067,2067
1337,2074,2074
1338,2077,2077
1339,2075,2075
1340,2069,2069
1341,2058,2058
1342,2045,2045
1343,2035,2035
1344,2027,2027
1345,2025,2025
1346,2020,2020
1347,2023,2023
1348,2027,2027
1349,2029,2029
1350,2039,2039
1351,2047,2047
1352,2048,2048
1353,2049,2049
1354,2052,2052
1355,2055,2055
1356,2054,2054
1357,2054,2054
1358,2051,2051
1359,2046,2046
1360,2041,2041
1361,2035,2035
1362,2034,2034
1363,2035,2035
1364,2039,2039
1365,2047,2047
1366,2047,2047
1367,2045,2045
1368,2043,2043
1369,2045,2045
1370,2048,2048
1371,2053,2053
1372,2061,2061
1373,2067,2067
1374,2073,2073
1375,2078,2078
1376,2081,2081
1377,2078,2078
1378,2078,2078
1379,2073,2073
1380,2068,2068
1381,2060,2060
1382,2054,2054
1383,2055,2055
1384,2053,2053
1385,2047,2047
1386,2046,2046
1387,2045,2045
1388,2047,2047
1389,2051,2051
1390,2057,2057
1391,2064,2064
1392,2061,2061
1393,2059,2059
1394,2054,2054
1395,2046,2046
1396,2039,2039
1397,2030,2030
1398,2027,2027
1399,2024,2024
1400,2027,2027
1401,2032,2032
1402,2041,2041
1403,2044,2044
1404,2045,2045
1405,2047,2047
1406,2050,2050
1407,2054,2054
1408,2061,2061
1409,2066,2066
1410,2070,2070
1411,2070,2070
1412,2070,2070
1413,2069,2069
1414,2066,2066
1415,2063,2063
1416,2065,2065
1417,2068,2068
1418,2068,2068
1419,2065,2065
1420,2062,2062
1421,2059,2059
1422,2057,2057
1423,2058,2058
1424,2064,2064
1425,2070,2070
1426,2072,2072
1427,2077,2077
1428,2080,2080
1429,2085,2085
1430,2083,2083
1431,2081,2081
1432,2079,2079
1433,2079,2079
1434,2080,2080
1435,2084,2084
1436,2086,2086
1437,2089,2089
1438,2092,2092
1439,2092,2092
1440,2086,2086
1441,2075,2075
1442,2067,2067
1443,2059,2059
1444,2055,2055
1445,2054,2054
1446,2055,2055
1447,2059,2059
1448,2063,2063
1449,2070,2070
1450,2075,2075
1451,2078,2078
1452,2077,2077
1453,2071,2071
1454,2066,2066
1455,2062,2062
1456,2060,2060
1457,2061,2061
1458,2063,2063
1459,2067,2067
1460,2072,2072
1461,2079,2079
1462,2078,2078
1463,2077,2077
1464,2069,2069
1465,2060,2060
1466,2056,2056
1467,2052,2052
1468,2055,2055
1469,2057,2057
1470,2065,2065
1471,2071,2071
1472,2080,2080
1473,2085,2085
1474,2086,2086
1475,2089,2089
1476,2091,2091
1477,2085,2085
1478,2081,2081
1479,2076,2076
1480,2071,2071
1481,2059,2059
1482,2051,2051
1483,2043,2043
1484,2039,2039
1485,2042,2042
1486,2049,2049
1487,2053,2053
1488,2059,2059
1489,2064,2064
1490,2071,2071
1491,2071,2071
1492,2070,2070
1493,2066,2066
1494,2059,2059
1495,2051,2051
1496,2041,2041
1497,2035,2035
1498,2030,2030
1499,2024,2024
1500,2016,2016
1501,2013,2013
1502,2010,2010
1503,2009,2009
1504,2019,2019
1505,2036,2036
1506,2046,2046
1507,2050,2050
1508,2049,2049
1509,2044,2044
1510,2036,2036
1511,2028,2028
1512,2025,2025
1513,2028,2028
1514,2035,2035
1515,2049,2049
1516,2061,2061
1517,2075,2075
1518,2082,2082
1519,2084,2084
1520,2090,2090
1521,2092,2092
1522,2093,2093
1523,2095,2095
1524,2092,2092
1525,2083,2083
1526,2079,2079
1527,2077,2077
1528,2073,2073
1529,2066,2066
1530,2057,2057
1531,2050,2050
1532,2045,2045
1533,2038,2038
1534,2045,2045
1535,2048,2048
1536,2049,2049
1537,2048,2048
1538,2047,2047
1539,2052,2052
1540,2058,2058
1541,2067,2067
1542,2074,2074
1543,2074,2074
1544,2067,2067
1545,2064,2064
1546,2058,2058
1547,2057,2057
1548,2055,2055
1549,2052,2052
1550,2051,2051
1551,2055,2055
1552,2059,2059
1553,2064,2064
1554,2066,2066
1555,2065,2065
1556,2066,2066
1557,2070,2070
1558,2075,2075
1559,2083,2083
1560,2091,2091
1561,2093,2093
1562,2090,2090
1563,2083,2083
1564,2074,2074
1565,2065,2065
1566,2059,2059
1567,2058,2058
1568,2056,2056
1569,2057,2057
1570,2063,2063
1571,2069,2069
1572,2076,2076
1573,2080,2080
1574,2084,2084
1575,2085,2085
1576,2081,2081
1577,2077,2077
1578,2070,2070
1579,2061,2061
1580,2050,2050
1581,2045,2045
1582,2045,2045
1583,2044,2044
1584,2046,2046
1585,2048,2048
1586,2052,2052
1587,2059,2059
1588,2064,2064
1589,2073,2073
1590,2077,2077
1591,2075,2075
1592,2077,2077
1593,2076,2076
1594,2071,2071
1595,2066,2066
1596,2062,2062
1597,2056,2056
1598,2048,2048
1599,2044,2044
1600,2042,2042
1601,2039,2039
1602,2041,2041
1603,2050,2050
1604,2061,2061
1605,2069,2069
1606,2075,2075
1607,2082,2082
1608,2083,2083
1609,2086,2086
1610,2088,2088
1611,2086,2086
1612,2088,2088
1613,2083,2083
1614,2080,2080
1615,2079,2079
1616,2075,2075
1617,2071,2071
1618,2077,2077
1619,2070,2070
1620,2070,2070
1621,2065,2065
1622,2064,2064
1623,2063,2063
1624,2067,2067
1625,2079,2079
1626,2085,2085
1627,2089,2089
1628,2092,2092
1629,2096,2096
1630,2092,2092
1631,2093,2093
1632,2090,2090
1633,2085,2085
1634,2078,2078
1635,2068,2068
1636,2066,2066
1637,2070,2070
1638,2078,2078
1639,2090,2090
1640,2095,2095
1641,2101,2101
1642,2099,2099
1643,2097,2097
1644,2093,2093
1645,2090,2090
1646,2087,2087
1647,2089,2089
1648,2094,2094
1649,2093,2093
1650,2091,2091
1651,2086,2086
1652,2079,2079
1653,2065,2065
1654,2065,2065
1655,2068,2068
1656,2072,2072
1657,2078,2078
1658,2086,2086
1659,2095,2095
1660,2098,2098
1661,2098,2098
1662,2095,2095
1663,2093,2093
1664,2089,2089
1665,2089,2089
1666,2087,2087
1667,2085,2085
1668,2084,2084
1669,2079,2079
1670,2079,2079
1671,2077,2077
1672,2077,2077
1673,2079,2079
1674,2081,2081
1675,2079,2079
1676,2079,2079
1677,2078,2078
1678,2078,2078
1679,2075,2075
1680,2076,2076
1681,2075,2075
1682,2071,2071
1683,2067,2067
1684,2056,2056
1685,2044,2044
1686,2029,2029
1687,2015,2015
1688,2006,2006
1689,2007,2007
1690,2017,2017
1691,2031,2031
1692,2043,2043
1693,2053,2053
1694,2061,2061
1695,2067,2067
1696,2068,2068
1697,2066,2066
1698,2064,2064
1699,2063,2063
1700,2068,2068
1701,2076,2076
1702,2081,2081
1703,2082,2082
1704,2081,2081
1705,2074,2074
1706,2066,2066
1707,2059,2059
1708,2054,2054
1709,2049,2049
1710,2054,2054
1711,2061,2061
1712,2069,2069
1713,2077,2077
1714,2083,2083
1715,2084,2084
1716,2083,2083
1717,2080,2080
1718,2081,2081
1719,2073,2073
1720,2067,2067
1721,2059,2059
1722,2055,2055
1723,2051,2051
1724,2051,2051
1725,2058,2058
1726,2062,2062
1727,2071,2071
1728,2078,2078
1729,2080,2080
1730,2081,2081
1731,2079,2079
1732,2073,2073
1733,2065,2065
1734,2059,2059
1735,2049,2049
1736,2044,2044
1737,2037,2037
1738,2031,2031
1739,2031,2031
1740,2029,2029
1741,2032,2032
1742,2039,2039
1743,2050,2050
1744,2054,2054
1745,2059,2059
1746,2066,2066
1747,2068,2068
1748,2071,2071
1749,2065,2065
1750,2061,2061
1751,2058,2058
1752,2056,2056
1753,2059,2059
1754,2063,2063
1755,2068,2068
1756,2074,2074
1757,2073,2073
1758,2074,2074
1759,2075,2075
1760,2081,2081
1761,2086,2086
1762,2089,2089
1763,2089,2089
1764,2094,2094
1765,2099,2099
1766,2098,2098
1767,2096,2096
1768,2091,2091
1769,2083,2083
1770,2074,2074
1771,2064,2064
1772,2064,2064
1773,2066,2066
1774,2073,2073
1775,2078,2078
1776,2081,2081
1777,2081,2081
1778,2084,2084
1779,2082,2082
1780,2077,2077
1781,2076,2076
1782,2072,2072
1783,2065,2065
1784,2057,2057
1785,2053,2053
1786,2045,2045
1787,2040,2040
1788,2036,2036
1789,2033,2033
1790,2029,2029
1791,2024,2024
1792,2019,2019
1793,2018,2018
1794,2017,2017
1795,2024,2024
1796,2036,2036
1797,2055,2055
1798,2068,2068
1799,2078,2078
1800,2084,2084
1801,2083,2083
1802,2075,2075
1803,2064,2064
1804,2054,2054
1805,2048,2048
1806,2040,2040
1807,2040,2040
1808,2042,2042
1809,2045,2045
1810,2052,2052
1811,2059,2059
1812,2068,2068
1813,2073,2073
1814,2073,2073
1815,2074,2074
1816,2074,2074
1817,2070,2070
1818,2059,2059
1819,2050,2050
1820,2043,2043
1821,2041,2041
1822,2039,2039
1823,2043,2043
1824,2051,2051
1825,2058,2058
1826,2069,2069
1827,2078,2078
1828,2085,2085
1829,2080,2080
1830,2079,2079
1831,2073,2073
1832,2062,2062
1833,2049,2049
1834,2035,2035
1835,2025,2025
1836,2014,2014
1837,2011,2011
1838,2011,2011
1839,2009,2009
1840,2011,2011
1841,2021,2021
1842,2032,2032
1843,2043,2043
1844,2051,2051
1845,2056,2056
1846,2058,2058
1847,2056,2056
1848,2050,2050
1849,2043,2043
1850,2039,2039
1851,2031,2031
1852,2025,2025
1853,2025,2025
1854,2030,2030
1855,2040,2040
1856,2048,2048
1857,2053,2053
1858,2056,2056
1859,2060,2060
1860,2062,2062
1861,2061,2061
1862,2057,2057
1863,2053,2053
1864,2050,2050
1865,2048,2048
1866,2051,2051
1867,2055,2055
1868,2057,2057
1869,2057,2057
1870,2057,2057
1871,2058,2058
1872,2057,2057
1873,2055,2055
1874,2057,2057
1875,2057,2057
1876,2060,2060
1877,2062,2062
1878,2071,2071
1879,2077,2077
1880,2085,2085
1881,2090,2090
1882,2093,2093
1883,2090,2090
1884,2087,2087
1885,2085,2085
1886,2081,2081
1887,2073,2073
1888,2065,2065
1889,2059,2059
1890,2052,2052
1891,2043,2043
1892,2038,2038
1893,2036,2036
1894,2039,2039
1895,2042,2042
1896,2049,2049
1897,2056,2056
1898,2057,2057
1899,2057,2057
1900,2056,2056
1901,2053,2053
1902,2047,2047
1903,2041,2041
1904,2033,2033
1905,2033,2033
1906,2030,2030
1907,2027,2027
1908,2023,2023
1909,2020,2020
1910,2017,2017
1911,2025,2025
1912,2033,2033
1913,2043,2043
1914,2059,2059
1915,2074,2074
1916,2081,2081
1917,2081,2081
1918,2083,2083
1919,2081,2081
1920,2074,2074
1921,2069,2069
1922,2070,2070
1923,2073,2073
1924,2076,2076
1925,2079,2079
1926,2080,2080
1927,2077,2077
1928,2077,2077
1929,2080,2080
1930,2087,2087
1931,2091,2091
1932,2087,2087
1933,2083,2083
1934,2075,2075
1935,2065,2065
1936,2059,2059
1937,2056,2056
1938,2060,2060
1939,2065,2065
1940,2072,2072
1941,2078,2078
1942,2079,2079
1943,2080,2080
1944,2075,2075
1945,2074,2074
1946,2070,2070
1947,2076,2076
1948,2080,2080
1949,2085,2085
1950,2083,2083
1951,2085,2085
1952,2080,2080
1953,2077,2077
1954,2070,2070
1955,2066,2066
1956,2065,2065
1957,2065,2065
1958,2063,2063
1959,2061,2061
1960,2060,2060
1961,2060,2060
1962,2059,2059
1963,2062,2062
1964,2064,2064
1965,2071,2071
1966,2083,2083
1967,2093,2093
1968,2097,2097
1969,2103,2103
1970,2103,2103
1971,2100,2100
1972,2096,2096
1973,2089,2089
1974,2087,2087
1975,2088,2088
1976,2090,2090
1977,2088,2088
1978,2092,2092
1979,2093,2093
1980,2092,2092
1981,2091,2091
1982,2093,2093
1983,2089,2089
1984,2086,2086
1985,2085,2085
1986,2083,2083
1987,2081,2081
1988,2080,2080
1989,2073,2073
1990,2065,2065
1991,2059,2059
1992,2054,2054
1993,2055,2055
1994,2057,2057
1995,2057,2057
1996,2061,2061
1997,2061,2061
1998,2063,2063
1999,2062,2062
2000,2066,2066
2001,2067,2067
2002,2065,2065
2003,2063,2063
2004,2057,2057
2005,2052,2052
2006,2039,2039
2007,2031,2031
2008,2022,2022
2009,2015,2015
2010,2015,2015
2011,2018,2018
2012,2029,2029
2013,2037,2037
2014,2045,2045
2015,2052,2052
2016,2055,2055
2017,2060,2060
2018,2062,2062
2019,2053,2053
2020,2059,2059
2021,2062,2062
2022,2069,2069
2023,2074,2074
2024,2071,2071
2025,2072,2072
2026,2075,2075
2027,2080,2080
2028,2085,2085
2029,2089,2089
2030,2094,2094
2031,2097,2097
2032,2100,2100
2033,2103,2103
2034,2103,2103
2035,2099,2099
2036,2094,2094
2037,2087,2087
2038,2081,2081
2039,2073,2073
2040,2067,2067
2041,2057,2057
2042,2050,2050
2043,2046,2046
2044,2046,2046
2045,2048,2048
2046,2053,2053
2047,2053,2053
2048,2053,2053
2049,2054,2054
2050,2055,2055
2051,2055,2055
2052,2059,2059
2053,2054,2054
2054,2053,2053
2055,2054,2054
2056,2049,2049
2057,2049,2049
2058,2046,2046
2059,2039,2039
2060,2033,2033
2061,2029,2029
2062,2028,2028
2063,2032,2032
2064,2044,2044
2065,2055,2055
2066,2067,2067
2067,2073,2073
2068,2075,2075
2069,2077,2077
2070,2073,2073
2071,2070,2070
2072,2070,2070
2073,2065,2065
2074,2062,2062
2075,2060,2060
2076,2063,2063
2077,2061,2061
2078,2061,2061
2079,2062,2062
2080,2067,2067
2081,2074,2074
2082,2086,2086
2083,2103,2103
2084,2115,2115
2085,2123,2123
2086,2124,2124
2087,2121,2121
2088,2114,2114
2089,2107,2107
2090,2099,2099
2091,2097,2097
2092,2096,2096
2093,2095,2095
2094,2095,2095
2095,2098,2098
2096,2100,2100
2097,2101,2101
2098,2102,2102
2099,2105,2105
2100,2106,2106
2101,2101,2101
2102,2092,2092
2103,2078,2078
2104,2064,2064
2105,2048,2048
2106,2034,2034
2107,2022,2022
2108,2014,2014
2109,2009,2009
2110,2011,2011
2111,2013,2013
2112,2020,2020
2113,2026,2026
2114,2038,2038
2115,2044,2044
2116,2047,2047
2117,2050,2050
2118,2048,2048
2119,2043,2043
2120,2036,2036
2121,2031,2031
2122,2033,2033
2123,2032,2032
2124,2033,2033
2125,2035,2035
2126,2037,2037
2127,2036,2036
2128,2031,2031
2129,2027,2027
2130,2023,2023
2131,2020,2020
2132,2023,2023
2133,2034,2034
2134,2046,2046
2135,2059,2059
2136,2067,2067
2137,2072,2072
2138,2070,2070
2139,2066,2066
2140,2061,2061
2141,2059,2059
2142,2053,2053
2143,2055,2055
2144,2063,2063
2145,2073,2073
2146,2084,2084
2147,2096,2096
2148,2105,2105
2149,2111,2111
2150,2115,2115
2151,2116,2116
2152,2115,2115
2153,2115,2115
2154,2109,2109
2155,2107,2107
2156,2100,2100
2157,2094,2094
2158,2085,2085
2159,2076,2076
2160,2073,2073
2161,2066,2066
2162,2061,2061
2163,2057,2057
2164,2052,2052
2165,2054,2054
2166,2054,2054
2167,2062,2062
2168,2074,2074
2169,2081,2081
2170,2086,2086
2171,2088,2088
2172,2082,2082
2173,2076,2076
2174,2063,2063
2175,2048,2048
2176,2036,2036
2177,2028,2028
2178,2025,2025
2179,2021,2021
2180,2026,2026
2181,2034,2034
2182,2042,2042
2183,2046,2046
2184,2046,2046
2185,2042,2042
2186,2036,2036
2187,2033,2033
2188,2030,2030
2189,2031,2031
2190,2031,2031
2191,2035,2035
2192,2037,2037
2193,2036,2036
2194,2037,2037
2195,2040,2040
2196,2045,2045
2197,2051,2051
2198,2053,2053
2199,2063,2063
2200,2067,2067
2201,2072,2072
2202,2078,2078
2203,2085,2085
2204,2093,2093
2205,2100,2100
2206,2104,2104
2207,2110,2110
2208,2109,2109
2209,2104,2104
2210,2097,2097
2211,2087,2087
2212,2082,2082
2213,2083,2083
2214,2085,2085
2215,2086,2086
2216,2085,2085
2217,2080,2080
2218,2076,2076
2219,2066,2066
2220,2061,2061
2221,2056,2056
2222,2052,2052
2223,2047,2047
2224,2035,2035
2225,2023,2023
2226,2013,2013
2227,2004,2004
2228,1999,1999
2229,1994,1994
2230,1997,1997
2231,2002,2002
2232,2013,2013
2233,2025,2025
2234,2032,2032
2235,2041,2041
2236,2041,2041
2237,2045,2045
2238,2043,2043
2239,2046,2046
2240,2054,2054
2241,2059,2059
2242,2064,2064
2243,2066,2066
2244,2067,2067
2245,2067,2067
2246,2067,2067
2247,2069,2069
2248,2070,2070
2249,2076,2076
2250,2080,2080
2251,2085,2085
2252,2091,2091
2253,2094,2094
2254,2091,2091
2255,2081,2081
2256,2070,2070
2257,2061,2061
2258,2055,2055
2259,2048,2048
2260,2044,2044
2261,2041,2041
2262,2036,2036
2263,2033,2033
2264,2032,2032
2265,2027,2027
2266,2026,2026
2267,2028,2028
2268,2038,2038
2269,2048,2048
2270,2057,2057
2271,2067,2067
2272,2072,2072
2273,2074,2074
2274,2072,2072
2275,2067,2067
2276,2061,2061
2277,2055,2055
2278,2052,2052
2279,2053,2053
2280,2054,2054
2281,2061,2061
2282,2064,2064
2283,2072,2072
2284,2077,2077
2285,2084,2084
2286,2086,2086
2287,2085,2085
2288,2082,2082
2289,2074,2074
2290,2065,2065
2291,2063,2063
2292,2059,2059
2293,2054,2054
2294,2046,2046
2295,2043,2043
2296,2040,2040
2297,2043,2043
2298,2050,2050
2299,2055,2055
2300,2059,2059
2301,2069,2069
2302,2082,2082
2303,2099,2099
2304,2117,2117
2305,2127,2127
2306,2133,2133
2307,2133,2133
2308,2123,2123
2309,2117,2117
2310,2105,2105
2311,2099,2099
2312,2089,2089
2313,2082,2082
2314,2079,2079
2315,2074,2074
2316,2074,2074
2317,2078,2078
2318,2082,2082
2319,2092,2092
2320,2100,2100
2321,2106,2106
2322,2108,2108
2323,2107,2107
2324,2093,2093
2325,2077,2077
2326,2059,2059
2327,2044,2044
2328,2037,2037
2329,2034,2034
2330,2034,2034
2331,2037,2037
2332,2042,2042
2333,2049,2049
2334,2057,2057
2335,2060,2060
2336,2066,2066
2337,2068,2068
2338,2069,2069
2339,2069,2069
2340,2073,2073
2341,2073,2073
2342,2075,2075
2343,2075,2075
2344,2072,2072
2345,2073,2073
2346,2069,2069
2347,2073,2073
2348,2073,2073
2349,2075,2075
2350,2075,2075
2351,2077,2077
2352,2075,2075
2353,2075,2075
2354,2077,2077
2355,2078,2078
2356,2090,2090
2357,2093,2093
2358,2091,2091
2359,2085,2085
2360,2077,2077
2361,2067,2067
2362,2058,2058
2363,2054,2054
2364,2056,2056
2365,2058,2058
2366,2064,2064
2367,2070,2070
2368,2077,2077
2369,2081,2081
2370,2084,2084
2371,2084,2084
2372,2081,2081
2373,2081,2081
2374,2079,2079
2375,2081,2081
2376,2081,2081
2377,2076,2076
2378,2069,2069
2379,2063,2063
2380,2057,2057
2381,2051,2051
2382,2053,2053
2383,2055,2055
2384,2060,2060
2385,2066,2066
2386,2075,2075
2387,2083,2083
2388,2092,2092
2389,2102,2102
2390,2108,2108
2391,2112,2112
2392,2110,2110
2393,2105,2105
2394,2100,2100
2395,2097,2097
2396,2093,2093
2397,2087,2087
2398,2081,2081
2399,2079,2079
2400,2083,2083
2401,2088,2088
2402,2093,2093
2403,2097,2097
2404,2098,2098
2405,2097,2097
2406,2091,2091
2407,2085,2085
2408,2079,2079
2409,2068,2068
2410,2064,2064
2411,2058,2058
2412,2051,2051
2413,2045,2045
2414,2039,2039
2415,2033,2033
2416,2027,2027
2417,2025,2025
2418,2029,2029
2419,2039,2039
2420,2055,2055
2421,2068,2068
2422,2078,2078
2423,2082,2082
2424,2082,2082
2425,2082,2082
2426,2080,2080
2427,2076,2076
2428,2069,2069
2429,2060,2060
2430,2057,2057
2431,2049,2049
2432,2045,2045
2433,2043,2043
2434,2041,2041
2435,2041,2041
2436,2050,2050
2437,2059,2059
2438,2070,2070
2439,2078,2078
2440,2081,2081
2441,2079,2079
2442,2076,2076
2443,2068,2068
2444,2058,2058
2445,2048,2048
2446,2041,2041
2447,2040,2040
2448,2042,2042
2449,2048,2048
2450,2056,2056
2451,2063,2063
2452,2067,2067
2453,2072,2072
2454,2074,2074
2455,2073,2073
2456,2070,2070
2457,2066,2066
2458,2056,2056
2459,2047,2047
2460,2046,2046
2461,2046,2046
2462,2044,2044
2463,2045,2045
2464,2044,2044
2465,2041,2041
2466,2037,2037
2467,2039,2039
2468,2041,2041
2469,2043,2043
2470,2050,2050
2471,2061,2061
2472,2077,2077
2473,2090,2090
2474,2102,2102
2475,2107,2107
2476,2107,2107
2477,2103,2103
2478,2094,2094
2479,2088,2088
2480,2081,2081
2481,2077,2077
2482,2071,2071
2483,2067,2067
2484,2061,2061
2485,2054,2054
2486,2047,2047
2487,2044,2044
2488,2044,2044
2489,2052,2052
2490,2061,2061
2491,2071,2071
2492,2080,2080
2493,2091,2091
2494,2097,2097
2495,2097,2097
2496,2093,2093
2497,2086,2086
2498,2085,2085
2499,2080,2080
2500,2070,2070
2501,2060,2060
2502,2053,2053
2503,2048,2048
2504,2043,2043
2505,2039,2039
2506,2035,2035
2507,2029,2029
2508,2026,2026
2509,2025,2025
2510,2021,2021
2511,2021,2021
2512,2019,2019
2513,2018,2018
2514,2014,2014
2515,2013,2013
2516,2014,2014
2517,2020,2020
2518,2029,2029
2519,2041,2041
2520,2054,2054
2521,2068,2068
2522,2081,2081
2523,2091,2091
2524,2100,2100
2525,2107,2107
2526,2109,2109
2527,2106,2106
2528,2093,2093
2529,2086,2086
2530,2081,2081
2531,2075,2075
2532,2074,2074
2533,2074,2074
2534,2081,2081
2535,2089,2089
2536,2097,2097
2537,2103,2103
2538,2104,2104
2539,2102,2102
2540,2097,2097
2541,2090,2090
2542,2083,2083
2543,2076,2076
2544,2070,2070
2545,2059,2059
2546,2051,2051
2547,2043,2043
2548,2037,2037
2549,2033,2033
2550,2031,2031
2551,2026,2026
2552,2031,2031
2553,2035,2035
2554,2034,2034
2555,2034,2034
2556,2031,2031
2557,2031,2031
2558,2037,2037
2559,2038,2038
2560,2041,2041
2561,2042,2042
2562,2042,2042
2563,2043,2043
2564,2046,2046
2565,2047,2047
2566,2048,2048
2567,2056,2056
2568,2059,2059
2569,2061,2061
2570,2061,2061
2571,2063,2063
2572,2070,2070
2573,2071,2071
2574,2068,2068
2575,2069,2069
2576,2071,2071
2577,2076,2076
2578,2082,2082
2579,2079,2079
2580,2078,2078
2581,2077,2077
2582,2077,2077
2583,2075,2075
2584,2070,2070
2585,2066,2066
2586,2066,2066
2587,2071,2071
2588,2074,2074
2589,2075,2075
2590,2079,2079
2591,2082,2082
2592,2083,2083
2593,2084,2084
2594,2086,2086
2595,2087,2087
2596,2087,2087
2597,2088,2088
2598,2089,2089
2599,2080,2080
2600,2073,2073
2601,2060,2060
2602,2050,2050
2603,2041,2041
2604,2038,2038
2605,2045,2045
2606,2053,2053
2607,2060,2060
2608,2060,2060
2609,2059,2059
2610,2063,2063
2611,2067,2067
2612,2067,2067
2613,2065,2065
2614,2062,2062
2615,2058,2058
2616,2054,2054
2617,2053,2053
2618,2046,2046
2619,2043,2043
2620,2038,2038
2621,2039,2039
2622,2047,2047
2623,2056,2056
2624,2064,2064
2625,2069,2069
2626,2073,2073
2627,2073,2073
2628,2067,2067
2629,2061,2061
2630,2058,2058
2631,2059,2059
2632,2065,2065
2633,2070,2070
2634,2071,2071
2635,2070,2070
2636,2073,2073
2637,2075,2075
2638,2077,2077
2639,2076,2076
2640,2077,2077
2641,2082,2082
2642,2083,2083
2643,2087,2087
2644,2089,2089
2645,2089,2089
2646,2085,2085
2647,2077,2077
2648,2065,2065
2649,2060,2060
2650,2058,2058
2651,2057,2057
2652,2055,2055
2653,2054,2054
2654,2049,2049
2655,2047,2047
2656,2048,2048
2657,2053,2053
2658,2057,2057
2659,2061,2061
2660,2063,2063
2661,2063,2063
2662,2063,2063
2663,2065,2065
2664,2070,2070
2665,2068,2068
2666,2062,2062
2667,2060,2060
2668,2061,2061
2669,2062,2062
2670,2062,2062
2671,2060,2060
2672,2062,2062
2673,2066,2066
2674,2070,2070
2675,2075,2075
2676,2080,2080
2677,2081,2081
2678,2081,2081
2679,2075,2075
2680,2068,2068
2681,2060,2060
2682,2058,2058
2683,2059,2059
2684,2059,2059
2685,2063,2063
2686,2067,2067
2687,2069,2069
2688,2075,2075
2689,2074,2074
2690,2074,2074
2691,2075,2075
2692,2075,2075
2693,2075,2075
2694,2082,2082
2695,2086,2086
2696,2084,2084
2697,2079,2079
2698,2072,2072
2699,2068,2068
2700,2065,2065
2701,2063,2063
2702,2065,2065
2703,2064,2064
2704,2065,2065
2705,2067,2067
2706,2070,2070
2707,2076,2076
2708,2082,2082
2709,2085,2085
2710,2087,2087
2711,2086,2086
2712,2083,2083
2713,2083,2083
2714,2085,2085
2715,2082,2082
2716,2080,2080
2717,2078,2078
2718,2079,2079
2719,2075,2075
2720,2069,2069
2721,2063,2063
2722,2054,2054
2723,2050,2050
2724,2049,2049
2725,2052,2052
2726,2055,2055
2727,2062,2062
2728,2072,2072
2729,2078,2078
2730,2083,2083
2731,2083,2083
2732,2083,2083
2733,2083,2083
2734,2083,2083
2735,2079,2079
2736,2079,2079
2737,2081,2081
2738,2081,2081
2739,2081,2081
2740,2076,2076
2741,2071,2071
2742,2066,2066
2743,2063,2063
2744,2063,2063
2745,2065,2065
2746,2068,2068
2747,2074,2074
2748,2076,2076
2749,2077,2077
2750,2068,2068
2751,2059,2059
2752,2044,2044
2753,2033,2033
2754,2022,2022
2755,2022,2022
2756,2027,2027
2757,2033,2033
2758,2043,2043
2759,2057,2057
2760,2067,2067
2761,2073,2073
2762,2077,2077
2763,2079,2079
2764,2080,2080
2765,2074,2074
2766,2067,2067
2767,2059,2059
2768,2049,2049
2769,2042,2042
2770,2041,2041
2771,2045,2045
2772,2052,2052
2773,2059,2059
2774,2066,2066
2775,2075,2075
2776,2082,2082
2777,2087,2087
2778,2091,2091
2779,2091,2091
2780,2090,2090
2781,2087,2087
2782,2080,2080
2783,2074,2074
2784,2065,2065
2785,2057,2057
2786,2051,2051
2787,2044,2044
2788,2043,2043
2789,2045,2045
2790,2046,2046
2791,2049,2049
2792,2056,2056
2793,2060,2060
2794,2066,2066
2795,2066,2066
2796,2065,2065
2797,2063,2063
2798,2057,2057
2799,2054,2054
2800,2050,2050
2801,2050,2050
2802,2048,2048
2803,2049,2049
2804,2052,2052
2805,2060,2060
2806,2064,2064
2807,2069,2069
2808,2071,2071
2809,2075,2075
2810,2080,2080
2811,2085,2085
2812,2082,2082
2813,2075,2075
2814,2068,2068
2815,2063,2063
2816,2057,2057
2817,2054,2054
2818,2053,2053
2819,2051,2051
2820,2046,2046
2821,2043,2043
2822,2036,2036
2823,2030,2030
2824,2021,2021
2825,2018,2018
2826,2018,2018
2827,2019,2019
2828,2025,2025
2829,2035,2035
2830,2046,2046
2831,2055,2055
2832,2064,2064
2833,2070,2070
2834,2073,2073
2835,2071,2071
2836,2067,2067
2837,2061,2061
2838,2057,2057
2839,2048,2048
2840,2046,2046
2841,2043,2043
2842,2045,2045
2843,2055,2055
2844,2067,2067
2845,2076,2076
2846,2083,2083
2847,2086,2086
2848,2086,2086
2849,2082,2082
2850,2082,2082
2851,2086,2086
2852,2093,2093
2853,2091,2091
2854,2085,2085
2855,2079,2079
2856,2077,2077
2857,2076,2076
2858,2077,2077
2859,2077,2077
2860,2082,2082
2861,2089,2089
2862,2097,2097
2863,2109,2109
2864,2121,2121
2865,2128,2128
2866,2127,2127
2867,2119,2119
2868,2110,2110
2869,2103,2103
2870,2097,2097
2871,2088,2088
2872,2082,2082
2873,2077,2077
2874,2077,2077
2875,2078,2078
2876,2081,2081
2877,2084,2084
2878,2087,2087
2879,2089,2089
2880,2088,2088
2881,2085,2085
2882,2082,2082
2883,2075,2075
2884,2070,2070
2885,2063,2063
2886,2058,2058
2887,2052,2052
2888,2045,2045
2889,2042,2042
2890,2042,2042
2891,2044,2044
2892,2045,2045
2893,2043,2043
2894,2043,2043
2895,2045,2045
2896,2052,2052
2897,2059,2059
2898,2065,2065
2899,2063,2063
2900,2057,2057
2901,2051,2051
2902,2039,2039
2903,2031,2031
2904,2020,2020
2905,2016,2016
2906,2019,2019
2907,2024,2024
2908,2029,2029
2909,2033,2033
2910,2037,2037
2911,2041,2041
2912,2042,2042
2913,2043,2043
2914,2048,2048
2915,2052,2052
2916,2062,2062
2917,2066,2066
2918,2075,2075
2919,2077,2077
2920,2075,2075
2921,2073,2073
2922,2066,2066
2923,2055,2055
2924,2049,2049
2925,2048,2048
2926,2052,2052
2927,2059,2059
2928,2061,2061
2929,2067,2067
2930,2074,2074
2931,2075,2075
2932,2077,2077
2933,2073,2073
2934,2069,2069
2935,2066,2066
2936,2059,2059
2937,2054,2054
2938,2051,2051
2939,2050,2050
2940,2048,2048
2941,2047,2047
2942,2043,2043
2943,2046,2046
2944,2051,2051
2945,2052,2052
2946,2055,2055
2947,2055,2055
2948,2060,2060
2949,2065,2065
2950,2073,2073
2951,2077,2077
2952,2078,2078
2953,2069,2069
2954,2052,2052
2955,2035,2035
2956,2019,2019
2957,2013,2013
2958,2010,2010
2959,2016,2016
2960,2029,2029
2961,2049,2049
2962,2065,2065
2963,2076,2076
2964,2081,2081
2965,2084,2084
2966,2084,2084
2967,2081,2081
2968,2076,2076
2969,2071,2071
2970,2065,2065
2971,2059,2059
2972,2054,2054
2973,2050,2050
2974,2045,2045
2975,2043,2043
2976,2050,2050
2977,2057,2057
2978,2065,2065
2979,2074,2074
2980,2084,2084
2981,2089,2089
2982,2095,2095
2983,2099,2099
2984,2097,2097
2985,2095,2095
2986,2091,2091
2987,2087,2087
2988,2085,2085
2989,2083,2083
2990,2080,2080
2991,2079,2079
2992,2077,2077
2993,2074,2074
2994,2070,2070
2995,2066,2066
2996,2063,2063
2997,2060,2060
2998,2066,2066
2999,2069,2069
3000,2070,2070
3001,2073,2073
3002,2075,2075
3003,2072,2072
3004,2064,2064
3005,2053,2053
3006,2042,2042
3007,2031,2031
3008,2023,2023
3009,2022,2022
3010,2021,2021
3011,2027,2027
3012,2037,2037
3013,2048,2048
3014,2055,2055
3015,2062,2062
3016,2062,2062
3017,2063,2063
3018,2063,2063
3019,2058,2058
3020,2057,2057
3021,2058,2058
3022,2057,2057
3023,2055,2055
3024,2053,2053
3025,2048,2048
3026,2048,2048
3027,2055,2055
3028,2059,2059
3029,2069,2069
3030,2075,2075
3031,2086,2086
3032,2096,2096
3033,2110,2110
3034,2118,2118
3035,2125,2125
3036,2124,2124
3037,2121,2121
3038,2112,2112
3039,2103,2103
3040,2094,2094
3041,2083,2083
3042,2074,2074
3043,2070,2070
3044,2069,2069
3045,2069,2069
3046,2071,2071
3047,2073,2073
3048,2071,2071
3049,2069,2069
3050,2067,2067
3051,2060,2060
3052,2049,2049
3053,2043,2043
3054,2037,2037
3055,2034,2034
3056,2035,2035
3057,2037,2037
3058,2041,2041
3059,2046,2046
3060,2048,2048
3061,2050,2050
3062,2050,2050
3063,2049,2049
3064,2055,2055
3065,2060,2060
3066,2065,2065
3067,2068,2068
3068,2069,2069
3069,2067,2067
3070,2060,2060
3071,2055,2055
3072,2051,2051
3073,2050,2050
3074,2049,2049
3075,2050,2050
3076,2051,2051
3077,2054,2054
3078,2056,2056
3079,2058,2058
3080,2058,2058
3081,2057,2057
3082,2055,2055
3083,2059,2059
3084,2064,2064
3085,2066,2066
3086,2069,2069
3087,2075,2075
3088,2082,2082
3089,2080,2080
3090,2080,2080
3091,2085,2085
3092,2085,2085
3093,2087,2087
3094,2093,2093
3095,2105,2105
3096,2108,2108
3097,2112,2112
3098,2113,2113
3099,2109,2109
3100,2108,2108
3101,2115,2115
3102,2107,2107
3103,2090,2090
3104,2076,2076
3105,2090,2090
3106,2098,2098
3107,2102,2102
3108,2103,2103
3109,2100,2100
3110,2083,2083
3111,2061,2061
3112,2050,2050
3113,2045,2045
3114,2041,2041
3115,2048,2048
3116,2064,2064
3117,2067,2067
3118,2070,2070
3119,2074,2074
3120,2073,2073
3121,2062,2062
3122,2047,2047
3123,2039,2039
3124,2039,2039
3125,2042,2042
3126,2054,2054
3127,2059,2059
3128,2050,2050
3129,2037,2037
3130,2040,2040
3131,2056,2056
3132,2075,2075
3133,2097,2097
3134,2118,2118
3135,2128,2128
3136,2123,2123
3137,2096,2096
3138,2070,2070
3139,2038,2038
3140,2014,2014
3141,2007,2007
3142,2016,2016
3143,2031,2031
3144,2050,2050
3145,2067,2067
3146,2068,2068
3147,2048,2048
3148,2027,2027
3149,2010,2010
3150,2002,2002
3151,2003,2003
3152,2020,2020
3153,2037,2037
3154,2056,2056
3155,2064,2064
3156,2069,2069
3157,2063,2063
3158,2052,2052
3159,2041,2041
3160,2037,2037
3161,2038,2038
3162,2048,2048
3163,2065,2065
3164,2087,2087
3165,2097,2097
3166,2099,2099
3167,2099,2099
3168,2088,2088
3169,2072,2072
3170,2057,2057
3171,2052,2052
3172,2047,2047
3173,2043,2043
3174,2041,2041
3175,2039,2039
3176,2035,2035
3177,2022,2022
3178,2007,2007
3179,1991,1991
3180,1980,1980
3181,1976,1976
3182,1984,1984
3183,1995,1995
3184,2009,2009
3185,2026,2026
3186,2045,2045
3187,2058,2058
3188,2062,2062
3189,2064,2064
3190,2060,2060
3191,2056,2056
3192,2053,2053
3193,2050,2050
3194,2045,2045
3195,2039,2039
3196,2035,2035
3197,2038,2038
3198,2040,2040
3199,2039,2039
3200,2049,2049
3201,2061,2061
3202,2067,2067
3203,2075,2075
3204,2083,2083
3205,2087,2087
3206,2082,2082
3207,2070,2070
3208,2058,2058
3209,2045,2045
3210,2031,2031
3211,2025,2025
3212,2029,2029
3213,2037,2037
3214,2058,2058
3215,2081,2081
3216,2096,2096
3217,2105,2105
3218,2101,2101
3219,2096,2096
3220,2085,2085
3221,2069,2069
3222,2063,2063
3223,2057,2057
3224,2055,2055
3225,2052,2052
3226,2048,2048
3227,2040,2040
3228,2027,2027
3229,2009,2009
3230,2000,2000
3231,2003,2003
3232,2014,2014
3233,2026,2026
3234,2039,2039
3235,2049,2049
3236,2052,2052
3237,2046,2046
3238,2039,2039
3239,2032,2032
3240,2026,2026
3241,2030,2030
3242,2037,2037
3243,2049,2049
3244,2058,2058
3245,2066,2066
3246,2065,2065
3247,2060,2060
3248,2053,2053
3249,2049,2049
3250,2049,2049
3251,2059,2059
3252,2074,2074
3253,2097,2097
3254,2114,2114
3255,2123,2123
3256,2128,2128
3257,2125,2125
3258,2113,2113
3259,2093,2093
3260,2077,2077
3261,2069,2069
3262,2062,2062
3263,2061,2061
3264,2066,2066
3265,2073,2073
3266,2081,2081
3267,2086,2086
3268,2090,2090
3269,2091,2091
3270,2094,2094
3271,2099,2099
3272,2101,2101
3273,2100,2100
3274,2097,2097
3275,2090,2090
3276,2079,2079
3277,2071,2071
3278,2064,2064
3279,2061,2061
3280,2058,2058
3281,2061,2061
3282,2065,2065
3283,2064,2064
3284,2063,2063
3285,2057,2057
3286,2057,2057
3287,2059,2059
3288,2060,2060
3289,2065,2065
3290,2066,2066
3291,2067,2067
3292,2064,2064
3293,2061,2061
3294,2058,2058
3295,2056,2056
3296,2057,2057
3297,2057,2057
3298,2065,2065
3299,2069,2069
3300,2076,2076
3301,2087,2087
3302,2096,2096
3303,2097,2097
3304,2101,2101
3305,2103,2103
3306,2096,2096
3307,2089,2089
3308,2082,2082
3309,2073,2073
3310,2064,2064
3311,2061,2061
3312,2064,2064
3313,2073,2073
3314,2078,2078
3315,2087,2087
3316,2088,2088
3317,2087,2087
3318,2079,2079
3319,2073,2073
3320,2062,2062
3321,2055,2055
3322,2050,2050
3323,2053,2053
3324,2057,2057
3325,2057,2057
3326,2053,2053
3327,2046,2046
3328,2037,2037
3329,2019,2019
3330,2009,2009
3331,2009,2009
3332,2006,2006
3333,2008,2008
3334,2011,2011
3335,2017,2017
3336,2028,2028
3337,2038,2038
3338,2042,2042
3339,2048,2048
3340,2050,2050
3341,2051,2051
3342,2053,2053
3343,2052,2052
3344,2048,2048
3345,2050,2050
3346,2050,2050
3347,2059,2059
3348,2066,2066
3349,2080,2080
3350,2088,2088
3351,2097,2097
3352,2103,2103
3353,2112,2112
3354,2117,2117
3355,2117,2117
3356,2115,2115
3357,2116,2116
3358,2112,2112
3359,2107,2107
3360,2102,2102
3361,2104,2104
3362,2103,2103
3363,2099,2099
3364,2095,2095
3365,2091,2091
3366,2083,2083
3367,2083,2083
3368,2083,2083
3369,2081,2081
3370,2089,2089
3371,2103,2103
3372,2109,2109
3373,2109,2109
3374,2104,2104
3375,2098,2098
3376,2091,2091
3377,2080,2080
3378,2068,2068
3379,2061,2061
3380,2054,2054
3381,2048,2048
3382,2046,2046
3383,2047,2047
3384,2049,2049
3385,2053,2053
3386,2052,2052
3387,2045,2045
3388,2041,2041
3389,2039,2039
3390,2035,2035
3391,2027,2027
3392,2024,2024
3393,2025,2025
3394,2027,2027
3395,2033,2033
3396,2042,2042
3397,2052,2052
3398,2061,2061
3399,2071,2071
3400,2080,2080
3401,2090,2090
3402,2102,2102
3403,2110,2110
3404,2116,2116
3405,2116,2116
3406,2115,2115
3407,2112,2112
3408,2105,2105
3409,2098,2098
3410,2091,2091
3411,2087,2087
3412,2091,2091
3413,2098,2098
3414,2101,2101
3415,2100,2100
3416,2099,2099
3417,2102,2102
3418,2107,2107
3419,2112,2112
3420,2117,2117
3421,2117,2117
3422,2115,2115
3423,2112,2112
3424,2103,2103
3425,2086,2086
3426,2069,2069
3427,2058,2058
3428,2050,2050
3429,2048,2048
3430,2043,2043
3431,2039,2039
3432,2033,2033
3433,2023,2023
3434,2019,2019
3435,2013,2013
3436,2010,2010
3437,2011,2011
3438,2018,2018
3439,2029,2029
3440,2039,2039
3441,2047,2047
3442,2050,2050
3443,2050,2050
3444,2039,2039
3445,2033,2033
3446,2028,2028
3447,2024,2024
3448,2026,2026
3449,2037,2037
3450,2048,2048
3451,2057,2057
3452,2066,2066
3453,2075,2075
3454,2080,2080
3455,2083,2083
3456,2090,2090
3457,2098,2098
3458,2105,2105
3459,2112,2112
3460,2116,2116
3461,2120,2120
3462,2117,2117
3463,2113,2113
3464,2106,2106
3465,2097,2097
3466,2086,2086
3467,2084,2084
3468,2087,2087
3469,2089,2089
3470,2095,2095
3471,2105,2105
3472,2112,2112
3473,2117,2117
3474,2115,2115
3475,2107,2107
3476,2093,2093
3477,2080,2080
3478,2070,2070
3479,2063,2063
3480,2062,2062
3481,2065,2065
3482,2069,2069
3483,2075,2075
3484,2083,2083
3485,2091,2091
3486,2093,2093
3487,2092,2092
3488,2087,2087
3489,2081,2081
3490,2074,2074
3491,2070,2070
3492,2068,2068
3493,2063,2063
3494,2063,2063
3495,2060,2060
3496,2059,2059
3497,2056,2056
3498,2058,2058
3499,2059,2059
3500,2060,2060
3501,2063,2063
3502,2064,2064
3503,2063,2063
3504,2060,2060
3505,2059,2059
3506,2061,2061
3507,2066,2066
3508,2070,2070
3509,2078,2078
3510,2087,2087
3511,2091,2091
3512,2091,2091
3513,2084,2084
3514,2075,2075
3515,2065,2065
3516,2060,2060
3517,2059,2059
3518,2055,2055
3519,2061,2061
3520,2073,2073
3521,2082,2082
3522,2083,2083
3523,2082,2082
3524,2083,2083
3525,2079,2079
3526,2070,2070
3527,2058,2058
3528,2045,2045
3529,2037,2037
3530,2031,2031
3531,2024,2024
3532,2019,2019
3533,2015,2015
3534,2016,2016
3535,2018,2018
3536,2020,2020
3537,2027,2027
3538,2037,2037
3539,2048,2048
3540,2059,2059
3541,2068,2068
3542,2081,2081
3543,2090,2090
3544,2092,2092
3545,2091,2091
3546,2089,2089
3547,2081,2081
3548,2068,2068
3549,2058,2058
3550,2052,2052
3551,2046,2046
3552,2046,2046
3553,2047,2047
3554,2043,2043
3555,2043,2043
3556,2046,2046
3557,2049,2049
3558,2050,2050
3559,2050,2050
3560,2049,2049
3561,2044,2044
3562,2039,2039
3563,2032,2032
3564,2027,2027
3565,2023,2023
3566,2017,2017
3567,2016,2016
3568,2019,2019
3569,2024,2024
3570,2030,2030
3571,2037,2037
3572,2045,2045
3573,2056,2056
3574,2068,2068
3575,2077,2077
3576,2087,2087
3577,2092,2092
3578,2095,2095
3579,2099,2099
3580,2098,2098
3581,2097,2097
3582,2094,2094
3583,2091,2091
3584,2087,2087
3585,2082,2082
3586,2075,2075
3587,2069,2069
3588,2066,2066
3589,2067,2067
3590,2068,2068
3591,2068,2068
3592,2066,2066
3593,2057,2057
3594,2044,2044
3595,2026,2026
3596,2013,2013
3597,1997,1997
3598,1991,1991
3599,1987,1987
3600,1988,1988
3601,1990,1990
3602,1993,1993
3603,2001,2001
3604,2014,2014
3605,2026,2026
3606,2039,2039
3607,2054,2054
3608,2066,2066
3609,2076,2076
3610,2081,2081
3611,2078,2078
3612,2071,2071
3613,2064,2064
3614,2055,2055
3615,2049,2049
3616,2040,2040
3617,2035,2035
3618,2038,2038
3619,2044,2044
3620,2049,2049
3621,2055,2055
3622,2061,2061
3623,2073,2073
3624,2085,2085
3625,2095,2095
3626,2102,2102
3627,2103,2103
3628,2100,2100
3629,2097,2097
3630,2087,2087
3631,2071,2071
3632,2054,2054
3633,2039,2039
3634,2033,2033
3635,2030,2030
3636,2034,2034
3637,2041,2041
3638,2051,2051
3639,2060,2060
3640,2075,2075
3641,2086,2086
3642,2095,2095
3643,2094,2094
3644,2094,2094
3645,2086,2086
3646,2073,2073
3647,2065,2065
3648,2059,2059
3649,2054,2054
3650,2050,2050
3651,2050,2050
3652,2054,2054
3653,2054,2054
3654,2053,2053
3655,2053,2053
3656,2053,2053
3657,2049,2049
3658,2050,2050
3659,2054,2054
3660,2059,2059
3661,2065,2065
3662,2073,2073
3663,2080,2080
3664,2085,2085
3665,2087,2087
3666,2092,2092
3667,2093,2093
3668,2094,2094
3669,2103,2103
3670,2097,2097
3671,2097,2097
3672,2098,2098
3673,2099,2099
3674,2099,2099
3675,2097,2097
3676,2097,2097
3677,2093,2093
3678,2089,2089
3679,2085,2085
3680,2076,2076
3681,2065,2065
3682,2053,2053
3683,2039,2039
3684,2030,2030
3685,2025,2025
3686,2023,2023
3687,2028,2028
3688,2031,2031
3689,2031,2031
3690,2031,2031
3691,2035,2035
3692,2043,2043
3693,2047,2047
3694,2054,2054
3695,2059,2059
3696,2067,2067
3697,2070,2070
3698,2074,2074
3699,2070,2070
3700,2065,2065
3701,2060,2060
3702,2056,2056
3703,2058,2058
3704,2057,2057
3705,2061,2061
3706,2065,2065
3707,2071,2071
3708,2076,2076
3709,2085,2085
3710,2092,2092
3711,2098,2098
3712,2100,2100
3713,2102,2102
3714,2102,2102
3715,2100,2100
3716,2097,2097
3717,2090,2090
3718,2081,2081
3719,2071,2071
3720,2067,2067
3721,2061,2061
3722,2063,2063
3723,2063,2063
3724,2064,2064
3725,2070,2070
3726,2074,2074
3727,2082,2082
3728,2083,2083
3729,2082,2082
3730,2082,2082
3731,2081,2081
3732,2082,2082
3733,2084,2084
3734,2086,2086
3735,2086,2086
3736,2084,2084
3737,2083,2083
3738,2078,2078
3739,2074,2074
3740,2071,2071
3741,2069,2069
3742,2065,2065
3743,2060,2060
3744,2057,2057
3745,2057,2057
3746,2055,2055
3747,2056,2056
3748,2052,2052
3749,2052,2052
3750,2052,2052
3751,2053,2053
3752,2046,2046
3753,2046,2046
3754,2047,2047
3755,2045,2045
3756,2049,2049
3757,2054,2054
3758,2062,2062
3759,2065,2065
3760,2063,2063
3761,2061,2061
3762,2056,2056
3763,2049,2049
3764,2047,2047
3765,2052,2052
3766,2054,2054
3767,2051,2051
3768,2056,2056
3769,2058,2058
3770,2057,2057
3771,2061,2061
3772,2065,2065
3773,2066,2066
3774,2066,2066
3775,2071,2071
3776,2081,2081
3777,2093,2093
3778,2100,2100
3779,2107,2107
3780,2105,2105
3781,2099,2099
3782,2086,2086
3783,2074,2074
3784,2063,2063
3785,2056,2056
3786,2051,2051
3787,2053,2053
3788,2057,2057
3789,2062,2062
3790,2069,2069
3791,2076,2076
3792,2087,2087
3793,2097,2097
3794,2105,2105
3795,2112,2112
3796,2117,2117
3797,2117,2117
3798,2119,2119
3799,2117,2117
3800,2114,2114
3801,2109,2109
3802,2102,2102
3803,2091,2091
3804,2084,2084
3805,2082,2082
3806,2083,2083
3807,2086,2086
3808,2091,2091
3809,2097,2097
3810,2103,2103
3811,2103,2103
3812,2105,2105
3813,2099,2099
3814,2086,2086
3815,2072,2072
3816,2062,2062
3817,2049,2049
3818,2038,2038
3819,2032,2032
3820,2030,2030
3821,2033,2033
3822,2033,2033
3823,2039,2039
3824,2046,2046
3825,2050,2050
3826,2057,2057
3827,2070,2070
3828,2085,2085
3829,2094,2094
3830,2103,2103
3831,2109,2109
3832,2111,2111
3833,2108,2108
3834,2100,2100
3835,2091,2091
3836,2080,2080
3837,2068,2068
3838,2055,2055
3839,2046,2046
3840,2041,2041
3841,2042,2042
3842,2049,2049
3843,2057,2057
3844,2067,2067
3845,2069,2069
3846,2074,2074
3847,2080,2080
3848,2082,2082
3849,2087,2087
3850,2089,2089
3851,2084,2084
3852,2076,2076
3853,2071,2071
3854,2065,2065
3855,2054,2054
3856,2043,2043
3857,2035,2035
3858,2030,2030
3859,2034,2034
3860,2037,2037
3861,2035,2035
3862,2037,2037
3863,2041,2041
3864,2044,2044
3865,2045,2045
3866,2045,2045
3867,2043,2043
3868,2037,2037
3869,2031,2031
3870,2026,2026
3871,2029,2029
3872,2033,2033
3873,2037,2037
3874,2043,2043
3875,2052,2052
3876,2060,2060
3877,2066,2066
3878,2071,2071
3879,2077,2077
3880,2086,2086
3881,2090,2090
3882,2098,2098
3883,2097,2097
3884,2098,2098
3885,2093,2093
3886,2088,2088
3887,2082,2082
3888,2079,2079
3889,2078,2078
3890,2081,2081
3891,2084,2084
3892,2089,2089
3893,2095,2095
3894,2096,2096
3895,2098,2098
3896,2097,2097
3897,2101,2101
3898,2101,2101
3899,2099,2099
3900,2097,2097
3901,2094,2094
3902,2092,2092
3903,2092,2092
3904,2087,2087
3905,2078,2078
3906,2071,2071
3907,2068,2068
3908,2067,2067
3909,2067,2067
3910,2067,2067
3911,2071,2071
3912,2072,2072
3913,2073,2073
3914,2071,2071
3915,2068,2068
3916,2066,2066
3917,2061,2061
3918,2055,2055
3919,2051,2051
3920,2048,2048
3921,2043,2043
3922,2039,2039
3923,2038,2038
3924,2031,2031
3925,2027,2027
3926,2024,2024
3927,2023,2023
3928,2030,2030
3929,2034,2034
3930,2034,2034
3931,2033,2033
3932,2032,2032
3933,2030,2030
3934,2031,2031
3935,2029,2029
3936,2025,2025
3937,2024,2024
3938,2030,2030
3939,2031,2031
3940,2037,2037
3941,2042,2042
3942,2049,2049
3943,2055,2055
3944,2066,2066
3945,2078,2078
3946,2087,2087
3947,2089,2089
3948,2093,2093
3949,2089,2089
3950,2082,2082
3951,2084,2084
3952,2084,2084
3953,2080,2080
3954,2070,2070
3955,2066,2066
3956,2062,2062
3957,2057,2057
3958,2054,2054
3959,2053,2053
3960,2058,2058
3961,2063,2063
3962,2070,2070
3963,2074,2074
3964,2080,2080
3965,2083,2083
3966,2083,2083
3967,2083,2083
3968,2079,2079
3969,2074,2074
3970,2066,2066
3971,2064,2064
3972,2055,2055
3973,2047,2047
3974,2042,2042
3975,2040,2040
3976,2043,2043
3977,2048,2048
3978,2053,2053
3979,2061,2061
3980,2067,2067
3981,2071,2071
3982,2073,2073
3983,2080,2080
3984,2083,2083
3985,2089,2089
3986,2089,2089
3987,2087,2087
3988,2085,2085
3989,2085,2085
3990,2084,2084
3991,2084,2084
3992,2081,2081
3993,2077,2077
3994,2077,2077
3995,2079,2079
3996,2079,2079
3997,2075,2075
3998,2069,2069
3999,2063,2063
4000,2055,2055
4001,2047,2047
4002,2041,2041
4003,2033,2033
4004,2031,2031
4005,2030,2030
4006,2026,2026
4007,2025,2025
4008,2024,2024
4009,2021,2021
4010,2022,2022
4011,2023,2023
4012,2026,2026
4013,2034,2034
4014,2041,2041
4015,2049,2049
4016,2053,2053
4017,2057,2057
4018,2055,2055
4019,2052,2052
4020,2047,2047
4021,2043,2043
4022,2040,2040
4023,2037,2037
4024,2037,2037
4025,2043,2043
4026,2048,2048
4027,2050,2050
4028,2050,2050
4029,2047,2047
4030,2047,2047
4031,2044,2044
4032,2044,2044
4033,2049,2049
4034,2051,2051
4035,2051,2051
4036,2053,2053
4037,2053,2053
4038,2051,2051
4039,2052,2052
4040,2053,2053
4041,2055,2055
4042,2061,2061
4043,2069,2069
4044,2074,2074
4045,2078,2078
4046,2083,2083
4047,2089,2089
4048,2095,2095
4049,2100,2100
4050,2105,2105
4051,2107,2107
4052,2106,2106
4053,2103,2103
4054,2094,2094
4055,2085,2085
4056,2075,2075
4057,2063,2063
4058,2050,2050
4059,2039,2039
4060,2031,2031
4061,2030,2030
4062,2034,2034
4063,2038,2038
4064,2044,2044
4065,2046,2046
4066,2046,2046
4067,2044,2044
4068,2038,2038
4069,2034,2034
4070,2029,2029
4071,2028,2028
4072,2025,2025
4073,2022,2022
4074,2026,2026
4075,2029,2029
4076,2036,2036
4077,2041,2041
4078,2045,2045
4079,2043,2043
4080,2039,2039
4081,2037,2037
4082,2034,2034
4083,2030,2030
4084,2032,2032
4085,2039,2039
4086,2047,2047
4087,2058,2058
4088,2067,2067
4089,2072,2072
4090,2074,2074
4091,2071,2071
4092,2065,2065
4093,2059,2059
4094,2054,2054
4095,2053,2053
4096,2059,2059
4097,2073,2073
4098,2084,2084
4099,2098,2098
4100,2108,2108
4101,2116,2116
4102,2118,2118
4103,2112,2112
4104,2103,2103
4105,2090,2090
4106,2077,2077
4107,2066,2066
4108,2060,2060
4109,2061,2061
4110,2063,2063
4111,2065,2065
4112,2069,2069
4113,2073,2073
4114,2076,2076
4115,2077,2077
4116,2075,2075
4117,2073,2073
4118,2069,2069
4119,2067,2067
4120,2062,2062
4121,2055,2055
4122,2052,2052
4123,2048,2048
4124,2047,2047
4125,2041,2041
4126,2040,2040
4127,2045,2045
4128,2045,2045
4129,2056,2056
4130,2067,2067
4131,2078,2078
4132,2087,2087
4133,2099,2099
4134,2109,2109
4135,2119,2119
4136,2125,2125
4137,2125,2125
4138,2122,2122
4139,2119,2119
4140,2113,2113
4141,2103,2103
4142,2098,2098
4143,2090,2090
4144,2085,2085
4145,2084,2084
4146,2081,2081
4147,2082,2082
4148,2083,2083
4149,2083,2083
4150,2081,2081
4151,2076,2076
4152,2066,2066
4153,2049,2049
4154,2034,2034
4155,2024,2024
4156,2023,2023
4157,2029,2029
4158,2039,2039
4159,2054,2054
4160,2067,2067
4161,2077,2077
4162,2088,2088
4163,2097,2097
4164,2106,2106
4165,2104,2104
4166,2100,2100
4167,2093,2093
4168,2091,2091
4169,2089,2089
4170,2085,2085
4171,2083,2083
4172,2078,2078
4173,2071,2071
4174,2067,2067
4175,2065,2065
4176,2062,2062
4177,2056,2056
4178,2047,2047
4179,2043,2043
4180,2036,2036
4181,2037,2037
4182,2040,2040
4183,2046,2046
4184,2051,2051
4185,2058,2058
4186,2058,2058
4187,2059,2059
4188,2058,2058
4189,2057,2057
4190,2054,2054
4191,2051,2051
4192,2050,2050
4193,2053,2053
4194,2060,2060
4195,2072,2072
4196,2082,2082
4197,2091,2091
4198,2098,2098
4199,2103,2103
4200,2105,2105
4201,2104,2104
4202,2104,2104
4203,2106,2106
4204,2106,2106
4205,2103,2103
4206,2096,2096
4207,2089,2089
4208,2084,2084
4209,2076,2076
4210,2071,2071
4211,2064,2064
4212,2055,2055
4213,2048,2048
4214,2049,2049
4215,2052,2052
4216,2055,2055
4217,2063,2063
4218,2067,2067
4219,2071,2071
4220,2070,2070
4221,2062,2062
4222,2050,2050
4223,2034,2034
4224,2019,2019
4225,2009,2009
4226,2005,2005
4227,2007,2007
4228,2011,2011
4229,2021,2021
4230,2031,2031
4231,2045,2045
4232,2057,2057
4233,2069,2069
4234,2079,2079
4235,2081,2081
4236,2086,2086
4237,2086,2086
4238,2085,2085
4239,2083,2083
4240,2073,2073
4241,2060,2060
4242,2048,2048
4243,2038,2038
4244,2036,2036
4245,2037,2037
4246,2039,2039
4247,2045,2045
4248,2053,2053
4249,2062,2062
4250,2070,2070
4251,2076,2076
4252,2082,2082
4253,2085,2085
4254,2087,2087
4255,2085,2085
4256,2076,2076
4257,2064,2064
4258,2053,2053
4259,2042,2042
4260,2028,2028
4261,2019,2019
4262,2013,2013
4263,2011,2011
4264,2013,2013
4265,2020,2020
4266,2026,2026
4267,2035,2035
4268,2041,2041
4269,2044,2044
4270,2044,2044
4271,2048,2048
4272,2051,2051
4273,2049,2049
4274,2050,2050
4275,2050,2050
4276,2049,2049
4277,2048,2048
4278,2049,2049
4279,2047,2047
4280,2049,2049
4281,2049,2049
4282,2051,2051
4283,2055,2055
4284,2064,2064
4285,2069,2069
4286,2073,2073
4287,2081,2081
4288,2087,2087
4289,2094,2094
4290,2098,2098
4291,2098,2098
4292,2098,2098
4293,2101,2101
4294,2100,2100
4295,2099,2099
4296,2097,2097
4297,2099,2099
4298,2103,2103
4299,2111,2111
4300,2113,2113
4301,2112,2112
4302,2107,2107
4303,2100,2100
4304,2096,2096
4305,2093,2093
4306,2095,2095
4307,2098,2098
4308,2096,2096
4309,2096,2096
4310,2095,2095
4311,2087,2087
4312,2078,2078
4313,2074,2074
4314,2068,2068
4315,2063,2063
4316,2060,2060
4317,2066,2066
4318,2071,2071
4319,2075,2075
4320,2079,2079
4321,2078,2078
4322,2074,2074
4323,2071,2071
4324,2069,2069
4325,2066,2066
4326,2060,2060
4327,2058,2058
4328,2055,2055
4329,2055,2055
4330,2054,2054
4331,2054,2054
4332,2059,2059
4333,2058,2058
4334,2057,2057
4335,2048,2048
4336,2039,2039
4337,2035,2035
4338,2028,2028
4339,2026,2026
4340,2030,2030
4341,2035,2035
4342,2039,2039
4343,2049,2049
4344,2056,2056
4345,2059,2059
4346,2059,2059
4347,2059,2059
4348,2061,2061
4349,2066,2066
4350,2074,2074
4351,2084,2084
4352,2096,2096
4353,2102,2102
4354,2101,2101
4355,2096,2096
4356,2089,2089
4357,2081,2081
4358,2073,2073
4359,2061,2061
4360,2052,2052
4361,2047,2047
4362,2046,2046
4363,2044,2044
4364,2037,2037
4365,2037,2037
4366,2033,2033
4367,2027,2027
4368,2023,2023
4369,2024,2024
4370,2028,2028
4371,2032,2032
4372,2039,2039
4373,2046,2046
4374,2047,2047
4375,2045,2045
4376,2039,2039
4377,2037,2037
4378,2037,2037
4379,2042,2042
4380,2046,2046
4381,2048,2048
4382,2046,2046
4383,2045,2045
4384,2048,2048
4385,2053,2053
4386,2058,2058
4387,2062,2062
4388,2065,2065
4389,2073,2073
4390,2072,2072
4391,2071,2071
4392,2072,2072
4393,2070,2070
4394,2068,2068
4395,2067,2067
4396,2065,2065
4397,2066,2066
4398,2067,2067
4399,2069,2069
4400,2067,2067
4401,2071,2071
4402,2067,2067
4403,2067,2067
4404,2067,2067
4405,2067,2067
4406,2062,2062
4407,2058,2058
4408,2055,2055
4409,2052,2052
4410,2051,2051
4411,2046,2046
4412,2047,2047
4413,2047,2047
4414,2052,2052
4415,2060,2060
4416,2063,2063
4417,2068,2068
4418,2076,2076
4419,2083,2083
4420,2088,2088
4421,2094,2094
4422,2097,2097
4423,2100,2100
4424,2099,2099
4425,2093,2093
4426,2082,2082
4427,2076,2076
4428,2069,2069
4429,2065,2065
4430,2060,2060
4431,2061,2061
4432,2063,2063
4433,2068,2068
4434,2075,2075
4435,2083,2083
4436,2091,2091
4437,2097,2097
4438,2102,2102
4439,2105,2105
4440,2106,2106
4441,2108,2108
4442,2113,2113
4443,2115,2115
4444,2115,2115
4445,2109,2109
4446,2101,2101
4447,2091,2091
4448,2084,2084
4449,2079,2079
4450,2074,2074
4451,2070,2070
4452,2064,2064
4453,2058,2058
4454,2056,2056
4455,2050,2050
4456,2047,2047
4457,2046,2046
4458,2049,2049
4459,2056,2056
4460,2059,2059
4461,2061,2061
4462,2058,2058
4463,2056,2056
4464,2050,2050
4465,2050,2050
4466,2053,2053
4467,2053,2053
4468,2054,2054
4469,2059,2059
4470,2063,2063
4471,2069,2069
4472,2072,2072
4473,2077,2077
4474,2078,2078
4475,2073,2073
4476,2068,2068
4477,2059,2059
4478,2050,2050
4479,2045,2045
4480,2041,2041
4481,2036,2036
4482,2035,2035
4483,2029,2029
4484,2029,2029
4485,2028,2028
4486,2028,2028
4487,2029,2029
4488,2037,2037
4489,2042,2042
4490,2051,2051
4491,2057,2057
4492,2061,2061
4493,2064,2064
4494,2066,2066
4495,2059,2059
4496,2052,2052
4497,2040,2040
4498,2025,2025
4499,2015,2015
4500,2006,2006
4501,2007,2007
4502,2013,2013
4503,2025,2025
4504,2037,2037
4505,2053,2053
4506,2064,2064
4507,2068,2068
4508,2070,2070
4509,2074,2074
4510,2079,2079
4511,2087,2087
4512,2093,2093
4513,2097,2097
4514,2100,2100
4515,2100,2100
4516,2099,2099
4517,2098,2098
4518,2105,2105
4519,2110,2110
4520,2112,2112
4521,2111,2111
4522,2109,2109
4523,2103,2103
4524,2096,2096
4525,2088,2088
4526,2079,2079
4527,2071,2071
4528,2068,2068
4529,2069,2069
4530,2071,2071
4531,2074,2074
4532,2077,2077
4533,2079,2079
4534,2076,2076
4535,2071,2071
4536,2065,2065
4537,2058,2058
4538,2053,2053
4539,2055,2055
4540,2061,2061
4541,2068,2068
4542,2071,2071
4543,2070,2070
4544,2059,2059
4545,2052,2052
4546,2043,2043
4547,2035,2035
4548,2028,2028
4549,2021,2021
4550,2014,2014
4551,2011,2011
4552,2011,2011
4553,2013,2013
4554,2015,2015
4555,2023,2023
4556,2033,2033
4557,2039,2039
4558,2043,2043
4559,2046,2046
4560,2045,2045
4561,2037,2037
4562,2029,2029
4563,2025,2025
4564,2025,2025
4565,2029,2029
4566,2026,2026
4567,2032,2032
4568,2038,2038
4569,2046,2046
4570,2053,2053
4571,2059,2059
4572,2069,2069
4573,2074,2074
4574,2079,2079
4575,2083,2083
4576,2080,2080
4577,2075,2075
4578,2073,2073
4579,2069,2069
4580,2063,2063
4581,2059,2059
4582,2055,2055
4583,2053,2053
4584,2050,2050
4585,2046,2046
4586,2049,2049
4587,2052,2052
4588,2054,2054
4589,2057,2057
4590,2065,2065
4591,2075,2075
4592,2082,2082
4593,2089,2089
4594,2087,2087
4595,2085,2085
4596,2078,2078
4597,2074,2074
4598,2071,2071
4599,2069,2069
4600,2067,2067
4601,2061,2061
4602,2059,2059
4603,2056,2056
4604,2053,2053
4605,2055,2055
4606,2055,2055
4607,2060,2060
4608,2067,2067
4609,2073,2073
4610,2078,2078
4611,2080,2080
4612,2075,2075
4613,2080,2080
4614,2080,2080
4615,2080,2080
4616,2080,2080
4617,2081,2081
4618,2083,2083
4619,2082,2082
4620,2084,2084
4621,2086,2086
4622,2085,2085
4623,2087,2087
4624,2087,2087
4625,2096,2096
4626,2106,2106
4627,2113,2113
4628,2109,2109
4629,2100,2100
4630,2092,2092
4631,2082,2082
4632,2072,2072
4633,2064,2064
4634,2059,2059
4635,2057,2057
4636,2061,2061
4637,2067,2067
4638,2070,2070
4639,2070,2070
4640,2070,2070
4641,2069,2069
4642,2069,2069
4643,2069,2069
4644,2066,2066
4645,2064,2064
4646,2058,2058
4647,2049,2049
4648,2041,2041
4649,2035,2035
4650,2030,2030
4651,2024,2024
4652,2026,2026
4653,2031,2031
4654,2039,2039
4655,2048,2048
4656,2060,2060
4657,2073,2073
4658,2079,2079
4659,2082,2082
4660,2081,2081
4661,2075,2075
4662,2069,2069
4663,2060,2060
4664,2054,2054
4665,2048,2048
4666,2052,2052
4667,2054,2054
4668,2058,2058
4669,2061,2061
4670,2065,2065
4671,2074,2074
4672,2085,2085
4673,2089,2089
4674,2091,2091
4675,2086,2086
4676,2082,2082
4677,2077,2077
4678,2072,2072
4679,2069,2069
4680,2068,2068
4681,2066,2066
4682,2063,2063
4683,2057,2057
4684,2052,2052
4685,2049,2049
4686,2052,2052
4687,2059,2059
4688,2065,2065
4689,2070,2070
4690,2074,2074
4691,2077,2077
4692,2085,2085
4693,2090,2090
4694,2092,2092
4695,2091,2091
4696,2088,2088
4697,2087,2087
4698,2087,2087
4699,2085,2085
4700,2082,2082
4701,2075,2075
4702,2062,2062
4703,2051,2051
4704,2043,2043
4705,2039,2039
4706,2037,2037
4707,2037,2037
4708,2040,2040
4709,2041,2041
4710,2049,2049
4711,2054,2054
4712,2055,2055
4713,2055,2055
4714,2052,2052
4715,2046,2046
4716,2039,2039
4717,2037,2037
4718,2036,2036
4719,2033,2033
4720,2036,2036
4721,2040,2040
4722,2049,2049
4723,2057,2057
4724,2062,2062
4725,2064,2064
4726,2065,2065
4727,2064,2064
4728,2059,2059
4729,2054,2054
4730,2049,2049
4731,2043,2043
4732,2037,2037
4733,2036,2036
4734,2032,2032
4735,2032,2032
4736,2031,2031
4737,2030,2030
4738,2029,2029
4739,2030,2030
4740,2028,2028
4741,2029,2029
4742,2034,2034
4743,2040,2040
4744,2043,2043
4745,2045,2045
4746,2045,2045
4747,2043,2043
4748,2035,2035
4749,2027,2027
4750,2020,2020
4751,2015,2015
4752,2007,2007
4753,2005,2005
4754,2007,2007
4755,2010,2010
4756,2019,2019
4757,2027,2027
4758,2037,2037
4759,2049,2049
4760,2061,2061
4761,2070,2070
4762,2075,2075
4763,2076,2076
4764,2079,2079
4765,2074,2074
4766,2070,2070
4767,2061,2061
4768,2056,2056
4769,2054,2054
4770,2057,2057
4771,2059,2059
4772,2066,2066
4773,2069,2069
4774,2074,2074
4775,2080,2080
4776,2086,2086
4777,2085,2085
4778,2082,2082
4779,2081,2081
4780,2076,2076
4781,2069,2069
4782,2063,2063
4783,2058,2058
4784,2054,2054
4785,2050,2050
4786,2049,2049
4787,2046,2046
4788,2042,2042
4789,2040,2040
4790,2039,2039
4791,2045,2045
4792,2055,2055
4793,2069,2069
4794,2087,2087
4795,2104,2104
4796,2120,2120
4797,2131,2131
4798,2132,2132
4799,2129,2129
4800,2122,2122
4801,2115,2115
4802,2109,2109
4803,2104,2104
4804,2103,2103
4805,2104,2104
4806,2103,2103
4807,2103,2103
4808,2103,2103
4809,2105,2105
4810,2105,2105
4811,2102,2102
4812,2101,2101
4813,2103,2103
4814,2104,2104
4815,2100,2100
4816,2093,2093
4817,2083,2083
4818,2075,2075
4819,2070,2070
4820,2070,2070
4821,2077,2077
4822,2087,2087
4823,2094,2094
4824,2098,2098
4825,2100,2100
4826,2100,2100
4827,2098,2098
4828,2099,2099
4829,2098,2098
4830,2098,2098
4831,2098,2098
4832,2095,2095
4833,2093,2093
4834,2098,2098
4835,2097,2097
4836,2093,2093
4837,2092,2092
4838,2089,2089
4839,2092,2092
4840,2094,2094
4841,2092,2092
4842,2089,2089
4843,2082,2082
4844,2075,2075
4845,2073,2073
4846,2069,2069
4847,2065,2065
4848,2064,2064
4849,2066,2066
4850,2064,2064
4851,2066,2066
4852,2069,2069
4853,2069,2069
4854,2067,2067
4855,2069,2069
4856,2076,2076
4857,2081,2081
4858,2086,2086
4859,2091,2091
4860,2094,2094
4861,2090,2090
4862,2089,2089
4863,2089,2089
4864,2089,2089
4865,2086,2086
4866,2083,2083
4867,2076,2076
4868,2071,2071
4869,2063,2063
4870,2059,2059
4871,2059,2059
4872,2061,2061
4873,2067,2067
4874,2071,2071
4875,2074,2074
4876,2076,2076
4877,2081,2081
4878,2083,2083
4879,2085,2085
4880,2082,2082
4881,2075,2075
4882,2067,2067
4883,2056,2056
4884,2046,2046
4885,2038,2038
4886,2032,2032
4887,2023,2023
4888,2011,2011
4889,2002,2002
4890,1999,1999
4891,1999,1999
4892,2008,2008
4893,2020,2020
4894,2031,2031
4895,2040,2040
4896,2045,2045
4897,2048,2048
4898,2053,2053
4899,2051,2051
4900,2049,2049
4901,2048,2048
4902,2045,2045
4903,2045,2045
4904,2047,2047
4905,2053,2053
4906,2055,2055
4907,2054,2054
4908,2056,2056
4909,2055,2055
4910,2063,2063
4911,2071,2071
4912,2079,2079
4913,2087,2087
4914,2090,2090
4915,2086,2086
4916,2080,2080
4917,2078,2078
4918,2076,2076
4919,2070,2070
4920,2065,2065
4921,2059,2059
4922,2053,2053
4923,2047,2047
4924,2045,2045
4925,2053,2053
4926,2060,2060
4927,2072,2072
4928,2084,2084
4929,2087,2087
4930,2085,2085
4931,2085,2085
4932,2082,2082
4933,2077,2077
4934,2073,2073
4935,2074,2074
4936,2075,2075
4937,2074,2074
4938,2078,2078
4939,2079,2079
4940,2078,2078
4941,2073,2073
4942,2069,2069
4943,2065,2065
4944,2063,2063
4945,2064,2064
4946,2066,2066
4947,2067,2067
4948,2067,2067
4949,2065,2065
4950,2063,2063
4951,2061,2061
4952,2061,2061
4953,2060,2060
4954,2059,2059
4955,2056,2056
4956,2050,2050
4957,2045,2045
4958,2043,2043
4959,2045,2045
4960,2049,2049
4961,2053,2053
4962,2060,2060
4963,2064,2064
4964,2065,2065
4965,2066,2066
4966,2069,2069
4967,2067,2067
4968,2063,2063
4969,2061,2061
4970,2058,2058
4971,2056,2056
4972,2061,2061
4973,2063,2063
4974,2066,2066
4975,2068,2068
4976,2072,2072
4977,2075,2075
4978,2077,2077
4979,2074,2074
4980,2066,2066
4981,2059,2059
4982,2052,2052
4983,2043,2043
4984,2039,2039
4985,2038,2038
4986,2035,2035
4987,2033,2033
4988,2033,2033
4989,2033,2033
4990,2036,2036
4991,2040,2040
4992,2043,2043
4993,2046,2046
4994,2052,2052
4995,2063,2063
4996,2074,2074
4997,2084,2084
4998,2091,2091
4999,2094,2094
5000,2093,2093
5001,2085,2085
5002,2071,2071
5003,2058,2058
5004,2050,2050
5005,2047,2047
5006,2048,2048
5007,2054,2054
5008,2061,2061
5009,2069,2069
5010,2081,2081
5011,2094,2094
5012,2097,2097
5013,2103,2103
5014,2110,2110
5015,2107,2107
5016,2103,2103
5017,2098,2098
5018,2093,2093
5019,2084,2084
5020,2081,2081
5021,2072,2072
5022,2066,2066
5023,2067,2067
5024,2070,2070
5025,2075,2075
5026,2075,2075
5027,2079,2079
5028,2084,2084
5029,2082,2082
5030,2081,2081
5031,2077,2077
5032,2075,2075
5033,2074,2074
5034,2072,2072
5035,2071,2071
5036,2071,2071
5037,2070,2070
5038,2068,2068
5039,2065,2065
5040,2061,2061
5041,2059,2059
5042,2060,2060
5043,2062,2062
5044,2064,2064
5045,2063,2063
5046,2066,2066
5047,2069,2069
5048,2069,2069
5049,2072,2072
5050,2074,2074
5051,2077,2077
5052,2070,2070
5053,2063,2063
5054,2053,2053
5055,2043,2043
5056,2033,2033
5057,2030,2030
5058,2023,2023
5059,2022,2022
5060,2023,2023
5061,2027,2027
5062,2029,2029
5063,2034,2034
5064,2037,2037
5065,2041,2041
5066,2045,2045
5067,2046,2046
5068,2048,2048
5069,2051,2051
5070,2057,2057
5071,2059,2059
5072,2057,2057
5073,2053,2053
5074,2050,2050
5075,2049,2049
5076,2045,2045
5077,2042,2042
5078,2042,2042
5079,2045,2045
5080,2050,2050
5081,2056,2056
5082,2057,2057
5083,2058,2058
5084,2056,2056
5085,2047,2047
5086,2040,2040
5087,2035,2035
5088,2028,2028
5089,2022,2022
5090,2021,2021
5091,2023,2023
5092,2030,2030
5093,2040,2040
5094,2052,2052
5095,2065,2065
5096,2078,2078
5097,2085,2085
5098,2089,2089
5099,2088,2088
5100,2077,2077
5101,2064,2064
5102,2051,2051
5103,2041,2041
5104,2039,2039
5105,2039,2039
5106,2046,2046
5107,2052,2052
5108,2060,2060
5109,2067,2067
5110,2075,2075
5111,2080,2080
5112,2085,2085
5113,2093,2093
5114,2101,2101
5115,2106,2106
5116,2109,2109
5117,2107,2107
5118,2103,2103
5119,2092,2092
5120,2084,2084
5121,2071,2071
5122,2063,2063
5123,2058,2058
5124,2059,2059
5125,2063,2063
5126,2067,2067
5127,2069,2069
5128,2070,2070
5129,2072,2072
5130,2075,2075
5131,2077,2077
5132,2083,2083
5133,2089,2089
5134,2090,2090
5135,2090,2090
5136,2086,2086
5137,2080,2080
5138,2075,2075
5139,2066,2066
5140,2061,2061
5141,2062,2062
5142,2063,2063
5143,2059,2059
5144,2055,2055
5145,2052,2052
5146,2052,2052
5147,2055,2055
5148,2059,2059
5149,2066,2066
5150,2074,2074
5151,2080,2080
5152,2085,2085
5153,2081,2081
5154,2074,2074
5155,2066,2066
5156,2059,2059
5157,2045,2045
5158,2035,2035
5159,2028,2028
5160,2024,2024
5161,2023,2023
5162,2025,2025
5163,2030,2030
5164,2035,2035
5165,2043,2043
5166,2052,2052
5167,2059,2059
5168,2064,2064
5169,2072,2072
5170,2074,2074
5171,2073,2073
5172,2068,2068
5173,2067,2067
5174,2063,2063
5175,2063,2063
5176,2062,2062
5177,2065,2065
5178,2068,2068
5179,2072,2072
5180,2075,2075
5181,2075,2075
5182,2078,2078
5183,2081,2081
5184,2078,2078
5185,2076,2076
5186,2070,2070
5187,2065,2065
5188,2062,2062
5189,2058,2058
5190,2056,2056
5191,2057,2057
5192,2066,2066
5193,2076,2076
5194,2083,2083
5195,2093,2093
5196,2101,2101
5197,2107,2107
5198,2109,2109
5199,2114,2114
5200,2115,2115
5201,2114,2114
5202,2114,2114
5203,2112,2112
5204,2107,2107
5205,2097,2097
5206,2087,2087
5207,2077,2077
5208,2070,2070
5209,2067,2067
5210,2064,2064
5211,2065,2065
5212,2063,2063
5213,2066,2066
5214,2065,2065
5215,2065,2065
5216,2068,2068
5217,2072,2072
5218,2074,2074
5219,2078,2078
5220,2078,2078
5221,2073,2073
5222,2071,2071
5223,2069,2069
5224,2065,2065
5225,2055,2055
5226,2049,2049
5227,2042,2042
5228,2038,2038
5229,2037,2037
5230,2039,2039
5231,2043,2043
5232,2047,2047
5233,2050,2050
5234,2058,2058
5235,2065,2065
5236,2071,2071
5237,2078,2078
5238,2085,2085
5239,2089,2089
5240,2092,2092
5241,2091,2091
5242,2085,2085
5243,2078,2078
5244,2071,2071
5245,2067,2067
5246,2071,2071
5247,2077,2077
5248,2088,2088
5249,2094,2094
5250,2098,2098
5251,2098,2098
5252,2095,2095
5253,2091,2091
5254,2083,2083
5255,2077,2077
5256,2071,2071
5257,2067,2067
5258,2063,2063
5259,2058,2058
5260,2054,2054
5261,2052,2052
5262,2048,2048
5263,2045,2045
5264,2040,2040
5265,2035,2035
5266,2037,2037
5267,2039,2039
5268,2042,2042
5269,2042,2042
5270,2039,2039
5271,2037,2037
5272,2031,2031
5273,2027,2027
5274,2025,2025
5275,2023,2023
5276,2023,2023
5277,2028,2028
5278,2033,2033
5279,2037,2037
5280,2038,2038
5281,2043,2043
5282,2047,2047
5283,2053,2053
5284,2059,2059
5285,2064,2064
5286,2064,2064
5287,2064,2064
5288,2067,2067
5289,2070,2070
5290,2076,2076
5291,2082,2082
5292,2083,2083
5293,2081,2081
5294,2071,2071
5295,2064,2064
5296,2055,2055
5297,2048,2048
5298,2040,2040
5299,2035,2035
5300,2041,2041
5301,2049,2049
5302,2054,2054
5303,2061,2061
5304,2063,2063
5305,2062,2062
5306,2057,2057
5307,2049,2049
5308,2047,2047
5309,2043,2043
5310,2041,2041
5311,2039,2039
5312,2037,2037
5313,2035,2035
5314,2038,2038
5315,2044,2044
5316,2052,2052
5317,2058,2058
5318,2063,2063
5319,2073,2073
5320,2080,2080
5321,2081,2081
5322,2080,2080
5323,2076,2076
5324,2071,2071
5325,2066,2066
5326,2060,2060
5327,2053,2053
5328,2049,2049
5329,2048,2048
5330,2050,2050
5331,2055,2055
5332,2059,2059
5333,2065,2065
5334,2070,2070
5335,2074,2074
5336,2081,2081
5337,2081,2081
5338,2083,2083
5339,2085,2085
5340,2084,2084
5341,2085,2085
5342,2086,2086
5343,2087,2087
5344,2087,2087
5345,2088,2088
5346,2090,2090
5347,2085,2085
5348,2084,2084
5349,2081,2081
5350,2085,2085
5351,2087,2087
5352,2090,2090
5353,2090,2090
5354,2089,2089
5355,2088,2088
5356,2082,2082
5357,2079,2079
5358,2076,2076
5359,2073,2073
5360,2069,2069
5361,2065,2065
5362,2060,2060
5363,2059,2059
5364,2057,2057
5365,2052,2052
5366,2048,2048
5367,2038,2038
5368,2031,2031
5369,2029,2029
5370,2029,2029
5371,2033,2033
5372,2036,2036
5373,2037,2037
5374,2037,2037
5375,2035,2035
5376,2034,2034
5377,2031,2031
5378,2030,2030
5379,2029,2029
5380,2033,2033
5381,2035,2035
5382,2037,2037
5383,2041,2041
5384,2045,2045
5385,2051,2051
5386,2050,2050
5387,2051,2051
5388,2049,2049
5389,2053,2053
5390,2052,2052
5391,2052,2052
5392,2046,2046
5393,2040,2040
5394,2033,2033
5395,2027,2027
5396,2025,2025
5397,2025,2025
5398,2024,2024
5399,2028,2028
5400,2028,2028
5401,2030,2030
5402,2032,2032
5403,2036,2036
5404,2045,2045
5405,2050,2050
5406,2051,2051
5407,2053,2053
5408,2060,2060
5409,2062,2062
5410,2060,2060
5411,2056,2056
5412,2052,2052
5413,2049,2049
5414,2050,2050
5415,2053,2053
5416,2059,2059
5417,2063,2063
5418,2067,2067
5419,2070,2070
5420,2072,2072
5421,2069,2069
5422,2067,2067
5423,2067,2067
5424,2070,2070
5425,2071,2071
5426,2070,2070
5427,2065,2065
5428,2065,2065
5429,2064,2064
5430,2068,2068
5431,2071,2071
5432,2072,2072
5433,2076,2076
5434,2078,2078
5435,2083,2083
5436,2085,2085
5437,2085,2085
5438,2082,2082
5439,2073,2073
5440,2066,2066
5441,2063,2063
5442,2060,2060
5443,2060,2060
5444,2056,2056
5445,2055,2055
5446,2052,2052
5447,2049,2049
5448,2050,2050
5449,2047,2047
5450,2049,2049
5451,2051,2051
5452,2056,2056
5453,2064,2064
5454,2072,2072
5455,2079,2079
5456,2082,2082
5457,2085,2085
5458,2086,2086
5459,2086,2086
5460,2087,2087
5461,2079,2079
5462,2066,2066
5463,2058,2058
5464,2052,2052
5465,2049,2049
5466,2050,2050
5467,2053,2053
5468,2057,2057
5469,2061,2061
5470,2064,2064
5471,2069,2069
5472,2067,2067
5473,2069,2069
5474,2072,2072
5475,2075,2075
5476,2079,2079
5477,2080,2080
5478,2084,2084
5479,2086,2086
5480,2084,2084
5481,2078,2078
5482,2064,2064
5483,2053,2053
5484,2040,2040
5485,2036,2036
5486,2039,2039
5487,2043,2043
5488,2050,2050
5489,2054,2054
5490,2056,2056
5491,2060,2060
5492,2061,2061
5493,2064,2064
5494,2065,2065
5495,2067,2067
5496,2067,2067
5497,2064,2064
5498,2064,2064
5499,2063,2063
5500,2063,2063
5501,2061,2061
5502,2057,2057
5503,2057,2057
5504,2061,2061
5505,2069,2069
5506,2074,2074
5507,2083,2083
5508,2087,2087
5509,2085,2085
5510,2078,2078
5511,2071,2071
5512,2061,2061
5513,2051,2051
5514,2042,2042
5515,2039,2039
5516,2038,2038
5517,2040,2040
5518,2045,2045
5519,2056,2056
5520,2060,2060
5521,2074,2074
5522,2085,2085
5523,2094,2094
5524,2097,2097
5525,2099,2099
5526,2099,2099
5527,2099,2099
5528,2099,2099
5529,2103,2103
5530,2102,2102
5531,2103,2103
5532,2103,2103
5533,2104,2104
5534,2100,2100
5535,2097,2097
5536,2092,2092
5537,2090,2090
5538,2086,2086
5539,2086,2086
5540,2085,2085
5541,2084,2084
5542,2083,2083
5543,2077,2077
5544,2069,2069
5545,2061,2061
5546,2059,2059
5547,2056,2056
5548,2055,2055
5549,2052,2052
5550,2055,2055
5551,2055,2055
5552,2056,2056
5553,2058,2058
5554,2061,2061
5555,2063,2063
5556,2068,2068
5557,2079,2079
5558,2088,2088
5559,2093,2093
5560,2094,2094
5561,2090,2090
5562,2083,2083
5563,2081,2081
5564,2074,2074
5565,2074,2074
5566,2077,2077
5567,2082,2082
5568,2085,2085
5569,2088,2088
5570,2089,2089
5571,2087,2087
5572,2087,2087
5573,2087,2087
5574,2083,2083
5575,2079,2079
5576,2075,2075
5577,2075,2075
5578,2075,2075
5579,2071,2071
5580,2064,2064
5581,2053,2053
5582,2044,2044
5583,2036,2036
5584,2033,2033
5585,2029,2029
5586,2029,2029
5587,2036,2036
5588,2044,2044
5589,2056,2056
5590,2073,2073
5591,2083,2083
5592,2097,2097
5593,2103,2103
5594,2105,2105
5595,2106,2106
5596,2103,2103
5597,2099,2099
5598,2091,2091
5599,2081,2081
5600,2077,2077
5601,2079,2079
5602,2077,2077
5603,2077,2077
5604,2073,2073
5605,2071,2071
5606,2071,2071
5607,2068,2068
5608,2068,2068
5609,2065,2065
5610,2059,2059
5611,2056,2056
5612,2048,2048
5613,2042,2042
5614,2037,2037
5615,2031,2031
5616,2021,2021
5617,2016,2016
5618,2015,2015
5619,2019,2019
5620,2027,2027
5621,2035,2035
5622,2043,2043
5623,2051,2051
5624,2057,2057
5625,2059,2059
5626,2060,2060
5627,2057,2057
5628,2055,2055
5629,2059,2059
5630,2061,2061
5631,2061,2061
5632,2062,2062
5633,2061,2061
5634,2061,2061
5635,2062,2062
5636,2067,2067
5637,2069,2069
5638,2070,2070
5639,2069,2069
5640,2067,2067
5641,2067,2067
5642,2065,2065
5643,2063,2063
5644,2063,2063
5645,2066,2066
5646,2066,2066
5647,2066,2066
5648,2065,2065
5649,2061,2061
5650,2058,2058
5651,2055,2055
5652,2055,2055
5653,2056,2056
5654,2061,2061
5655,2067,2067
5656,2075,2075
5657,2082,2082
5658,2086,2086
5659,2087,2087
5660,2090,2090
5661,2091,2091
5662,2093,2093
5663,2097,2097
5664,2098,2098
5665,2097,2097
5666,2089,2089
5667,2082,2082
5668,2075,2075
5669,2071,2071
5670,2071,2071
5671,2075,2075
5672,2079,2079
5673,2083,2083
5674,2089,2089
5675,2095,2095
5676,2100,2100
5677,2100,2100
5678,2098,2098
5679,2092,2092
5680,2084,2084
5681,2082,2082
5682,2075,2075
5683,2074,2074
5684,2072,2072
5685,2075,2075
5686,2076,2076
5687,2076,2076
5688,2075,2075
5689,2077,2077
5690,2077,2077
5691,2077,2077
5692,2074,2074
5693,2072,2072
5694,2068,2068
5695,2063,2063
5696,2058,2058
5697,2054,2054
5698,2052,2052
5699,2047,2047
5700,2045,2045
5701,2043,2043
5702,2041,2041
5703,2036,2036
5704,2035,2035
5705,2037,2037
5706,2041,2041
5707,2047,2047
5708,2057,2057
5709,2063,2063
5710,2062,2062
5711,2059,2059
5712,2054,2054
5713,2051,2051
5714,2050,2050
5715,2050,2050
5716,2049,2049
5717,2046,2046
5718,2046,2046
5719,2046,2046
5720,2045,2045
5721,2043,2043
5722,2042,2042
5723,2042,2042
5724,2042,2042
5725,2050,2050
5726,2057,2057
5727,2067,2067
5728,2075,2075
5729,2081,2081
5730,2080,2080
5731,2075,2075
5732,2066,2066
5733,2060,2060
5734,2058,2058
5735,2052,2052
5736,2050,2050
5737,2050,2050
5738,2050,2050
5739,2054,2054
5740,2057,2057
5741,2064,2064
5742,2072,2072
5743,2080,2080
5744,2085,2085
5745,2089,2089
5746,2091,2091
5747,2095,2095
5748,2090,2090
5749,2085,2085
5750,2073,2073
5751,2060,2060
5752,2047,2047
5753,2034,2034
5754,2027,2027
5755,2021,2021
5756,2024,2024
5757,2030,2030
5758,2045,2045
5759,2053,2053
5760,2065,2065
5761,2075,2075
5762,2081,2081
5763,2080,2080
5764,2077,2077
5765,2071,2071
5766,2065,2065
5767,2058,2058
5768,2056,2056
5769,2055,2055
5770,2058,2058
5771,2061,2061
5772,2071,2071
5773,2078,2078
5774,2080,2080
5775,2076,2076
5776,2075,2075
5777,2075,2075
5778,2074,2074
5779,2069,2069
5780,2065,2065
5781,2059,2059
5782,2057,2057
5783,2050,2050
5784,2048,2048
5785,2047,2047
5786,2049,2049
5787,2052,2052
5788,2059,2059
5789,2063,2063
5790,2066,2066
5791,2065,2065
5792,2061,2061
5793,2058,2058
5794,2053,2053
5795,2051,2051
5796,2051,2051
5797,2052,2052
5798,2051,2051
5799,2051,2051
5800,2051,2051
5801,2051,2051
5802,2047,2047
5803,2042,2042
5804,2039,2039
5805,2036,2036
5806,2043,2043
5807,2051,2051
5808,2053,2053
5809,2052,2052
5810,2054,2054
5811,2055,2055
5812,2055,2055
5813,2056,2056
5814,2052,2052
5815,2041,2041
5816,2033,2033
5817,2025,2025
5818,2023,2023
5819,2020,2020
5820,2018,2018
5821,2022,2022
5822,2025,2025
5823,2033,2033
5824,2043,2043
5825,2050,2050
5826,2060,2060
5827,2065,2065
5828,2073,2073
5829,2076,2076
5830,2077,2077
5831,2077,2077
5832,2077,2077
5833,2075,2075
5834,2073,2073
5835,2068,2068
5836,2061,2061
5837,2051,2051
5838,2042,2042
5839,2039,2039
5840,2043,2043
5841,2052,2052
5842,2060,2060
5843,2071,2071
5844,2075,2075
5845,2081,2081
5846,2083,2083
5847,2084,2084
5848,2079,2079
5849,2074,2074
5850,2069,2069
5851,2058,2058
5852,2046,2046
5853,2038,2038
5854,2031,2031
5855,2031,2031
5856,2033,2033
5857,2042,2042
5858,2054,2054
5859,2062,2062
5860,2065,2065
5861,2063,2063
5862,2061,2061
5863,2056,2056
5864,2048,2048
5865,2041,2041
5866,2035,2035
5867,2032,2032
5868,2033,2033
5869,2035,2035
5870,2043,2043
5871,2051,2051
5872,2057,2057
5873,2063,2063
5874,2069,2069
5875,2077,2077
5876,2082,2082
5877,2085,2085
5878,2085,2085
5879,2080,2080
5880,2075,2075
5881,2071,2071
5882,2067,2067
5883,2064,2064
5884,2062,2062
5885,2060,2060
5886,2057,2057
5887,2053,2053
5888,2048,2048
5889,2045,2045
5890,2041,2041
5891,2044,2044
5892,2045,2045
5893,2048,2048
5894,2051,2051
5895,2053,2053
5896,2051,2051
5897,2051,2051
5898,2052,2052
5899,2058,2058
5900,2060,2060
5901,2063,2063
5902,2064,2064
5903,2072,2072
5904,2081,2081
5905,2093,2093
5906,2098,2098
5907,2100,2100
5908,2093,2093
5909,2091,2091
5910,2090,2090
5911,2092,2092
5912,2095,2095
5913,2096,2096
5914,2093,2093
5915,2092,2092
5916,2089,2089
5917,2086,2086
5918,2083,2083
5919,2078,2078
5920,2069,2069
5921,2065,2065
5922,2068,2068
5923,2073,2073
5924,2084,2084
5925,2093,2093
5926,2094,2094
5927,2100,2100
5928,2107,2107
5929,2110,2110
5930,2112,2112
5931,2111,2111
5932,2103,2103
5933,2095,2095
5934,2085,2085
5935,2077,2077
5936,2066,2066
5937,2061,2061
5938,2056,2056
5939,2057,2057
5940,2060,2060
5941,2065,2065
5942,2071,2071
5943,2075,2075
5944,2078,2078
5945,2079,2079
5946,2079,2079
5947,2075,2075
5948,2073,2073
5949,2072,2072
5950,2069,2069
5951,2069,2069
5952,2067,2067
5953,2065,2065
5954,2059,2059
5955,2051,2051
5956,2045,2045
5957,2043,2043
5958,2045,2045
5959,2049,2049
5960,2056,2056
5961,2062,2062
5962,2070,2070
5963,2076,2076
5964,2078,2078
5965,2077,2077
5966,2076,2076
5967,2071,2071
5968,2064,2064
5969,2058,2058
5970,2052,2052
5971,2046,2046
5972,2041,2041
5973,2041,2041
5974,2046,2046
5975,2051,2051
5976,2055,2055
5977,2061,2061
5978,2069,2069
5979,2075,2075
5980,2078,2078
5981,2084,2084
5982,2093,2093
5983,2099,2099
5984,2105,2105
5985,2101,2101
5986,2095,2095
5987,2086,2086
5988,2082,2082
5989,2077,2077
5990,2075,2075
5991,2074,2074
5992,2076,2076
5993,2078,2078
5994,2081,2081
5995,2085,2085
5996,2090,2090
5997,2094,2094
5998,2098,2098
5999,2099,2099
6000,2096,2096
6001,2091,2091
6002,2091,2091
6003,2086,2086
6004,2081,2081
6005,2075,2075
6006,2071,2071
6007,2071,2071
6008,2071,2071
6009,2069,2069
6010,2068,2068
6011,2069,2069
6012,2069,2069
6013,2075,2075
6014,2077,2077
6015,2081,2081
6016,2080,2080
6017,2075,2075
6018,2069,2069
6019,2060,2060
6020,2051,2051
6021,2044,2044
6022,2038,2038
6023,2031,2031
6024,2030,2030
6025,2027,2027
6026,2032,2032
6027,2036,2036
6028,2043,2043
6029,2047,2047
6030,2046,2046
6031,2042,2042
6032,2031,2031
6033,2024,2024
6034,2021,2021
6035,2021,2021
6036,2027,2027
6037,2034,2034
6038,2041,2041
6039,2041,2041
6040,2041,2041
6041,2040,2040
6042,2041,2041
6043,2040,2040
6044,2042,2042
6045,2050,2050
6046,2056,2056
6047,2063,2063
6048,2066,2066
6049,2066,2066
6050,2066,2066
6051,2068,2068
6052,2074,2074
6053,2075,2075
6054,2077,2077
6055,2080,2080
6056,2080,2080
6057,2079,2079
6058,2076,2076
6059,2077,2077
6060,2080,2080
6061,2082,2082
6062,2084,2084
6063,2087,2087
6064,2084,2084
6065,2083,2083
6066,2082,2082
6067,2078,2078
6068,2076,2076
6069,2073,2073
6070,2071,2071
6071,2067,2067
6072,2063,2063
6073,2059,2059
6074,2056,2056
6075,2056,2056
6076,2060,2060
6077,2066,2066
6078,2073,2073
6079,2079,2079
6080,2084,2084
6081,2086,2086
6082,2085,2085
6083,2079,2079
6084,2069,2069
6085,2057,2057
6086,2047,2047
6087,2045,2045
6088,2045,2045
6089,2049,2049
6090,2055,2055
6091,2059,2059
6092,2057,2057
6093,2054,2054
6094,2047,2047
6095,2037,2037
6096,2035,2035
6097,2037,2037
6098,2041,2041
6099,2040,2040
6100,2041,2041
6101,2043,2043
6102,2046,2046
6103,2045,2045
6104,2043,2043
6105,2045,2045
6106,2041,2041
6107,2039,2039
6108,2039,2039
6109,2042,2042
6110,2043,2043
6111,2046,2046
6112,2052,2052
6113,2059,2059
6114,2065,2065
6115,2073,2073
6116,2075,2075
6117,2075,2075
6118,2073,2073
6119,2072,2072
6120,2071,2071
6121,2067,2067
6122,2061,2061
6123,2057,2057
6124,2055,2055
6125,2057,2057
6126,2061,2061
6127,2065,2065
6128,2067,2067
6129,2069,2069
6130,2072,2072
6131,2073,2073
6132,2075,2075
6133,2079,2079
6134,2083,2083
6135,2087,2087
6136,2090,2090
6137,2089,2089
6138,2088,2088
6139,2088,2088
6140,2092,2092
6141,2097,2097
6142,2099,2099
6143,2100,2100
6144,2095,2095
6145,2088,2088
6146,2084,2084
6147,2079,2079
6148,2075,2075
6149,2074,2074
6150,2080,2080
6151,2090,2090
6152,2099,2099
6153,2103,2103
6154,2099,2099
6155,2089,2089
6156,2071,2071
6157,2057,2057
6158,2045,2045
6159,2038,2038
6160,2033,2033
6161,2031,2031
6162,2033,2033
6163,2037,2037
6164,2043,2043
6165,2049,2049
6166,2051,2051
6167,2054,2054
6168,2057,2057
6169,2053,2053
6170,2053,2053
6171,2054,2054
6172,2054,2054
6173,2051,2051
6174,2048,2048
6175,2041,2041
6176,2039,2039
6177,2033,2033
6178,2030,2030
6179,2032,2032
6180,2037,2037
6181,2044,2044
6182,2055,2055
6183,2064,2064
6184,2072,2072
6185,2081,2081
6186,2085,2085
6187,2083,2083
6188,2076,2076
6189,2072,2072
6190,2066,2066
6191,2064,2064
6192,2058,2058
6193,2058,2058
6194,2058,2058
6195,2057,2057
6196,2063,2063
6197,2069,2069
6198,2073,2073
6199,2075,2075
6200,2079,2079
6201,2083,2083
6202,2089,2089
6203,2096,2096
6204,2103,2103
6205,2106,2106
6206,2102,2102
6207,2095,2095
6208,2085,2085
6209,2074,2074
6210,2065,2065
6211,2066,2066
6212,2073,2073
6213,2080,2080
6214,2087,2087
6215,2088,2088
6216,2087,2087
6217,2084,2084
6218,2075,2075
6219,2072,2072
6220,2068,2068
6221,2064,2064
6222,2063,2063
6223,2062,2062
6224,2060,2060
6225,2062,2062
6226,2063,2063
6227,2063,2063
6228,2060,2060
6229,2060,2060
6230,2065,2065
6231,2066,2066
6232,2069,2069
6233,2070,2070
6234,2074,2074
6235,2073,2073
6236,2068,2068
6237,2062,2062
6238,2058,2058
6239,2054,2054
6240,2052,2052
6241,2050,2050
6242,2045,2045
6243,2040,2040
6244,2035,2035
6245,2034,2034
6246,2033,2033
6247,2032,2032
6248,2035,2035
6249,2038,2038
6250,2046,2046
6251,2048,2048
6252,2052,2052
6253,2057,2057
6254,2059,2059
6255,2062,2062
6256,2065,2065
6257,2068,2068
6258,2071,2071
6259,2069,2069
6260,2062,2062
6261,2055,2055
6262,2049,2049
6263,2049,2049
6264,2059,2059
6265,2071,2071
6266,2083,2083
6267,2095,2095
6268,2104,2104
6269,2109,2109
6270,2111,2111
6271,2103,2103
6272,2099,2099
6273,2098,2098
6274,2093,2093
6275,2089,2089
6276,2091,2091
6277,2092,2092
6278,2094,2094
6279,2095,2095
6280,2089,2089
6281,2087,2087
6282,2080,2080
6283,2072,2072
6284,2069,2069
6285,2069,2069
6286,2068,2068
6287,2067,2067
6288,2065,2065
6289,2062,2062
6290,2059,2059
6291,2058,2058
6292,2056,2056
6293,2054,2054
6294,2057,2057
6295,2062,2062
6296,2071,2071
6297,2077,2077
6298,2080,2080
6299,2084,2084
6300,2089,2089
6301,2094,2094
6302,2099,2099
6303,2104,2104
6304,2105,2105
6305,2101,2101
6306,2088,2088
6307,2082,2082
6308,2075,2075
6309,2071,2071
6310,2067,2067
6311,2068,2068
6312,2066,2066
6313,2066,2066
6314,2067,2067
6315,2066,2066
6316,2065,2065
6317,2068,2068
6318,2071,2071
6319,2072,2072
6320,2071,2071
6321,2072,2072
6322,2069,2069
6323,2066,2066
6324,2058,2058
6325,2050,2050
6326,2042,2042
6327,2039,2039
6328,2040,2040
6329,2043,2043
6330,2047,2047
6331,2052,2052
6332,2053,2053
6333,2054,2054
6334,2054,2054
6335,2056,2056
6336,2061,2061
6337,2064,2064
6338,2064,2064
6339,2062,2062
6340,2061,2061
6341,2058,2058
6342,2057,2057
6343,2058,2058
6344,2056,2056
6345,2057,2057
6346,2061,2061
6347,2064,2064
6348,2066,2066
6349,2066,2066
6350,2066,2066
6351,2066,2066
6352,2065,2065
6353,2066,2066
6354,2069,2069
6355,2070,2070
6356,2070,2070
6357,2066,2066
6358,2061,2061
6359,2056,2056
6360,2057,2057
6361,2059,2059
6362,2064,2064
6363,2073,2073
6364,2079,2079
6365,2087,2087
6366,2093,2093
6367,2097,2097
6368,2095,2095
6369,2093,2093
6370,2090,2090
6371,2084,2084
6372,2076,2076
6373,2069,2069
6374,2059,2059
6375,2055,2055
6376,2050,2050
6377,2046,2046
6378,2051,2051
6379,2056,2056
6380,2061,2061
6381,2067,2067
6382,2069,2069
6383,2071,2071
6384,2070,2070
6385,2065,2065
6386,2060,2060
6387,2058,2058
6388,2058,2058
6389,2056,2056
6390,2052,2052
6391,2049,2049
6392,2048,2048
6393,2045,2045
6394,2043,2043
6395,2039,2039
6396,2036,2036
6397,2034,2034
6398,2035,2035
6399,2039,2039
6400,2044,2044
6401,2047,2047
6402,2051,2051
6403,2054,2054
6404,2053,2053
6405,2050,2050
6406,2048,2048
6407,2046,2046
6408,2046,2046
6409,2049,2049
6410,2050,2050
6411,2047,2047
6412,2052,2052
6413,2055,2055
6414,2055,2055
6415,2057,2057
6416,2059,2059
6417,2058,2058
6418,2065,2065
6419,2065,2065
6420,2067,2067
6421,2068,2068
6422,2069,2069
6423,2073,2073
6424,2075,2075
6425,2080,2080
6426,2083,2083
6427,2087,2087
6428,2084,2084
6429,2079,2079
6430,2076,2076
6431,2067,2067
6432,2058,2058
6433,2054,2054
6434,2052,2052
6435,2055,2055
6436,2055,2055
6437,2054,2054
6438,2055,2055
6439,2054,2054
6440,2057,2057
6441,2055,2055
6442,2053,2053
6443,2045,2045
6444,2039,2039
6445,2029,2029
6446,2027,2027
6447,2027,2027
6448,2031,2031
6449,2032,2032
6450,2037,2037
6451,2044,2044
6452,2051,2051
6453,2062,2062
6454,2066,2066
6455,2067,2067
6456,2067,2067
6457,2064,2064
6458,2061,2061
6459,2060,2060
6460,2061,2061
6461,2062,2062
6462,2062,2062
6463,2061,2061
6464,2059,2059
6465,2061,2061
6466,2062,2062
6467,2062,2062
6468,2061,2061
6469,2060,2060
6470,2064,2064
6471,2066,2066
6472,2066,2066
6473,2064,2064
6474,2060,2060
6475,2061,2061
6476,2063,2063
6477,2064,2064
6478,2066,2066
6479,2069,2069
6480,2072,2072
6481,2075,2075
6482,2075,2075
6483,2075,2075
6484,2074,2074
6485,2075,2075
6486,2075,2075
6487,2076,2076
6488,2074,2074
6489,2072,2072
6490,2068,2068
6491,2061,2061
6492,2055,2055
6493,2049,2049
6494,2039,2039
6495,2032,2032
6496,2025,2025
6497,2024,2024
6498,2025,2025
6499,2030,2030
6500,2034,2034
6501,2043,2043
6502,2049,2049
6503,2059,2059
6504,2065,2065
6505,2077,2077
6506,2079,2079
6507,2079,2079
6508,2075,2075
6509,2069,2069
6510,2062,2062
6511,2052,2052
6512,2048,2048
6513,2044,2044
6514,2042,2042
6515,2045,2045
6516,2050,2050
6517,2052,2052
6518,2052,2052
6519,2048,2048
6520,2043,2043
6521,2049,2049
6522,2058,2058
6523,2064,2064
6524,2066,2066
6525,2068,2068
6526,2067,2067
6527,2063,2063
6528,2051,2051
6529,2040,2040
6530,2033,2033
6531,2027,2027
6532,2024,2024
6533,2029,2029
6534,2032,2032
6535,2037,2037
6536,2043,2043
6537,2044,2044
6538,2044,2044
6539,2044,2044
6540,2044,2044
6541,2043,2043
6542,2045,2045
6543,2045,2045
6544,2048,2048
6545,2051,2051
6546,2055,2055
6547,2063,2063
6548,2062,2062
6549,2070,2070
6550,2071,2071
6551,2073,2073
6552,2073,2073
6553,2076,2076
6554,2080,2080
6555,2080,2080
6556,2083,2083
6557,2083,2083
6558,2083,2083
6559,2080,2080
6560,2075,2075
6561,2064,2064
6562,2052,2052
6563,2043,2043
6564,2039,2039
6565,2035,2035
6566,2036,2036
6567,2042,2042
6568,2047,2047
6569,2054,2054
6570,2059,2059
6571,2061,2061
6572,2061,2061
6573,2064,2064
6574,2065,2065
6575,2066,2066
6576,2069,2069
6577,2067,2067
6578,2069,2069
6579,2066,2066
6580,2062,2062
6581,2057,2057
6582,2052,2052
6583,2051,2051
6584,2050,2050
6585,2052,2052
6586,2057,2057
6587,2064,2064
6588,2075,2075
6589,2085,2085
6590,2089,2089
6591,2092,2092
6592,2090,2090
6593,2090,2090
6594,2088,2088
6595,2085,2085
6596,2081,2081
6597,2074,2074
6598,2069,2069
6599,2066,2066
6600,2070,2070
6601,2068,2068
6602,2068,2068
6603,2069,2069
6604,2069,2069
6605,2072,2072
6606,2075,2075
6607,2082,2082
6608,2091,2091
6609,2099,2099
6610,2102,2102
6611,2100,2100
6612,2096,2096
6613,2092,2092
6614,2086,2086
6615,2080,2080
6616,2078,2078
6617,2076,2076
6618,2075,2075
6619,2081,2081
6620,2095,2095
6621,2110,2110
6622,2117,2117
6623,2123,2123
6624,2123,2123
6625,2123,2123
6626,2124,2124
6627,2122,2122
6628,2123,2123
6629,2123,2123
6630,2121,2121
6631,2117,2117
6632,2115,2115
6633,2110,2110
6634,2105,2105
6635,2105,2105
6636,2103,2103
6637,2101,2101
6638,2096,2096
6639,2091,2091
6640,2088,2088
6641,2081,2081
6642,2075,2075
6643,2066,2066
6644,2059,2059
6645,2051,2051
6646,2048,2048
6647,2045,2045
6648,2045,2045
6649,2047,2047
6650,2051,2051
6651,2056,2056
6652,2061,2061
6653,2063,2063
6654,2065,2065
6655,2068,2068
6656,2073,2073
6657,2075,2075
6658,2080,2080
6659,2083,2083
6660,2081,2081
6661,2078,2078
6662,2080,2080
6663,2077,2077
6664,2073,2073
6665,2069,2069
6666,2069,2069
6667,2070,2070
6668,2073,2073
6669,2074,2074
6670,2075,2075
6671,2077,2077
6672,2079,2079
6673,2076,2076
6674,2074,2074
6675,2073,2073
6676,2074,2074
6677,2075,2075
6678,2072,2072
6679,2074,2074
6680,2073,2073
6681,2073,2073
6682,2072,2072
6683,2071,2071
6684,2074,2074
6685,2077,2077
6686,2077,2077
6687,2078,2078
6688,2077,2077
6689,2073,2073
6690,2075,2075
6691,2076,2076
6692,2081,2081
6693,2080,2080
6694,2077,2077
6695,2071,2071
6696,2065,2065
6697,2058,2058
6698,2054,2054
6699,2051,2051
6700,2046,2046
6701,2048,2048
6702,2055,2055
6703,2060,2060
6704,2063,2063
6705,2068,2068
6706,2067,2067
6707,2063,2063
6708,2060,2060
6709,2053,2053
6710,2042,2042
6711,2029,2029
6712,2021,2021
6713,2019,2019
6714,2022,2022
6715,2026,2026
6716,2035,2035
6717,2047,2047
6718,2065,2065
6719,2077,2077
6720,2089,2089
6721,2098,2098
6722,2104,2104
6723,2102,2102
6724,2099,2099
6725,2096,2096
6726,2093,2093
6727,2086,2086
6728,2078,2078
6729,2071,2071
6730,2063,2063
6731,2060,2060
6732,2057,2057
6733,2058,2058
6734,2063,2063
6735,2070,2070
6736,2079,2079
6737,2088,2088
6738,2095,2095
6739,2097,2097
6740,2098,2098
6741,2097,2097
6742,2095,2095
6743,2096,2096
6744,2096,2096
6745,2093,2093
6746,2090,2090
6747,2087,2087
6748,2083,2083
6749,2076,2076
6750,2069,2069
6751,2062,2062
6752,2057,2057
6753,2057,2057
6754,2060,2060
6755,2066,2066
6756,2071,2071
6757,2078,2078
6758,2083,2083
6759,2083,2083
6760,2080,2080
6761,2076,2076
6762,2073,2073
6763,2068,2068
6764,2069,2069
6765,2067,2067
6766,2060,2060
6767,2050,2050
6768,2037,2037
6769,2029,2029
6770,2022,2022
6771,2033,2033
6772,2041,2041
6773,2039,2039
6774,2036,2036
6775,2044,2044
6776,2046,2046
6777,2044,2044
6778,2041,2041
6779,2048,2048
6780,2053,2053
6781,2053,2053
6782,2045,2045
6783,2038,2038
6784,2041,2041
6785,2045,2045
6786,2044,2044
6787,2051,2051
6788,2065,2065
6789,2085,2085
6790,2088,2088
6791,2087,2087
6792,2083,2083
6793,2085,2085
6794,2079,2079
6795,2070,2070
6796,2065,2065
6797,2068,2068
6798,2068,2068
6799,2064,2064
6800,2058,2058
6801,2050,2050
6802,2039,2039
6803,2036,2036
6804,2035,2035
6805,2040,2040
6806,2054,2054
6807,2062,2062
6808,2065,2065
6809,2066,2066
6810,2063,2063
6811,2059,2059
6812,2057,2057
6813,2054,2054
6814,2051,2051
6815,2051,2051
6816,2050,2050
6817,2053,2053
6818,2051,2051
6819,2045,2045
6820,2040,2040
6821,2036,2036
6822,2035,2035
6823,2036,2036
6824,2041,2041
6825,2047,2047
6826,2055,2055
6827,2060,2060
6828,2066,2066
6829,2066,2066
6830,2064,2064
6831,2057,2057
6832,2053,2053
6833,2042,2042
6834,2031,2031
6835,2026,2026
6836,2020,2020
6837,2019,2019
6838,2023,2023
6839,2031,2031
6840,2041,2041
6841,2050,2050
6842,2051,2051
6843,2053,2053
6844,2049,2049
6845,2048,2048
6846,2041,2041
6847,2037,2037
6848,2037,2037
6849,2039,2039
6850,2046,2046
6851,2050,2050
6852,2055,2055
6853,2056,2056
6854,2063,2063
6855,2065,2065
6856,2066,2066
6857,2072,2072
6858,2077,2077
6859,2085,2085
6860,2090,2090
6861,2093,2093
6862,2095,2095
6863,2089,2089
6864,2084,2084
6865,2075,2075
6866,2068,2068
6867,2061,2061
6868,2053,2053
6869,2047,2047
6870,2046,2046
6871,2045,2045
6872,2044,2044
6873,2045,2045
6874,2051,2051
6875,2057,2057
6876,2067,2067
6877,2073,2073
6878,2077,2077
6879,2078,2078
6880,2078,2078
6881,2073,2073
6882,2066,2066
6883,2063,2063
6884,2059,2059
6885,2059,2059
6886,2059,2059
6887,2057,2057
6888,2057,2057
6889,2057,2057
6890,2058,2058
6891,2058,2058
6892,2054,2054
6893,2049,2049
6894,2051,2051
6895,2055,2055
6896,2060,2060
6897,2061,2061
6898,2059,2059
6899,2052,2052
6900,2043,2043
6901,2034,2034
6902,2029,2029
6903,2029,2029
6904,2030,2030
6905,2030,2030
6906,2033,2033
6907,2038,2038
6908,2042,2042
6909,2043,2043
6910,2046,2046
6911,2049,2049
6912,2054,2054
6913,2057,2057
6914,2055,2055
6915,2050,2050
6916,2038,2038
6917,2028,2028
6918,2021,2021
6919,2012,2012
6920,2010,2010
6921,2009,2009
6922,2009,2009
6923,2017,2017
6924,2022,2022
6925,2033,2033
6926,2039,2039
6927,2046,2046
6928,2045,2045
6929,2047,2047
6930,2047,2047
6931,2048,2048
6932,2044,2044
6933,2041,2041
6934,2038,2038
6935,2035,2035
6936,2039,2039
6937,2044,2044
6938,2046,2046
6939,2053,2053
6940,2058,2058
6941,2063,2063
6942,2067,2067
6943,2067,2067
6944,2065,2065
6945,2065,2065
6946,2065,2065
6947,2067,2067
6948,2073,2073
6949,2076,2076
6950,2077,2077
6951,2074,2074
6952,2071,2071
6953,2061,2061
6954,2052,2052
6955,2044,2044
6956,2040,2040
6957,2042,2042
6958,2049,2049
6959,2063,2063
6960,2079,2079
6961,2089,2089
6962,2097,2097
6963,2098,2098
6964,2098,2098
6965,2097,2097
6966,2093,2093
6967,2086,2086
6968,2076,2076
6969,2070,2070
6970,2066,2066
6971,2066,2066
6972,2064,2064
6973,2066,2066
6974,2067,2067
6975,2067,2067
6976,2071,2071
6977,2074,2074
6978,2074,2074
6979,2070,2070
6980,2063,2063
6981,2060,2060
6982,2061,2061
6983,2062,2062
6984,2064,2064
6985,2064,2064
6986,2062,2062
6987,2058,2058
6988,2054,2054
6989,2057,2057
6990,2061,2061
6991,2064,2064
6992,2072,2072
6993,2082,2082
6994,2093,2093
6995,2102,2102
6996,2102,2102
6997,2102,2102
6998,2100,2100
6999,2097,2097
7000,2090,2090
7001,2089,2089
7002,2091,2091
7003,2097,2097
7004,2100,2100
7005,2100,2100
7006,2098,2098
7007,2097,2097
7008,2095,2095
7009,2096,2096
7010,2104,2104
7011,2109,2109
7012,2115,2115
7013,2118,2118
7014,2115,2115
7015,2103,2103
7016,2089,2089
7017,2071,2071
7018,2060,2060
7019,2052,2052
7020,2051,2051
7021,2048,2048
7022,2045,2045
7023,2045,2045
7024,2046,2046
7025,2048,2048
7026,2047,2047
7027,2048,2048
7028,2049,2049
7029,2050,2050
7030,2051,2051
7031,2050,2050
7032,2048,2048
7033,2050,2050
7034,2047,2047
7035,2046,2046
7036,2043,2043
7037,2039,2039
7038,2041,2041
7039,2043,2043
7040,2048,2048
7041,2055,2055
7042,2060,2060
7043,2073,2073
7044,2086,2086
7045,2096,2096
7046,2105,2105
7047,2106,2106
7048,2101,2101
7049,2089,2089
7050,2074,2074
7051,2062,2062
7052,2057,2057
7053,2053,2053
7054,2053,2053
7055,2053,2053
7056,2058,2058
7057,2061,2061
7058,2065,2065
7059,2069,2069
7060,2072,2072
7061,2077,2077
7062,2082,2082
7063,2082,2082
7064,2077,2077
7065,2074,2074
7066,2070,2070
7067,2061,2061
7068,2051,2051
7069,2043,2043
7070,2039,2039
7071,2043,2043
7072,2048,2048
7073,2054,2054
7074,2067,2067
7075,2074,2074
7076,2080,2080
7077,2081,2081
7078,2078,2078
7079,2071,2071
7080,2062,2062
7081,2057,2057
7082,2051,2051
7083,2049,2049
7084,2049,2049
7085,2053,2053
7086,2058,2058
7087,2064,2064
7088,2068,2068
7089,2071,2071
7090,2074,2074
7091,2080,2080
7092,2086,2086
7093,2094,2094
7094,2101,2101
7095,2109,2109
7096,2112,2112
7097,2113,2113
7098,2114,2114
7099,2114,2114
7100,2114,2114
7101,2111,2111
7102,2107,2107
7103,2099,2099
7104,2096,2096
7105,2093,2093
7106,2094,2094
7107,2096,2096
7108,2095,2095
7109,2095,2095
7110,2091,2091
7111,2087,2087
7112,2081,2081
7113,2074,2074
7114,2070,2070
7115,2070,2070
7116,2069,2069
7117,2071,2071
7118,2066,2066
7119,2059,2059
7120,2052,2052
7121,2045,2045
7122,2039,2039
7123,2033,2033
7124,2028,2028
7125,2031,2031
7126,2035,2035
7127,2040,2040
7128,2049,2049
7129,2061,2061
7130,2071,2071
7131,2078,2078
7132,2083,2083
7133,2089,2089
7134,2091,2091
7135,2088,2088
7136,2081,2081
7137,2074,2074
7138,2066,2066
7139,2060,2060
7140,2059,2059
7141,2061,2061
7142,2066,2066
7143,2069,2069
7144,2076,2076
7145,2082,2082
7146,2087,2087
7147,2087,2087
7148,2081,2081
7149,2077,2077
7150,2077,2077
7151,2080,2080
7152,2082,2082
7153,2080,2080
7154,2081,2081
7155,2079,2079
7156,2074,2074
7157,2073,2073
7158,2069,2069
7159,2066,2066
7160,2069,2069
7161,2069,2069
7162,2068,2068
7163,2062,2062
7164,2059,2059
7165,2057,2057
7166,2052,2052
7167,2051,2051
7168,2050,2050
7169,2055,2055
7170,2064,2064
7171,2078,2078
7172,2089,2089
7173,2097,2097
7174,2099,2099
7175,2100,2100
7176,2098,2098
7177,2096,2096
7178,2091,2091
7179,2089,2089
7180,2090,2090
7181,2092,2092
7182,2093,2093
7183,2090,2090
7184,2087,2087
7185,2083,2083
7186,2079,2079
7187,2076,2076
7188,2072,2072
7189,2071,2071
7190,2069,2069
7191,2064,2064
7192,2060,2060
7193,2055,2055
7194,2047,2047
7195,2045,2045
7196,2043,2043
7197,2042,2042
7198,2047,2047
7199,2049,2049
7200,2046,2046
7201,2042,2042
7202,2043,2043
7203,2044,2044
7204,2043,2043
7205,2036,2036
7206,2031,2031
7207,2023,2023
7208,2021,2021
7209,2021,2021
7210,2024,2024
7211,2035,2035
7212,2045,2045
7213,2057,2057
7214,2069,2069
7215,2081,2081
7216,2088,2088
7217,2090,2090
7218,2085,2085
7219,2077,2077
7220,2068,2068
7221,2061,2061
7222,2058,2058
7223,2057,2057
7224,2055,2055
7225,2060,2060
7226,2066,2066
7227,2073,2073
7228,2076,2076
7229,2077,2077
7230,2078,2078
7231,2079,2079
7232,2078,2078
7233,2078,2078
7234,2078,2078
7235,2075,2075
7236,2069,2069
7237,2064,2064
7238,2059,2059
7239,2059,2059
7240,2057,2057
7241,2057,2057
7242,2053,2053
7243,2053,2053
7244,2046,2046
7245,2040,2040
7246,2035,2035
7247,2027,2027
7248,2027,2027
7249,2024,2024
7250,2021,2021
7251,2020,2020
7252,2019,2019
7253,2017,2017
7254,2015,2015
7255,2018,2018
7256,2019,2019
7257,2026,2026
7258,2029,2029
7259,2032,2032
7260,2031,2031
7261,2035,2035
7262,2037,2037
7263,2042,2042
7264,2052,2052
7265,2063,2063
7266,2076,2076
7267,2086,2086
7268,2097,2097
7269,2099,2099
7270,2101,2101
7271,2101,2101
7272,2097,2097
7273,2093,2093
7274,2087,2087
7275,2081,2081
7276,2075,2075
7277,2071,2071
7278,2071,2071
7279,2069,2069
7280,2066,2066
7281,2066,2066
7282,2070,2070
7283,2073,2073
7284,2079,2079
7285,2085,2085
7286,2093,2093
7287,2098,2098
7288,2098,2098
7289,2093,2093
7290,2087,2087
7291,2075,2075
7292,2064,2064
7293,2054,2054
7294,2045,2045
7295,2045,2045
7296,2042,2042
7297,2041,2041
7298,2039,2039
7299,2035,2035
7300,2033,2033
7301,2035,2035
7302,2037,2037
7303,2037,2037
7304,2038,2038
7305,2039,2039
7306,2042,2042
7307,2043,2043
7308,2046,2046
7309,2044,2044
7310,2044,2044
7311,2047,2047
7312,2048,2048
7313,2054,2054
7314,2061,2061
7315,2068,2068
7316,2071,2071
7317,2073,2073
7318,2074,2074
7319,2068,2068
7320,2069,2069
7321,2065,2065
7322,2061,2061
7323,2057,2057
7324,2055,2055
7325,2050,2050
7326,2048,2048
7327,2051,2051
7328,2056,2056
7329,2062,2062
7330,2069,2069
7331,2072,2072
7332,2072,2072
7333,2070,2070
7334,2069,2069
7335,2071,2071
7336,2076,2076
7337,2080,2080
7338,2081,2081
7339,2081,2081
7340,2080,2080
7341,2079,2079
7342,2075,2075
7343,2072,2072
7344,2067,2067
7345,2061,2061
7346,2059,2059
7347,2063,2063
7348,2069,2069
7349,2078,2078
7350,2085,2085
7351,2084,2084
7352,2083,2083
7353,2079,2079
7354,2072,2072
7355,2070,2070
7356,2065,2065
7357,2061,2061
7358,2052,2052
7359,2049,2049
7360,2047,2047
7361,2039,2039
7362,2035,2035
7363,2033,2033
7364,2040,2040
7365,2044,2044
7366,2049,2049
7367,2056,2056
7368,2056,2056
7369,2060,2060
7370,2057,2057
7371,2052,2052
7372,2048,2048
7373,2048,2048
7374,2043,2043
7375,2039,2039
7376,2038,2038
7377,2039,2039
7378,2045,2045
7379,2052,2052
7380,2057,2057
7381,2060,2060
7382,2070,2070
7383,2081,2081
7384,2091,2091
7385,2098,2098
7386,2105,2105
7387,2107,2107
7388,2104,2104
7389,2096,2096
7390,2091,2091
7391,2082,2082
7392,2080,2080
7393,2078,2078
7394,2078,2078
7395,2077,2077
7396,2080,2080
7397,2077,2077
7398,2078,2078
7399,2083,2083
7400,2085,2085
7401,2089,2089
7402,2090,2090
7403,2091,2091
7404,2094,2094
7405,2098,2098
7406,2100,2100
7407,2095,2095
7408,2094,2094
7409,2091,2091
7410,2087,2087
7411,2087,2087
7412,2088,2088
7413,2087,2087
7414,2087,2087
7415,2090,2090
7416,2091,2091
7417,2089,2089
7418,2094,2094
7419,2089,2089
7420,2081,2081
7421,2073,2073
7422,2066,2066
7423,2061,2061
7424,2053,2053
7425,2046,2046
7426,2042,2042
7427,2043,2043
7428,2043,2043
7429,2040,2040
7430,2037,2037
7431,2034,2034
7432,2030,2030
7433,2030,2030
7434,2030,2030
7435,2032,2032
7436,2037,2037
7437,2039,2039
7438,2038,2038
7439,2037,2037
7440,2037,2037
7441,2037,2037
7442,2038,2038
7443,2039,2039
7444,2041,2041
7445,2044,2044
7446,2045,2045
7447,2045,2045
7448,2048,2048
7449,2054,2054
7450,2057,2057
7451,2061,2061
7452,2064,2064
7453,2069,2069
7454,2075,2075
7455,2079,2079
7456,2080,2080
7457,2081,2081
7458,2078,2078
7459,2071,2071
7460,2060,2060
7461,2049,2049
7462,2041,2041
7463,2037,2037
7464,2037,2037
7465,2039,2039
7466,2042,2042
7467,2045,2045
7468,2049,2049
7469,2054,2054
7470,2059,2059
7471,2065,2065
7472,2069,2069
7473,2071,2071
7474,2067,2067
7475,2063,2063
7476,2053,2053
7477,2050,2050
7478,2051,2051
7479,2058,2058
7480,2066,2066
7481,2073,2073
7482,2076,2076
7483,2079,2079
7484,2080,2080
7485,2081,2081
7486,2074,2074
7487,2068,2068
7488,2062,2062
7489,2059,2059
7490,2059,2059
7491,2052,2052
7492,2049,2049
7493,2043,2043
7494,2037,2037
7495,2031,2031
7496,2031,2031
7497,2030,2030
7498,2037,2037
7499,2041,2041
7500,2039,2039
7501,2038,2038
7502,2045,2045
7503,2051,2051
7504,2055,2055
7505,2059,2059
7506,2059,2059
7507,2061,2061
7508,2069,2069
7509,2074,2074
7510,2083,2083
7511,2091,2091
7512,2094,2094
7513,2100,2100
7514,2104,2104
7515,2112,2112
7516,2115,2115
7517,2115,2115
7518,2107,2107
7519,2099,2099
7520,2094,2094
7521,2093,2093
7522,2086,2086
7523,2085,2085
7524,2089,2089
7525,2091,2091
7526,2091,2091
7527,2086,2086
7528,2079,2079
7529,2073,2073
7530,2064,2064
7531,2062,2062
7532,2063,2063
7533,2065,2065
7534,2067,2067
7535,2065,2065
7536,2063,2063
7537,2056,2056
7538,2051,2051
7539,2040,2040
7540,2036,2036
7541,2040,2040
7542,2045,2045
7543,2053,2053
7544,2054,2054
7545,2056,2056
7546,2057,2057
7547,2057,2057
7548,2061,2061
7549,2061,2061
7550,2059,2059
7551,2063,2063
7552,2067,2067
7553,2073,2073
7554,2076,2076
7555,2075,2075
7556,2072,2072
7557,2066,2066
7558,2059,2059
7559,2054,2054
7560,2047,2047
7561,2045,2045
7562,2045,2045
7563,2050,2050
7564,2054,2054
7565,2059,2059
7566,2063,2063
7567,2063,2063
7568,2064,2064
7569,2067,2067
7570,2072,2072
7571,2075,2075
7572,2076,2076
7573,2074,2074
7574,2068,2068
7575,2066,2066
7576,2067,2067
7577,2069,2069
7578,2065,2065
7579,2066,2066
7580,2068,2068
7581,2068,2068
7582,2068,2068
7583,2069,2069
7584,2073,2073
7585,2075,2075
7586,2076,2076
7587,2077,2077
7588,2075,2075
7589,2072,2072
7590,2069,2069
7591,2065,2065
7592,2058,2058
7593,2056,2056
7594,2059,2059
7595,2069,2069
7596,2078,2078
7597,2079,2079
7598,2075,2075
7599,2065,2065
7600,2052,2052
7601,2041,2041
7602,2031,2031
7603,2026,2026
7604,2027,2027
7605,2031,2031
7606,2035,2035
7607,2037,2037
7608,2038,2038
7609,2036,2036
7610,2033,2033
7611,2032,2032
7612,2033,2033
7613,2034,2034
7614,2034,2034
7615,2038,2038
7616,2041,2041
7617,2040,2040
7618,2040,2040
7619,2041,2041
7620,2043,2043
7621,2049,2049
7622,2057,2057
7623,2064,2064
7624,2073,2073
7625,2077,2077
7626,2079,2079
7627,2079,2079
7628,2075,2075
7629,2069,2069
7630,2061,2061
7631,2053,2053
7632,2047,2047
7633,2042,2042
7634,2041,2041
7635,2041,2041
7636,2040,2040
7637,2041,2041
7638,2045,2045
7639,2047,2047
7640,2052,2052
7641,2059,2059
7642,2059,2059
7643,2054,2054
7644,2046,2046
7645,2036,2036
7646,2034,2034
7647,2025,2025
7648,2018,2018
7649,2021,2021
7650,2023,2023
7651,2026,2026
7652,2029,2029
7653,2033,2033
7654,2034,2034
7655,2038,2038
7656,2038,2038
7657,2042,2042
7658,2050,2050
7659,2056,2056
7660,2058,2058
7661,2058,2058
7662,2059,2059
7663,2058,2058
7664,2066,2066
7665,2068,2068
7666,2077,2077
7667,2083,2083
7668,2089,2089
7669,2091,2091
7670,2090,2090
7671,2083,2083
7672,2079,2079
7673,2072,2072
7674,2068,2068
7675,2063,2063
7676,2060,2060
7677,2058,2058
7678,2058,2058
7679,2062,2062
7680,2068,2068
7681,2074,2074
7682,2079,2079
7683,2078,2078
7684,2075,2075
7685,2072,2072
7686,2073,2073
7687,2069,2069
7688,2068,2068
7689,2067,2067
7690,2068,2068
7691,2067,2067
7692,2069,2069
7693,2071,2071
7694,2073,2073
7695,2074,2074
7696,2073,2073
7697,2075,2075
7698,2076,2076
7699,2076,2076
7700,2078,2078
7701,2082,2082
7702,2080,2080
7703,2077,2077
7704,2071,2071
7705,2070,2070
7706,2073,2073
7707,2075,2075
7708,2078,2078
7709,2085,2085
7710,2087,2087
7711,2087,2087
7712,2087,2087
7713,2086,2086
7714,2081,2081
7715,2074,2074
7716,2073,2073
7717,2069,2069
7718,2073,2073
7719,2077,2077
7720,2083,2083
7721,2089,2089
7722,2093,2093
7723,2099,2099
7724,2098,2098
7725,2096,2096
7726,2089,2089
7727,2082,2082
7728,2077,2077
7729,2070,2070
7730,2064,2064
7731,2058,2058
7732,2057,2057
7733,2053,2053
7734,2051,2051
7735,2055,2055
7736,2060,2060
7737,2065,2065
7738,2070,2070
7739,2074,2074
7740,2076,2076
7741,2074,2074
7742,2073,2073
7743,2071,2071
7744,2068,2068
7745,2067,2067
7746,2074,2074
7747,2066,2066
7748,2065,2065
7749,2063,2063
7750,2062,2062
7751,2066,2066
7752,2070,2070
7753,2075,2075
7754,2082,2082
7755,2085,2085
7756,2089,2089
7757,2090,2090
7758,2090,2090
7759,2091,2091
7760,2091,2091
7761,2092,2092
7762,2093,2093
7763,2096,2096
7764,2095,2095
7765,2090,2090
7766,2085,2085
7767,2078,2078
7768,2077,2077
7769,2070,2070
7770,2066,2066
7771,2065,2065
7772,2062,2062
7773,2068,2068
7774,2071,2071
7775,2075,2075
7776,2077,2077
7777,2074,2074
7778,2070,2070
7779,2065,2065
7780,2065,2065
7781,2065,2065
7782,2070,2070
7783,2078,2078
7784,2079,2079
7785,2073,2073
7786,2067,2067
7787,2063,2063
7788,2057,2057
7789,2052,2052
7790,2049,2049
7791,2049,2049
7792,2053,2053
7793,2053,2053
7794,2052,2052
7795,2046,2046
7796,2043,2043
7797,2038,2038
7798,2040,2040
7799,2039,2039
7800,2040,2040
7801,2040,2040
7802,2043,2043
7803,2049,2049
7804,2055,2055
7805,2062,2062
7806,2071,2071
7807,2077,2077
7808,2081,2081
7809,2085,2085
7810,2085,2085
7811,2085,2085
7812,2080,2080
7813,2075,2075
7814,2069,2069
7815,2063,2063
7816,2060,2060
7817,2060,2060
7818,2066,2066
7819,2071,2071
7820,2075,2075
7821,2079,2079
7822,2074,2074
7823,2078,2078
7824,2073,2073
7825,2068,2068
7826,2067,2067
7827,2063,2063
7828,2062,2062
7829,2063,2063
7830,2062,2062
7831,2067,2067
7832,2070,2070
7833,2071,2071
7834,2072,2072
7835,2074,2074
7836,2079,2079
7837,2078,2078
7838,2080,2080
7839,2082,2082
7840,2083,2083
7841,2082,2082
7842,2084,2084
7843,2086,2086
7844,2084,2084
7845,2087,2087
7846,2087,2087
7847,2089,2089
7848,2087,2087
7849,2083,2083
7850,2077,2077
7851,2073,2073
7852,2071,2071
7853,2073,2073
7854,2075,2075
7855,2077,2077
7856,2078,2078
7857,2081,2081
7858,2076,2076
7859,2076,2076
7860,2072,2072
7861,2066,2066
7862,2060,2060
7863,2050,2050
7864,2041,2041
7865,2027,2027
7866,2018,2018
7867,2010,2010
7868,2008,2008
7869,2012,2012
7870,2019,2019
7871,2029,2029
7872,2039,2039
7873,2045,2045
7874,2049,2049
7875,2052,2052
7876,2051,2051
7877,2054,2054
7878,2059,2059
7879,2067,2067
7880,2076,2076
7881,2082,2082
7882,2079,2079
7883,2070,2070
7884,2061,2061
7885,2049,2049
7886,2042,2042
7887,2039,2039
7888,2037,2037
7889,2036,2036
7890,2036,2036
7891,2043,2043
7892,2053,2053
7893,2064,2064
7894,2078,2078
7895,2089,2089
7896,2095,2095
7897,2099,2099
7898,2099,2099
7899,2095,2095
7900,2088,2088
7901,2080,2080
7902,2073,2073
7903,2063,2063
7904,2060,2060
7905,2061,2061
7906,2060,2060
7907,2064,2064
7908,2062,2062
7909,2066,2066
7910,2067,2067
7911,2059,2059
7912,2051,2051
7913,2043,2043
7914,2041,2041
7915,2042,2042
7916,2047,2047
7917,2049,2049
7918,2050,2050
7919,2054,2054
7920,2061,2061
7921,2069,2069
7922,2073,2073
7923,2082,2082
7924,2092,2092
7925,2098,2098
7926,2101,2101
7927,2105,2105
7928,2107,2107
7929,2103,2103
7930,2101,2101
7931,2100,2100
7932,2100,2100
7933,2099,2099
7934,2097,2097
7935,2093,2093
7936,2086,2086
7937,2083,2083
7938,2080,2080
7939,2075,2075
7940,2073,2073
7941,2072,2072
7942,2077,2077
7943,2080,2080
7944,2078,2078
7945,2081,2081
7946,2077,2077
7947,2076,2076
7948,2076,2076
7949,2071,2071
7950,2069,2069
7951,2066,2066
7952,2062,2062
7953,2059,2059
7954,2053,2053
7955,2049,2049
7956,2045,2045
7957,2042,2042
7958,2044,2044
7959,2052,2052
7960,2055,2055
7961,2060,2060
7962,2061,2061
7963,2061,2061
7964,2059,2059
7965,2053,2053
7966,2050,2050
7967,2046,2046
7968,2042,2042
7969,2042,2042
7970,2038,2038
7971,2037,2037
7972,2030,2030
7973,2028,2028
7974,2026,2026
7975,2026,2026
7976,2026,2026
7977,2031,2031
7978,2039,2039
7979,2046,2046
7980,2051,2051
7981,2053,2053
7982,2055,2055
7983,2049,2049
7984,2047,2047
7985,2043,2043
7986,2046,2046
7987,2047,2047
7988,2049,2049
7989,2055,2055
7990,2060,2060
7991,2066,2066
7992,2068,2068
7993,2071,2071
7994,2071,2071
7995,2071,2071
7996,2069,2069
7997,2065,2065
7998,2064,2064
7999,2062,2062
8000,2060,2060
8001,2059,2059
8002,2058,2058
8003,2064,2064
8004,2071,2071
8005,2073,2073
8006,2072,2072
8007,2069,2069
8008,2069,2069
8009,2073,2073
8010,2074,2074
8011,2078,2078
8012,2079,2079
8013,2075,2075
8014,2071,2071
8015,2065,2065
8016,2056,2056
8017,2054,2054
8018,2052,2052
8019,2054,2054
8020,2057,2057
8021,2061,2061
8022,2063,2063
8023,2063,2063
8024,2060,2060
8025,2057,2057
8026,2059,2059
8027,2055,2055
8028,2057,2057
8029,2057,2057
8030,2058,2058
8031,2060,2060
8032,2059,2059
8033,2055,2055
8034,2052,2052
8035,2049,2049
8036,2045,2045
8037,2049,2049
8038,2055,2055
8039,2061,2061
8040,2060,2060
8041,2063,2063
8042,2063,2063
8043,2064,2064
8044,2067,2067
8045,2070,2070
8046,2076,2076
8047,2079,2079
8048,2083,2083
8049,2082,2082
8050,2077,2077
8051,2075,2075
8052,2071,2071
8053,2067,2067
8054,2064,2064
8055,2063,2063
8056,2064,2064
8057,2064,2064
8058,2070,2070
8059,2074,2074
8060,2081,2081
8061,2085,2085
8062,2088,2088
8063,2089,2089
8064,2081,2081
8065,2073,2073
8066,2066,2066
8067,2057,2057
8068,2049,2049
8069,2039,2039
8070,2037,2037
8071,2036,2036
8072,2039,2039
8073,2041,2041
8074,2049,2049
8075,2051,2051
8076,2050,2050
8077,2051,2051
8078,2048,2048
8079,2044,2044
8080,2042,2042
8081,2038,2038
8082,2035,2035
8083,2033,2033
8084,2030,2030
8085,2034,2034
8086,2038,2038
8087,2040,2040
8088,2047,2047
8089,2051,2051
8090,2052,2052
8091,2053,2053
8092,2056,2056
8093,2058,2058
8094,2059,2059
8095,2058,2058
8096,2062,2062
8097,2065,2065
8098,2062,2062
8099,2065,2065
8100,2067,2067
8101,2064,2064
8102,2062,2062
8103,2063,2063
8104,2063,2063
8105,2063,2063
8106,2062,2062
8107,2065,2065
8108,2067,2067
8109,2064,2064
8110,2069,2069
8111,2070,2070
8112,2071,2071
8113,2069,2069
8114,2066,2066
8115,2064,2064
8116,2067,2067
8117,2067,2067
8118,2068,2068
8119,2065,2065
8120,2061,2061
8121,2055,2055
8122,2052,2052
8123,2050,2050
8124,2049,2049
8125,2052,2052
8126,2058,2058
8127,2063,2063
8128,2063,2063
8129,2061,2061
8130,2058,2058
8131,2055,2055
8132,2052,2052
8133,2052,2052
8134,2057,2057
8135,2067,2067
8136,2077,2077
8137,2084,2084
8138,2085,2085
8139,2078,2078
8140,2075,2075
8141,2067,2067
8142,2065,2065
8143,2061,2061
8144,2066,2066
8145,2070,2070
8146,2079,2079
8147,2085,2085
8148,2091,2091
8149,2092,2092
8150,2093,2093
8151,2093,2093
8152,2092,2092
8153,2093,2093
8154,2092,2092
8155,2089,2089
8156,2084,2084
8157,2083,2083
8158,2082,2082
8159,2084,2084
8160,2086,2086
8161,2087,2087
8162,2087,2087
8163,2083,2083
8164,2078,2078
8165,2077,2077
8166,2069,2069
8167,2062,2062
8168,2055,2055
8169,2049,2049
8170,2043,2043
8171,2040,2040
8172,2035,2035
8173,2031,2031
8174,2038,2038
8175,2046,2046
8176,2057,2057
8177,2069,2069
8178,2078,2078
8179,2087,2087
8180,2090,2090
8181,2092,2092
8182,2089,2089
8183,2084,2084
8184,2076,2076
8185,2070,2070
8186,2066,2066
8187,2069,2069
8188,2074,2074
8189,2081,2081
8190,2084,2084
8191,2083,2083
8192,2079,2079
8193,2076,2076
8194,2072,2072
8195,2070,2070
8196,2067,2067
8197,2068,2068
8198,2068,2068
8199,2073,2073
8200,2078,2078
8201,2077,2077
8202,2074,2074
8203,2070,2070
8204,2065,2065
8205,2064,2064
8206,2060,2060
8207,2062,2062
8208,2065,2065
8209,2066,2066
8210,2067,2067
8211,2065,2065
8212,2068,2068
8213,2071,2071
8214,2078,2078
8215,2082,2082
8216,2088,2088
8217,2093,2093
8218,2099,2099
8219,2099,2099
8220,2098,2098
8221,2097,2097
8222,2093,2093
8223,2087,2087
8224,2079,2079
8225,2075,2075
8226,2071,2071
8227,2067,2067
8228,2067,2067
8229,2065,2065
8230,2067,2067
8231,2069,2069
8232,2074,2074
8233,2077,2077
8234,2084,2084
8235,2083,2083
8236,2076,2076
8237,2067,2067
8238,2058,2058
8239,2054,2054
8240,2052,2052
8241,2055,2055
8242,2059,2059
8243,2064,2064
8244,2069,2069
8245,2071,2071
8246,2075,2075
8247,2076,2076
8248,2074,2074
8249,2073,2073
8250,2067,2067
8251,2060,2060
8252,2055,2055
8253,2046,2046
8254,2035,2035
8255,2028,2028
8256,2023,2023
8257,2024,2024
8258,2026,2026
8259,2030,2030
8260,2035,2035
8261,2041,2041
8262,2046,2046
8263,2047,2047
8264,2049,2049
8265,2053,2053
8266,2055,2055
8267,2058,2058
8268,2061,2061
8269,2061,2061
8270,2061,2061
8271,2063,2063
8272,2064,2064
8273,2066,2066
8274,2067,2067
8275,2066,2066
8276,2070,2070
8277,2074,2074
8278,2081,2081
8279,2082,2082
8280,2083,2083
8281,2084,2084
8282,2082,2082
8283,2071,2071
8284,2060,2060
8285,2050,2050
8286,2042,2042
8287,2038,2038
8288,2035,2035
8289,2033,2033
8290,2037,2037
8291,2039,2039
8292,2046,2046
8293,2051,2051
8294,2057,2057
8295,2061,2061
8296,2067,2067
8297,2069,2069
8298,2071,2071
8299,2068,2068
8300,2067,2067
8301,2065,2065
8302,2061,2061
8303,2057,2057
8304,2052,2052
8305,2047,2047
8306,2040,2040
8307,2041,2041
8308,2042,2042
8309,2043,2043
8310,2047,2047
8311,2048,2048
8312,2049,2049
8313,2050,2050
8314,2054,2054
8315,2056,2056
8316,2057,2057
8317,2054,2054
8318,2053,2053
8319,2052,2052
8320,2051,2051
8321,2050,2050
8322,2050,2050
8323,2046,2046
8324,2040,2040
8325,2030,2030
8326,2026,2026
8327,2026,2026
8328,2033,2033
8329,2039,2039
8330,2047,2047
8331,2055,2055
8332,2061,2061
8333,2069,2069
8334,2075,2075
8335,2080,2080
8336,2075,2075
8337,2069,2069
8338,2064,2064
8339,2063,2063
8340,2060,2060
8341,2059,2059
8342,2063,2063
8343,2062,2062
8344,2067,2067
8345,2070,2070
8346,2077,2077
8347,2083,2083
8348,2089,2089
8349,2091,2091
8350,2085,2085
8351,2080,2080
8352,2074,2074
8353,2066,2066
8354,2061,2061
8355,2055,2055
8356,2053,2053
8357,2050,2050
8358,2050,2050
8359,2050,2050
8360,2050,2050
8361,2046,2046
8362,2045,2045
8363,2046,2046
8364,2046,2046
8365,2049,2049
8366,2050,2050
8367,2051,2051
8368,2050,2050
8369,2052,2052
8370,2055,2055
8371,2055,2055
8372,2061,2061
8373,2064,2064
8374,2070,2070
8375,2074,2074
8376,2074,2074
8377,2077,2077
8378,2080,2080
8379,2081,2081
8380,2079,2079
8381,2079,2079
8382,2078,2078
8383,2078,2078
8384,2082,2082
8385,2085,2085
8386,2089,2089
8387,2093,2093
8388,2096,2096
8389,2098,2098
8390,2103,2103
8391,2104,2104
8392,2103,2103
8393,2103,2103
8394,2096,2096
8395,2091,2091
8396,2085,2085
8397,2083,2083
8398,2085,2085
8399,2090,2090
8400,2091,2091
8401,2095,2095
8402,2099,2099
8403,2103,2103
8404,2103,2103
8405,2100,2100
8406,2090,2090
8407,2083,2083
8408,2070,2070
8409,2063,2063
8410,2061,2061
8411,2060,2060
8412,2062,2062
8413,2063,2063
8414,2062,2062
8415,2060,2060
8416,2062,2062
8417,2067,2067
8418,2072,2072
8419,2075,2075
8420,2074,2074
8421,2070,2070
8422,2068,2068
8423,2067,2067
8424,2065,2065
8425,2059,2059
8426,2060,2060
8427,2063,2063
8428,2064,2064
8429,2065,2065
8430,2071,2071
8431,2080,2080
8432,2084,2084
8433,2084,2084
8434,2085,2085
8435,2083,2083
8436,2081,2081
8437,2072,2072
8438,2065,2065
8439,2058,2058
8440,2055,2055
8441,2054,2054
8442,2058,2058
8443,2057,2057
8444,2061,2061
8445,2061,2061
8446,2063,2063
8447,2069,2069
8448,2075,2075
8449,2083,2083
8450,2090,2090
8451,2099,2099
8452,2106,2106
8453,2107,2107
8454,2107,2107
8455,2108,2108
8456,2105,2105
8457,2103,2103
8458,2097,2097
8459,2090,2090
8460,2080,2080
8461,2075,2075
8462,2074,2074
8463,2071,2071
8464,2073,2073
8465,2071,2071
8466,2069,2069
8467,2067,2067
8468,2068,2068
8469,2074,2074
8470,2078,2078
8471,2084,2084
8472,2090,2090
8473,2091,2091
8474,2091,2091
8475,2092,2092
8476,2093,2093
8477,2091,2091
8478,2087,2087
8479,2085,2085
8480,2084,2084
8481,2084,2084
8482,2080,2080
8483,2073,2073
8484,2067,2067
8485,2063,2063
8486,2064,2064
8487,2065,2065
8488,2066,2066
8489,2066,2066
8490,2061,2061
8491,2054,2054
8492,2051,2051
8493,2049,2049
8494,2049,2049
8495,2046,2046
8496,2049,2049
8497,2058,2058
8498,2069,2069
8499,2074,2074
8500,2077,2077
8501,2078,2078
8502,2073,2073
8503,2064,2064
8504,2059,2059
8505,2054,2054
8506,2044,2044
8507,2041,2041
8508,2035,2035
8509,2033,2033
8510,2027,2027
8511,2025,2025
8512,2021,2021
8513,2021,2021
8514,2026,2026
8515,2031,2031
8516,2037,2037
8517,2039,2039
8518,2045,2045
8519,2043,2043
8520,2039,2039
8521,2037,2037
8522,2031,2031
8523,2029,2029
8524,2025,2025
8525,2023,2023
8526,2026,2026
8527,2033,2033
8528,2039,2039
8529,2049,2049
8530,2053,2053
8531,2055,2055
8532,2057,2057
8533,2057,2057
8534,2062,2062
8535,2068,2068
8536,2067,2067
8537,2065,2065
8538,2061,2061
8539,2060,2060
8540,2061,2061
8541,2064,2064
8542,2072,2072
8543,2079,2079
8544,2081,2081
8545,2082,2082
8546,2080,2080
8547,2078,2078
8548,2077,2077
8549,2107,2107
8550,2223,2223
8551,2269,2269
8552,2223,2223
8553,2109,2109
8554,2024,2024
8555,2025,2025
8556,2047,2047
8557,2037,2037
8558,2004,2004
8559,1962,1962
8560,1962,1962
8561,2009,2009
8562,2052,2052
8563,2061,2061
8564,2039,2039
8565,2015,2015
8566,2031,2031
8567,2080,2080
8568,2115,2115
8569,2127,2127
8570,2118,2118
8571,2085,2085
8572,2048,2048
8573,2022,2022
8574,2018,2018
8575,2042,2042
8576,2065,2065
8577,2065,2065
8578,2044,2044
8579,2026,2026
8580,2021,2021
8581,2021,2021
8582,2033,2033
8583,2043,2043
8584,2087,2087
8585,2181,2181
8586,2251,2251
8587,2299,2299
8588,2258,2258
8589,2201,2201
8590,2205,2205
8591,2221,2221
8592,2211,2211
8593,2134,2134
8594,2046,2046
8595,2016,2016
8596,2028,2028
8597,2029,2029
8598,2001,2001
8599,1951,1951
8600,1936,1936
8601,1983,1983
8602,2000,2000
8603,2029,2029
8604,2028,2028
8605,2034,2034
8606,2037,2037
8607,2027,2027
8608,2017,2017
8609,2064,2064
8610,2012,2012
8611,1978,1978
8612,1972,1972
8613,1939,1939
8614,2093,2093
8615,2105,2105
8616,1943,1943
8617,1936,1936
8618,2034,2034
8619,2124,2124
8620,2191,2191
8621,2095,2095
8622,1919,1919
8623,1992,1992
8624,2185,2185
8625,2228,2228
8626,2116,2116
8627,1749,1749
8628,1815,1815
8629,1982,1982
8630,2125,2125
8631,2343,2343
8632,2390,2390
8633,2296,2296
8634,2465,2465
8635,2531,2531
8636,2415,2415
8637,2277,2277
8638,2002,2002
8639,1963,1963
8640,1964,1964
8641,1831,1831
8642,1823,1823
8643,1815,1815
8644,1883,1883
8645,1922,1922
8646,1842,1842
8647,2006,2006
8648,2007,2007
8649,1990,1990
8650,2029,2029
8651,2057,2057
8652,2240,2240
8653,2087,2087
8654,1964,1964
8655,1895,1895
8656,1993,1993
8657,1978,1978
8658,1941,1941
8659,1812,1812
8660,1973,1973
8661,2144,2144
8662,2159,2159
8663,2042,2042
8664,1842,1842
8665,2151,2151
8666,2557,2557
8667,2251,2251
8668,1936,1936
8669,1879,1879
8670,2136,2136
8671,2265,2265
8672,1959,1959
8673,1767,1767
8674,1777,1777
8675,1842,1842
8676,2220,2220
8677,2122,2122
8678,1741,1741
8679,1847,1847
8680,2341,2341
8681,2383,2383
8682,2132,2132
8683,2068,2068
8684,2337,2337
8685,2363,2363
8686,2200,2200
8687,2294,2294
8688,2371,2371
8689,2338,2338
8690,2123,2123
8691,2033,2033
8692,2318,2318
8693,2253,2253
8694,1951,1951
8695,1958,1958
8696,2013,2013
8697,1939,1939
8698,1848,1848
8699,1854,1854
8700,1862,1862
8701,2031,2031
8702,2039,2039
8703,1875,1875
8704,1898,1898
8705,1931,1931
8706,1975,1975
8707,2045,2045
8708,2071,2071
8709,1935,1935
8710,1940,1940
8711,2142,2142
8712,2289,2289
8713,2204,2204
8714,2096,2096
8715,2042,2042
8716,1961,1961
8717,2057,2057
8718,2130,2130
8719,2130,2130
8720,2124,2124
8721,1913,1913
8722,1879,1879
8723,1987,1987
8724,2069,2069
8725,2069,2069
8726,2015,2015
8727,2055,2055
8728,2046,2046
8729,2112,2112
8730,2160,2160
8731,2101,2101
8732,2055,2055
8733,2033,2033
8734,2094,2094
8735,2050,2050
8736,2014,2014
8737,2033,2033
8738,1980,1980
8739,1960,1960
8740,1983,1983
8741,1920,1920
8742,1846,1846
8743,1942,1942
8744,2009,2009
8745,1883,1883
8746,1735,1735
8747,2022,2022
8748,2105,2105
8749,1975,1975
8750,1986,1986
8751,2072,2072
8752,2170,2170
8753,2102,2102
8754,1958,1958
8755,2074,2074
8756,2226,2226
8757,2242,2242
8758,2006,2006
8759,2073,2073
8760,2130,2130
8761,2085,2085
8762,2027,2027
8763,2008,2008
8764,2178,2178
8765,2103,2103
8766,1942,1942
8767,1867,1867
8768,1921,1921
8769,2019,2019
8770,1966,1966
8771,1902,1902
8772,1904,1904
8773,1955,1955
8774,1987,1987
8775,1990,1990
8776,2267,2267
8777,2380,2380
8778,2194,2194
8779,1973,1973
8780,2201,2201
8781,2631,2631
8782,2213,2213
8783,1724,1724
8784,2105,2105
8785,2404,2404
8786,2205,2205
8787,1873,1873
8788,1875,1875
8789,2100,2100
8790,2035,2035
8791,1776,1776
8792,1914,1914
8793,2200,2200
8794,2211,2211
8795,1814,1814
8796,1654,1654
8797,2217,2217
8798,2339,2339
8799,1927,1927
8800,1861,1861
8801,2158,2158
8802,2411,2411
8803,2048,2048
8804,1787,1787
8805,2072,2072
8806,2276,2276
8807,2168,2168
8808,1955,1955
8809,1947,1947
8810,2091,2091
8811,2106,2106
8812,1925,1925
8813,2044,2044
8814,2231,2231
8815,2209,2209
8816,2047,2047
8817,2031,2031
8818,2147,2147
8819,2187,2187
8820,1958,1958
8821,1951,1951
8822,2197,2197
8823,2365,2365
8824,2182,2182
8825,2043,2043
8826,2054,2054
8827,2239,2239
8828,2304,2304
8829,2212,2212
8830,1999,1999
8831,1989,1989
8832,2148,2148
8833,2122,2122
8834,2092,2092
8835,2079,2079
8836,2072,2072
8837,2113,2113
8838,2166,2166
8839,2246,2246
8840,2118,2118
8841,1959,1959
8842,2024,2024
8843,2112,2112
8844,2145,2145
8845,2083,2083
8846,1920,1920
8847,2015,2015
8848,2240,2240
8849,2304,2304
8850,2115,2115
8851,1921,1921
8852,1899,1899
8853,2060,2060
8854,2137,2137
8855,2082,2082
8856,1993,1993
8857,1912,1912
8858,1947,1947
8859,2118,2118
8860,2217,2217
8861,2143,2143
8862,1948,1948
8863,1919,1919
8864,2076,2076
8865,2109,2109
8866,2026,2026
8867,1860,1860
8868,1922,1922
8869,2042,2042
8870,2090,2090
8871,2125,2125
8872,2094,2094
8873,2073,2073
8874,2059,2059
8875,2120,2120
8876,2185,2185
8877,2093,2093
8878,1946,1946
8879,1934,1934
8880,2104,2104
8881,2184,2184
8882,2194,2194
8883,2136,2136
8884,2125,2125
8885,2092,2092
8886,2038,2038
8887,1973,1973
8888,1970,1970
8889,1978,1978
8890,1968,1968
8891,1989,1989
8892,2112,2112
8893,2169,2169
8894,2094,2094
8895,2030,2030
8896,2084,2084
8897,2206,2206
8898,2162,2162
8899,2026,2026
8900,2022,2022
8901,2057,2057
8902,2035,2035
8903,2025,2025
8904,2077,2077
8905,2264,2264
8906,2204,2204
8907,2023,2023
8908,1985,1985
8909,2045,2045
8910,2123,2123
8911,2090,2090
8912,1981,1981
8913,1951,1951
8914,2027,2027
8915,2087,2087
8916,2067,2067
8917,2048,2048
8918,2056,2056
8919,2069,2069
8920,2056,2056
8921,2031,2031
8922,2038,2038
8923,2046,2046
8924,2071,2071
8925,2079,2079
8926,2092,2092
8927,2093,2093
8928,2115,2115
8929,2105,2105
8930,2075,2075
8931,2080,2080
8932,2135,2135
8933,2141,2141
8934,2073,2073
8935,2034,2034
8936,2024,2024
8937,2021,2021
8938,2087,2087
8939,2086,2086
8940,2003,2003
8941,1941,1941
8942,1970,1970
8943,2003,2003
8944,2000,2000
8945,2020,2020
8946,2039,2039
8947,2099,2099
8948,2126,2126
8949,2067,2067
8950,2038,2038
8951,2051,2051
8952,2123,2123
8953,2144,2144
8954,2108,2108
8955,2099,2099
8956,2095,2095
8957,2138,2138
8958,2127,2127
8959,2015,2015
8960,2041,2041
8961,2108,2108
8962,2108,2108
8963,2075,2075
8964,2037,2037
8965,2022,2022
8966,2041,2041
8967,2062,2062
8968,2076,2076
8969,2088,2088
8970,2086,2086
8971,2065,2065
8972,2031,2031
8973,2036,2036
8974,2041,2041
8975,2034,2034
8976,2025,2025
8977,2021,2021
8978,2039,2039
8979,2099,2099
8980,2080,2080
8981,2023,2023
8982,2013,2013
8983,2017,2017
8984,2041,2041
8985,2129,2129
8986,2214,2214
8987,2215,2215
8988,2140,2140
8989,2088,2088
8990,2069,2069
8991,2046,2046
8992,2031,2031
8993,2035,2035
8994,2076,2076
8995,2064,2064
8996,2023,2023
8997,1981,1981
8998,1992,1992
8999,2039,2039
9000,2080,2080
9001,2099,2099
9002,2119,2119
9003,2128,2128
9004,2089,2089
9005,2029,2029
9006,1965,1965
9007,1932,1932
9008,1944,1944
9009,1985,1985
9010,2035,2035
9011,2067,2067
9012,2087,2087
9013,2079,2079
9014,2061,2061
9015,2061,2061
9016,2079,2079
9017,2094,2094
9018,2116,2116
9019,2137,2137
9020,2162,2162
9021,2144,2144
9022,2122,2122
9023,2128,2128
9024,2119,2119
9025,2082,2082
9026,2065,2065
9027,2078,2078
9028,2085,2085
9029,2072,2072
9030,2046,2046
9031,2008,2008
9032,2017,2017
9033,2032,2032
9034,2030,2030
9035,2061,2061
9036,2073,2073
9037,2063,2063
9038,2035,2035
9039,2023,2023
9040,2043,2043
9041,2039,2039
9042,2033,2033
9043,2069,2069
9044,2096,2096
9045,2116,2116
9046,2131,2131
9047,2132,2132
9048,2118,2118
9049,2098,2098
9050,2096,2096
9051,2113,2113
9052,2100,2100
9053,2086,2086
9054,2091,2091
9055,2093,2093
9056,2074,2074
9057,2010,2010
9058,1953,1953
9059,1936,1936
9060,1933,1933
9061,1934,1934
9062,1930,1930
9063,1924,1924
9064,1925,1925
9065,1959,1959
9066,2030,2030
9067,2086,2086
9068,2093,2093
9069,2075,2075
9070,2061,2061
9071,2061,2061
9072,2062,2062
9073,2068,2068
9074,2076,2076
9075,2072,2072
9076,2068,2068
9077,2076,2076
9078,2072,2072
9079,2066,2066
9080,2064,2064
9081,2056,2056
9082,2054,2054
9083,2056,2056
9084,2046,2046
9085,2021,2021
9086,2003,2003
9087,2019,2019
9088,2050,2050
9089,2063,2063
9090,2064,2064
9091,2064,2064
9092,2065,2065
9093,2073,2073
9094,2060,2060
9095,2045,2045
9096,2052,2052
9097,2078,2078
9098,2112,2112
9099,2123,2123
9100,2105,2105
9101,2090,2090
9102,2096,2096
9103,2096,2096
9104,2081,2081
9105,2048,2048
9106,2017,2017
9107,2010,2010
9108,2023,2023
9109,2044,2044
9110,2068,2068
9111,2100,2100
9112,2122,2122
9113,2128,2128
9114,2117,2117
9115,2101,2101
9116,2099,2099
9117,2112,2112
9118,2111,2111
9119,2107,2107
9120,2121,2121
9121,2143,2143
9122,2163,2163
9123,2171,2171
9124,2151,2151
9125,2120,2120
9126,2098,2098
9127,2087,2087
9128,2064,2064
9129,2027,2027
9130,1993,1993
9131,1965,1965
9132,1966,1966
9133,2003,2003
9134,2021,2021
9135,2010,2010
9136,2003,2003
9137,2017,2017
9138,2039,2039
9139,2045,2045
9140,2041,2041
9141,2053,2053
9142,2057,2057
9143,2075,2075
9144,2109,2109
9145,2157,2157
9146,2186,2186
9147,2203,2203
9148,2217,2217
9149,2237,2237
9150,2211,2211
9151,2122,2122
9152,2032,2032
9153,1989,1989
9154,1983,1983
9155,1979,1979
9156,1972,1972
9157,1959,1959
9158,1966,1966
9159,1987,1987
9160,2003,2003
9161,2013,2013
9162,2024,2024
9163,2019,2019
9164,1999,1999
9165,1972,1972
9166,1954,1954
9167,1942,1942
9168,1923,1923
9169,1919,1919
9170,1965,1965
9171,2043,2043
9172,2091,2091
9173,2123,2123
9174,2167,2167
9175,2217,2217
9176,2242,2242
9177,2228,2228
9178,2187,2187
9179,2158,2158
9180,2136,2136
9181,2101,2101
9182,2069,2069
9183,2048,2048
9184,2031,2031
9185,2002,2002
9186,1975,1975
9187,1974,1974
9188,1989,1989
9189,2005,2005
9190,2030,2030
9191,2062,2062
9192,2088,2088
9193,2097,2097
9194,2060,2060
9195,2004,2004
9196,1963,1963
9197,1949,1949
9198,1955,1955
9199,1974,1974
9200,1993,1993
9201,2002,2002
9202,2023,2023
9203,2044,2044
9204,2054,2054
9205,2051,2051
9206,2046,2046
9207,2044,2044
9208,2068,2068
9209,2093,2093
9210,2091,2091
9211,2068,2068
9212,2047,2047
9213,2033,2033
9214,2036,2036
9215,2056,2056
9216,2080,2080
9217,2094,2094
9218,2087,2087
9219,2077,2077
9220,2075,2075
9221,2071,2071
9222,2067,2067
9223,2075,2075
9224,2099,2099
9225,2133,2133
9226,2145,2145
9227,2138,2138
9228,2109,2109
9229,2075,2075
9230,2043,2043
9231,2019,2019
9232,2002,2002
9233,2013,2013
9234,2055,2055
9235,2103,2103
9236,2136,2136
9237,2153,2153
9238,2147,2147
9239,2131,2131
9240,2110,2110
9241,2083,2083
9242,2050,2050
9243,2018,2018
9244,2011,2011
9245,2029,2029
9246,2049,2049
9247,2079,2079
9248,2113,2113
9249,2147,2147
9250,2177,2177
9251,2193,2193
9252,2209,2209
9253,2199,2199
9254,2164,2164
9255,2101,2101
9256,2074,2074
9257,2078,2078
9258,2109,2109
9259,2130,2130
9260,2175,2175
9261,2235,2235
9262,2273,2273
9263,2277,2277
9264,2256,2256
9265,2227,2227
9266,2190,2190
9267,2150,2150
9268,2099,2099
9269,2063,2063
9270,2040,2040
9271,2037,2037
9272,2062,2062
9273,2113,2113
9274,2147,2147
9275,2154,2154
9276,2128,2128
9277,2082,2082
9278,2042,2042
9279,2014,2014
9280,1983,1983
9281,1946,1946
9282,1932,1932
9283,1943,1943
9284,1961,1961
9285,1989,1989
9286,2017,2017
9287,2046,2046
9288,2079,2079
9289,2100,2100
9290,2111,2111
9291,2113,2113
9292,2097,2097
9293,2074,2074
9294,2074,2074
9295,2101,2101
9296,2114,2114
9297,2109,2109
9298,2111,2111
9299,2119,2119
9300,2100,2100
9301,2042,2042
9302,1985,1985
9303,1960,1960
9304,1964,1964
9305,1954,1954
9306,1929,1929
9307,1934,1934
9308,1975,1975
9309,2013,2013
9310,2041,2041
9311,2063,2063
9312,2077,2077
9313,2079,2079
9314,2079,2079
9315,2077,2077
9316,2073,2073
9317,2075,2075
9318,2087,2087
9319,2086,2086
9320,2089,2089
9321,2074,2074
9322,2043,2043
9323,2008,2008
9324,1995,1995
9325,2000,2000
9326,2003,2003
9327,1990,1990
9328,1977,1977
9329,1982,1982
9330,2006,2006
9331,2018,2018
9332,2025,2025
9333,2026,2026
9334,2014,2014
9335,1995,1995
9336,1974,1974
9337,1943,1943
9338,1919,1919
9339,1906,1906
9340,1925,1925
9341,1939,1939
9342,1945,1945
9343,1940,1940
9344,1941,1941
9345,1944,1944
9346,1930,1930
9347,1887,1887
9348,1853,1853
9349,1844,1844
9350,1835,1835
9351,1826,1826
9352,1807,1807
9353,1787,1787
9354,1795,1795
9355,1834,1834
9356,1864,1864
9357,1855,1855
9358,1821,1821
9359,1780,1780
9360,1745,1745
9361,1720,1720
9362,1736,1736
9363,1797,1797
9364,1881,1881
9365,1955,1955
9366,2008,2008
9367,2023,2023
9368,2022,2022
9369,2013,2013
9370,2008,2008
9371,2012,2012
9372,2025,2025
9373,2019,2019
9374,2006,2006
9375,1996,1996
9376,1950,1950
9377,1914,1914
9378,1931,1931
9379,1998,1998
9380,2084,2084
9381,2161,2161
9382,2219,2219
9383,2270,2270
9384,2294,2294
9385,2333,2333
9386,2400,2400
9387,2480,2480
9388,2539,2539
9389,2604,2604
9390,2661,2661
9391,2743,2743
9392,2795,2795
9393,2845,2845
9394,2866,2866
9395,2895,2895
9396,2891,2891
9397,2877,2877
9398,2826,2826
9399,2712,2712
9400,2531,2531
9401,2379,2379
9402,2242,2242
9403,2123,2123
9404,2039,2039
9405,1963,1963
9406,1899,1899
9407,1879,1879
9408,1871,1871
9409,1862,1862
9410,1879,1879
9411,1950,1950
9412,2021,2021
9413,2071,2071
9414,2095,2095
9415,2128,2128
9416,2150,2150
9417,2184,2184
9418,2207,2207
9419,2236,2236
9420,2277,2277
9421,2308,2308
9422,2321,2321
9423,2317,2317
9424,2275,2275
9425,2203,2203
9426,2132,2132
9427,2053,2053
9428,1958,1958
9429,1884,1884
9430,1861,1861
9431,1859,1859
9432,1867,1867
9433,1880,1880
9434,1906,1906
9435,1937,1937
9436,1981,1981
9437,2017,2017
9438,2040,2040
9439,2035,2035
9440,2023,2023
9441,2003,2003
9442,1992,1992
9443,1989,1989
9444,2002,2002
9445,2030,2030
9446,2083,2083
9447,2148,2148
9448,2214,2214
9449,2266,2266
9450,2285,2285
9451,2263,2263
9452,2201,2201
9453,2102,2102
9454,2009,2009
9455,1966,1966
9456,1944,1944
9457,1914,1914
9458,1898,1898
9459,1922,1922
9460,1964,1964
9461,1988,1988
9462,2003,2003
9463,2018,2018
9464,2038,2038
9465,2046,2046
9466,2057,2057
9467,2069,2069
9468,2083,2083
9469,2077,2077
9470,2063,2063
9471,2065,2065
9472,2069,2069
9473,2070,2070
9474,2060,2060
9475,2043,2043
9476,2025,2025
9477,1982,1982
9478,1919,1919
9479,1866,1866
9480,1831,1831
9481,1815,1815
9482,1816,1816
9483,1822,1822
9484,1820,1820
9485,1810,1810
9486,1801,1801
9487,1805,1805
9488,1826,1826
9489,1853,1853
9490,1873,1873
9491,1911,1911
9492,1971,1971
9493,2024,2024
9494,2053,2053
9495,2066,2066
9496,2064,2064
9497,2055,2055
9498,2032,2032
9499,1975,1975
9500,1914,1914
9501,1860,1860
9502,1814,1814
9503,1783,1783
9504,1770,1770
9505,1765,1765
9506,1761,1761
9507,1759,1759
9508,1756,1756
9509,1745,1745
9510,1710,1710
9511,1665,1665
9512,1619,1619
9513,1597,1597
9514,1586,1586
9515,1595,1595
9516,1610,1610
9517,1653,1653
9518,1713,1713
9519,1789,1789
9520,1859,1859
9521,1953,1953
9522,2018,2018
9523,2025,2025
9524,1981,1981
9525,1909,1909
9526,1775,1775
9527,1673,1673
9528,1570,1570
9529,1482,1482
9530,1401,1401
9531,1347,1347
9532,1325,1325
9533,1329,1329
9534,1397,1397
9535,1587,1587
9536,1766,1766
9537,2038,2038
9538,2334,2334
9539,2768,2768
9540,3223,3223
9541,3701,3701
9542,4017,4017
9543,4086,4086
9544,4091,4091
9545,4091,4091
9546,4091,4091
9547,4089,4089
9548,3901,3901
9549,3394,3394
9550,2897,2897
9551,2515,2515
9552,2197,2197
9553,1907,1907
9554,1700,1700
9555,1534,1534
9556,1419,1419
9557,1353,1353
9558,1343,1343
9559,1312,1312
9560,1295,1295
9561,1309,1309
9562,1382,1382
9563,1491,1491
9564,1701,1701
9565,1955,1955
9566,2241,2241
9567,2483,2483
9568,2685,2685
9569,2818,2818
9570,2894,2894
9571,2915,2915
9572,2869,2869
9573,2761,2761
9574,2627,2627
9575,2469,2469
9576,2306,2306
9577,2159,2159
9578,2052,2052
9579,1994,1994
9580,1946,1946
9581,1897,1897
9582,1829,1829
9583,1765,1765
9584,1710,1710
9585,1660,1660
9586,1603,1603
9587,1556,1556
9588,1545,1545
9589,1563,1563
9590,1617,1617
9591,1684,1684
9592,1769,1769
9593,1862,1862
9594,1955,1955
9595,2023,2023
9596,2074,2074
9597,2103,2103
9598,2122,2122
9599,2116,2116
9600,2101,2101
9601,2086,2086
9602,2105,2105
9603,2139,2139
9604,2201,2201
9605,2263,2263
9606,2315,2315
9607,2339,2339
9608,2344,2344
9609,2330,2330
9610,2294,2294
9611,2229,2229
9612,2160,2160
9613,2095,2095
9614,2051,2051
9615,2030,2030
9616,2027,2027
9617,2049,2049
9618,2085,2085
9619,2121,2121
9620,2157,2157
9621,2209,2209
9622,2287,2287
9623,2409,2409
9624,2495,2495
9625,2536,2536
9626,2525,2525
9627,2447,2447
9628,2353,2353
9629,2287,2287
9630,2195,2195
9631,2073,2073
9632,1975,1975
9633,1908,1908
9634,1835,1835
9635,1771,1771
9636,1730,1730
9637,1705,1705
9638,1710,1710
9639,1771,1771
9640,1878,1878
9641,2011,2011
9642,2107,2107
9643,2142,2142
9644,2148,2148
9645,2173,2173
9646,2206,2206
9647,2250,2250
9648,2312,2312
9649,2368,2368
9650,2377,2377
9651,2353,2353
9652,2304,2304
9653,2197,2197
9654,2056,2056
9655,1944,1944
9656,1879,1879
9657,1849,1849
9658,1817,1817
9659,1766,1766
9660,1704,1704
9661,1653,1653
9662,1621,1621
9663,1625,1625
9664,1666,1666
9665,1731,1731
9666,1786,1786
9667,1845,1845
9668,1917,1917
9669,1987,1987
9670,2049,2049
9671,2107,2107
9672,2152,2152
9673,2173,2173
9674,2181,2181
9675,2165,2165
9676,2118,2118
9677,2050,2050
9678,1983,1983
9679,1924,1924
9680,1879,1879
9681,1843,1843
9682,1825,1825
9683,1802,1802
9684,1790,1790
9685,1782,1782
9686,1791,1791
9687,1808,1808
9688,1829,1829
9689,1858,1858
9690,1893,1893
9691,1922,1922
9692,1940,1940
9693,1960,1960
9694,1987,1987
9695,2020,2020
9696,2033,2033
9697,2035,2035
9698,2029,2029
9699,2001,2001
9700,1948,1948
9701,1901,1901
9702,1867,1867
9703,1847,1847
9704,1825,1825
9705,1809,1809
9706,1794,1794
9707,1794,1794
9708,1799,1799
9709,1809,1809
9710,1840,1840
9711,1919,1919
9712,2011,2011
9713,2117,2117
9714,2160,2160
9715,2151,2151
9716,2075,2075
9717,1977,1977
9718,1869,1869
9719,1822,1822
9720,1805,1805
9721,1821,1821
9722,1833,1833
9723,1873,1873
9724,1878,1878
9725,1808,1808
9726,1722,1722
9727,1662,1662
9728,1623,1623
9729,1612,1612
9730,1616,1616
9731,1596,1596
9732,1541,1541
9733,1471,1471
9734,1423,1423
9735,1441,1441
9736,1590,1590
9737,1795,1795
9738,2071,2071
9739,2282,2282
9740,2442,2442
9741,2512,2512
9742,2527,2527
9743,2495,2495
9744,2501,2501
9745,2601,2601
9746,2793,2793
9747,2988,2988
9748,3162,3162
9749,3280,3280
9750,3383,3383
9751,3432,3432
9752,3415,3415
9753,3341,3341
9754,3160,3160
9755,2909,2909
9756,2606,2606
9757,2294,2294
9758,1913,1913
9759,1577,1577
9760,1332,1332
9761,1218,1218
9762,1212,1212
9763,1317,1317
9764,1459,1459
9765,1625,1625
9766,1786,1786
9767,1921,1921
9768,2026,2026
9769,2108,2108
9770,2201,2201
9771,2282,2282
9772,2377,2377
9773,2479,2479
9774,2581,2581
9775,2665,2665
9776,2745,2745
9777,2809,2809
9778,2838,2838
9779,2820,2820
9780,2751,2751
9781,2599,2599
9782,2410,2410
9783,2226,2226
9784,2039,2039
9785,1881,1881
9786,1763,1763
9787,1692,1692
9788,1651,1651
9789,1639,1639
9790,1661,1661
9791,1705,1705
9792,1755,1755
9793,1805,1805
9794,1853,1853
9795,1891,1891
9796,1926,1926
9797,1960,1960
9798,1989,1989
9799,2006,2006
9800,2030,2030
9801,2063,2063
9802,2116,2116
9803,2163,2163
9804,2208,2208
9805,2277,2277
9806,2369,2369
9807,2496,2496
9808,2553,2553
9809,2538,2538
9810,2437,2437
9811,2309,2309
9812,2195,2195
9813,2146,2146
9814,2116,2116
9815,2087,2087
9816,2069,2069
9817,2077,2077
9818,2085,2085
9819,2098,2098
9820,2129,2129
9821,2164,2164
9822,2211,2211
9823,2254,2254
9824,2257,2257
9825,2200,2200
9826,2123,2123
9827,1980,1980
9828,1847,1847
9829,1774,1774
9830,1760,1760
9831,1782,1782
9832,1851,1851
9833,1917,1917
9834,1949,1949
9835,1940,1940
9836,1906,1906
9837,1852,1852
9838,1837,1837
9839,1876,1876
9840,1919,1919
9841,1955,1955
9842,1981,1981
9843,1991,1991
9844,1999,1999
9845,2043,2043
9846,2120,2120
9847,2195,2195
9848,2237,2237
9849,2247,2247
9850,2221,2221
9851,2156,2156
9852,2061,2061
9853,1986,1986
9854,1933,1933
9855,1901,1901
9856,1873,1873
9857,1844,1844
9858,1812,1812
9859,1770,1770
9860,1719,1719
9861,1682,1682
9862,1677,1677
9863,1687,1687
9864,1698,1698
9865,1711,1711
9866,1730,1730
9867,1750,1750
9868,1784,1784
9869,1831,1831
9870,1895,1895
9871,1951,1951
9872,1992,1992
9873,2015,2015
9874,2017,2017
9875,1998,1998
9876,1960,1960
9877,1919,1919
9878,1894,1894
9879,1873,1873
9880,1851,1851
9881,1837,1837
9882,1823,1823
9883,1815,1815
9884,1796,1796
9885,1785,1785
9886,1775,1775
9887,1771,1771
9888,1749,1749
9889,1705,1705
9890,1639,1639
9891,1596,1596
9892,1583,1583
9893,1575,1575
9894,1555,1555
9895,1535,1535
9896,1511,1511
9897,1475,1475
9898,1429,1429
9899,1408,1408
9900,1401,1401
9901,1414,1414
9902,1453,1453
9903,1484,1484
9904,1507,1507
9905,1497,1497
9906,1478,1478
9907,1481,1481
9908,1707,1707
9909,2207,2207
9910,2963,2963
9911,3803,3803
9912,4079,4079
9913,4093,4093
9914,4091,4091
9915,4093,4093
9916,4092,4092
9917,4093,4093
9918,4091,4091
9919,4091,4091
9920,4087,4087
9921,3344,3344
9922,2377,2377
9923,1641,1641
9924,1107,1107
9925,838,838
9926,773,773
9927,915,915
9928,1178,1178
9929,1404,1404
9930,1479,1479
9931,1480,1480
9932,1422,1422
9933,1410,1410
9934,1491,1491
9935,1808,1808
9936,2223,2223
9937,2639,2639
9938,2985,2985
9939,3240,3240
9940,3382,3382
9941,3414,3414
9942,3385,3385
9943,3286,3286
9944,3115,3115
9945,2854,2854
9946,2538,2538
9947,2176,2176
9948,1866,1866
9949,1638,1638
9950,1537,1537
9951,1500,1500
9952,1522,1522
9953,1578,1578
9954,1629,1629
9955,1642,1642
9956,1621,1621
9957,1561,1561
9958,1511,1511
9959,1515,1515
9960,1556,1556
9961,1631,1631
9962,1725,1725
9963,1854,1854
9964,1971,1971
9965,2090,2090
9966,2201,2201
9967,2303,2303
9968,2375,2375
9969,2426,2426
9970,2416,2416
9971,2341,2341
9972,2242,2242
9973,2166,2166
9974,2139,2139
9975,2168,2168
9976,2261,2261
9977,2336,2336
9978,2399,2399
9979,2429,2429
9980,2428,2428
9981,2366,2366
9982,2286,2286
9983,2193,2193
9984,2113,2113
9985,2038,2038
9986,1981,1981
9987,1935,1935
9988,1925,1925
9989,1944,1944
9990,1982,1982
9991,2031,2031
9992,2091,2091
9993,2176,2176
9994,2233,2233
9995,2269,2269
9996,2287,2287
9997,2315,2315
9998,2364,2364
9999,2438,2438
10000,2465,2465
10001,2435,2435
10002,2342,2342
10003,2221,2221
10004,2109,2109
10005,2006,2006
10006,1904,1904
10007,1853,1853
10008,1862,1862
10009,1898,1898
10010,1934,1934
10011,1981,1981
10012,2041,2041
10013,2068,2068
10014,2101,2101
10015,2147,2147
10016,2185,2185
10017,2202,2202
10018,2181,2181
10019,2137,2137
10020,2098,2098
10021,2081,2081
10022,2070,2070
10023,2065,2065
10024,2054,2054
10025,2019,2019
10026,1953,1953
10027,1867,1867
10028,1763,1763
10029,1674,1674
10030,1614,1614
10031,1596,1596
10032,1601,1601
10033,1637,1637
10034,1685,1685
10035,1743,1743
10036,1803,1803
10037,1861,1861
10038,1917,1917
10039,1973,1973
10040,2016,2016
10041,2043,2043
10042,2054,2054
10043,2054,2054
10044,2031,2031
10045,2001,2001
10046,1969,1969
10047,1946,1946
10048,1928,1928
10049,1898,1898
10050,1849,1849
10051,1795,1795
10052,1744,1744
10053,1700,1700
10054,1671,1671
10055,1653,1653
10056,1636,1636
10057,1633,1633
10058,1642,1642
10059,1671,1671
10060,1709,1709
10061,1751,1751
10062,1796,1796
10063,1843,1843
10064,1887,1887
10065,1913,1913
10066,1917,1917
10067,1895,1895
10068,1850,1850
10069,1791,1791
10070,1743,1743
10071,1706,1706
10072,1691,1691
10073,1690,1690
10074,1702,1702
10075,1707,1707
10076,1695,1695
10077,1637,1637
10078,1573,1573
10079,1501,1501
10080,1427,1427
10081,1374,1374
10082,1343,1343
10083,1322,1322
10084,1321,1321
10085,1342,1342
10086,1366,1366
10087,1401,1401
10088,1429,1429
10089,1449,1449
10090,1474,1474
10091,1566,1566
10092,1795,1795
10093,2277,2277
10094,2955,2955
10095,3734,3734
10096,4074,4074
10097,4091,4091
10098,4091,4091
10099,4093,4093
10100,4094,4094
10101,4091,4091
10102,4093,4093
10103,4091,4091
10104,4060,4060
10105,3193,3193
10106,2332,2332
10107,1649,1649
10108,1184,1184
10109,930,930
10110,880,880
10111,994,994
10112,1213,1213
10113,1380,1380
10114,1450,1450
10115,1445,1445
10116,1399,1399
10117,1389,1389
10118,1503,1503
10119,1801,1801
10120,2202,2202
10121,2626,2626
10122,2973,2973
10123,3213,3213
10124,3345,3345
10125,3371,3371
10126,3333,3333
10127,3231,3231
10128,3053,3053
10129,2795,2795
10130,2477,2477
10131,2141,2141
10132,1855,1855
10133,1642,1642
10134,1550,1550
10135,1527,1527
10136,1554,1554
10137,1626,1626
10138,1706,1706
10139,1747,1747
10140,1737,1737
10141,1707,1707
10142,1675,1675
10143,1672,1672
10144,1712,1712
10145,1789,1789
10146,1873,1873
10147,1969,1969
10148,2075,2075
10149,2179,2179
10150,2275,2275
10151,2351,2351
10152,2379,2379
10153,2369,2369
10154,2310,2310
10155,2207,2207
10156,2101,2101
10157,2030,2030
10158,2004,2004
10159,2029,2029
10160,2119,2119
10161,2216,2216
10162,2281,2281
10163,2304,2304
10164,2281,2281
10165,2223,2223
10166,2142,2142
10167,2059,2059
10168,1978,1978
10169,1904,1904
10170,1842,1842
10171,1811,1811
10172,1809,1809
10173,1829,1829
10174,1887,1887
10175,1964,1964
10176,2025,2025
10177,2057,2057
10178,2070,2070
10179,2042,2042
10180,2021,2021
10181,2053,2053
10182,2118,2118
10183,2217,2217
10184,2321,2321
10185,2379,2379
10186,2395,2395
10187,2388,2388
10188,2297,2297
10189,2139,2139
10190,2069,2069
10191,2070,2070
10192,2135,2135
10193,2245,2245
10194,2354,2354
10195,2407,2407
10196,2410,2410
10197,2387,2387
10198,2343,2343
10199,2285,2285
10200,2210,2210
10201,2122,2122
10202,2035,2035
10203,1970,1970
10204,1910,1910
10205,1865,1865
10206,1871,1871
10207,1921,1921
10208,1997,1997
10209,2093,2093
10210,2169,2169
10211,2179,2179
10212,2128,2128
10213,2049,2049
10214,1970,1970
10215,1896,1896
10216,1854,1854
10217,1854,1854
10218,1889,1889
10219,1940,1940
10220,1980,1980
10221,2007,2007
10222,2008,2008
10223,1984,1984
10224,1932,1932
10225,1883,1883
10226,1838,1838
10227,1785,1785
10228,1733,1733
10229,1697,1697
10230,1678,1678
10231,1681,1681
10232,1713,1713
10233,1767,1767
10234,1812,1812
10235,1835,1835
10236,1840,1840
10237,1828,1828
10238,1808,1808
10239,1785,1785
10240,1760,1760
10241,1744,1744
10242,1751,1751
10243,1773,1773
10244,1803,1803
10245,1838,1838
10246,1863,1863
10247,1883,1883
10248,1895,1895
10249,1901,1901
10250,1899,1899
10251,1896,1896
10252,1891,1891
10253,1881,1881
10254,1862,1862
10255,1819,1819
10256,1765,1765
10257,1713,1713
10258,1672,1672
10259,1632,1632
10260,1567,1567
10261,1487,1487
10262,1407,1407
10263,1345,1345
10264,1313,1313
10265,1306,1306
10266,1311,1311
10267,1335,1335
10268,1385,1385
10269,1472,1472
10270,1526,1526
10271,1575,1575
10272,1593,1593
10273,1611,1611
10274,1641,1641
10275,1687,1687
10276,1766,1766
10277,1965,1965
10278,2410,2410
10279,3031,3031
10280,3751,3751
10281,4073,4073
10282,4093,4093
10283,4093,4093
10284,4095,4095
10285,4091,4091
10286,4093,4093
10287,4093,4093
10288,4092,4092
10289,3883,3883
10290,2973,2973
10291,2208,2208
10292,1633,1633
10293,1211,1211
10294,993,993
10295,944,944
10296,1051,1051
10297,1286,1286
10298,1445,1445
10299,1511,1511
10300,1517,1517
10301,1507,1507
10302,1516,1516
10303,1613,1613
10304,1857,1857
10305,2195,2195
10306,2555,2555
10307,2883,2883
10308,3101,3101
10309,3202,3202
10310,3207,3207
10311,3157,3157
10312,3045,3045
10313,2867,2867
10314,2627,2627
10315,2329,2329
10316,2021,2021
10317,1770,1770
10318,1602,1602
10319,1524,1524
10320,1509,1509
10321,1541,1541
10322,1624,1624
10323,1708,1708
10324,1761,1761
10325,1763,1763
10326,1733,1733
10327,1711,1711
10328,1716,1716
10329,1755,1755
10330,1815,1815
10331,1873,1873
10332,1946,1946
10333,2032,2032
10334,2128,2128
10335,2214,2214
10336,2286,2286
10337,2328,2328
10338,2328,2328
10339,2286,2286
10340,2205,2205
10341,2117,2117
10342,2069,2069
10343,2048,2048
10344,2066,2066
10345,2128,2128
10346,2212,2212
10347,2284,2284
10348,2321,2321
10349,2329,2329
10350,2304,2304
10351,2246,2246
10352,2179,2179
10353,2095,2095
10354,2008,2008
10355,1948,1948
10356,1911,1911
10357,1887,1887
10358,1908,1908
10359,1963,1963
10360,2023,2023
10361,2085,2085
10362,2128,2128
10363,2128,2128
10364,2097,2097
10365,2052,2052
10366,1998,1998
10367,1979,1979
10368,2008,2008
10369,2112,2112
10370,2221,2221
10371,2325,2325
10372,2359,2359
10373,2333,2333
10374,2252,2252
10375,2181,2181
10376,2127,2127
10377,2084,2084
10378,2065,2065
10379,2067,2067
10380,2130,2130
10381,2229,2229
10382,2315,2315
10383,2395,2395
10384,2469,2469
10385,2509,2509
10386,2497,2497
10387,2419,2419
10388,2262,2262
10389,2052,2052
10390,1867,1867
10391,1722,1722
10392,1635,1635
10393,1611,1611
10394,1642,1642
10395,1711,1711
10396,1801,1801
10397,1890,1890
10398,1947,1947
10399,1974,1974
10400,1986,1986
10401,1977,1977
10402,1968,1968
10403,1965,1965
10404,1972,1972
10405,1987,1987
10406,2033,2033
10407,2096,2096
10408,2153,2153
10409,2206,2206
10410,2238,2238
10411,2231,2231
10412,2176,2176
10413,2072,2072
10414,1951,1951
10415,1831,1831
10416,1725,1725
10417,1645,1645
10418,1617,1617
10419,1618,1618
10420,1640,1640
10421,1678,1678
10422,1723,1723
10423,1768,1768
10424,1803,1803
10425,1825,1825
10426,1833,1833
10427,1832,1832
10428,1818,1818
10429,1802,1802
10430,1799,1799
10431,1821,1821
10432,1866,1866
10433,1904,1904
10434,1925,1925
10435,1926,1926
10436,1913,1913
10437,1887,1887
10438,1856,1856
10439,1842,1842
10440,1843,1843
10441,1871,1871
10442,1900,1900
10443,1922,1922
10444,1937,1937
10445,1945,1945
10446,1937,1937
10447,1917,1917
10448,1881,1881
10449,1810,1810
10450,1719,1719
10451,1613,1613
10452,1507,1507
10453,1429,1429
10454,1391,1391
10455,1377,1377
10456,1408,1408
10457,1476,1476
10458,1553,1553
10459,1583,1583
10460,1594,1594
10461,1591,1591
10462,1579,1579
10463,1569,1569
10464,1568,1568
10465,1586,1586
10466,1663,1663
10467,1811,1811
10468,2121,2121
10469,2545,2545
10470,3150,3150
10471,3697,3697
10472,4053,4053
10473,4089,4089
10474,4091,4091
10475,4095,4095
10476,4093,4093
10477,4090,4090
10478,3777,3777
10479,3109,3109
10480,2535,2535
10481,2071,2071
10482,1720,1720
10483,1451,1451
10484,1271,1271
10485,1213,1213
10486,1238,1238
10487,1372,1372
10488,1533,1533
10489,1629,1629
10490,1660,1660
10491,1648,1648
10492,1642,1642
10493,1694,1694
10494,1850,1850
10495,2109,2109
10496,2403,2403
10497,2687,2687
10498,2914,2914
10499,3043,3043
10500,3083,3083
10501,3057,3057
10502,2991,2991
10503,2861,2861
10504,2681,2681
10505,2463,2463
10506,2204,2204
10507,1983,1983
10508,1826,1826
10509,1759,1759
10510,1736,1736
10511,1757,1757
10512,1813,1813
10513,1869,1869
10514,1903,1903
10515,1898,1898
10516,1848,1848
10517,1776,1776
10518,1727,1727
10519,1713,1713
10520,1723,1723
10521,1759,1759
10522,1809,1809
10523,1855,1855
10524,1907,1907
10525,1963,1963
10526,2023,2023
10527,2064,2064
10528,2085,2085
10529,2069,2069
10530,2013,2013
10531,1952,1952
10532,1911,1911
10533,1902,1902
10534,1953,1953
10535,2046,2046
10536,2137,2137
10537,2212,2212
10538,2257,2257
10539,2261,2261
10540,2247,2247
10541,2206,2206
10542,2155,2155
10543,2112,2112
10544,2088,2088
10545,2061,2061
10546,2048,2048
10547,2033,2033
10548,2020,2020
10549,2025,2025
10550,2047,2047
10551,2067,2067
10552,2080,2080
10553,2074,2074
10554,2038,2038
10555,1978,1978
10556,1940,1940
10557,1924,1924
10558,1941,1941
10559,1995,1995
10560,2068,2068
10561,2145,2145
10562,2215,2215
10563,2296,2296
10564,2379,2379
10565,2426,2426
10566,2431,2431
10567,2384,2384
10568,2291,2291
10569,2216,2216
10570,2170,2170
10571,2126,2126
10572,2094,2094
10573,2128,2128
10574,2247,2247
10575,2369,2369
10576,2459,2459
10577,2469,2469
10578,2435,2435
10579,2354,2354
10580,2265,2265
10581,2156,2156
10582,2057,2057
10583,1959,1959
10584,1858,1858
10585,1791,1791
10586,1770,1770
10587,1793,1793
10588,1863,1863
10589,1959,1959
10590,2052,2052
10591,2132,2132
10592,2163,2163
10593,2121,2121
10594,2014,2014
10595,1919,1919
10596,1870,1870
10597,1849,1849
10598,1859,1859
10599,1900,1900
10600,1954,1954
10601,2001,2001
10602,2028,2028
10603,2035,2035
10604,2023,2023
10605,1979,1979
10606,1911,1911
10607,1844,1844
10608,1787,1787
10609,1732,1732
10610,1693,1693
10611,1671,1671
10612,1692,1692
10613,1749,1749
10614,1816,1816
10615,1863,1863
10616,1890,1890
10617,1899,1899
10618,1886,1886
10619,1843,1843
10620,1799,1799
10621,1780,1780
10622,1781,1781
10623,1797,1797
10624,1840,1840
10625,1893,1893
10626,1938,1938
10627,1965,1965
10628,1977,1977
10629,1982,1982
10630,1977,1977
10631,1959,1959
10632,1934,1934
10633,1912,1912
10634,1903,1903
10635,1922,1922
10636,1958,1958
10637,1997,1997
10638,2021,2021
10639,2033,2033
10640,2022,2022
10641,1981,1981
10642,1891,1891
10643,1787,1787
10644,1677,1677
10645,1601,1601
10646,1554,1554
10647,1525,1525
10648,1514,1514
10649,1527,1527
10650,1568,1568
10651,1629,1629
10652,1686,1686
10653,1719,1719
10654,1730,1730
10655,1737,1737
10656,1741,1741
10657,1747,1747
10658,1775,1775
10659,1816,1816
10660,1899,1899
10661,2030,2030
10662,2266,2266
10663,2615,2615
10664,3017,3017
10665,3400,3400
10666,3633,3633
10667,3753,3753
10668,3745,3745
10669,3713,3713
10670,3564,3564
10671,3268,3268
10672,2925,2925
10673,2635,2635
10674,2399,2399
10675,2191,2191
10676,1997,1997
10677,1812,1812
10678,1704,1704
10679,1667,1667
10680,1685,1685
10681,1736,1736
10682,1806,1806
10683,1833,1833
10684,1843,1843
10685,1832,1832
10686,1824,1824
10687,1832,1832
10688,1918,1918
10689,2087,2087
10690,2282,2282
10691,2459,2459
10692,2568,2568
10693,2621,2621
10694,2637,2637
10695,2634,2634
10696,2597,2597
10697,2547,2547
10698,2469,2469
10699,2375,2375
10700,2252,2252
10701,2134,2134
10702,2043,2043
10703,1985,1985
10704,1955,1955
10705,1933,1933
10706,1923,1923
10707,1920,1920
10708,1919,1919
10709,1885,1885
10710,1827,1827
10711,1781,1781
10712,1759,1759
10713,1761,1761
10714,1763,1763
10715,1780,1780
10716,1821,1821
10717,1890,1890
10718,1958,1958
10719,2021,2021
10720,2075,2075
10721,2117,2117
10722,2132,2132
10723,2123,2123
10724,2091,2091
10725,2056,2056
10726,2031,2031
10727,2016,2016
10728,2025,2025
10729,2057,2057
10730,2103,2103
10731,2139,2139
10732,2158,2158
10733,2175,2175
10734,2174,2174
10735,2163,2163
10736,2137,2137
10737,2107,2107
10738,2083,2083
10739,2067,2067
10740,2042,2042
10741,2027,2027
10742,2023,2023
10743,2033,2033
10744,2045,2045
10745,2055,2055
10746,2064,2064
10747,2080,2080
10748,2095,2095
10749,2106,2106
10750,2120,2120
10751,2141,2141
10752,2185,2185
10753,2239,2239
10754,2272,2272
10755,2266,2266
10756,2226,2226
10757,2140,2140
10758,2048,2048
10759,1997,1997
10760,1967,1967
10761,1947,1947
10762,1947,1947
10763,2000,2000
10764,2095,2095
10765,2199,2199
10766,2275,2275
10767,2315,2315
10768,2333,2333
10769,2352,2352
10770,2348,2348
10771,2315,2315
10772,2263,2263
10773,2205,2205
10774,2171,2171
10775,2157,2157
10776,2150,2150
10777,2137,2137
10778,2118,2118
10779,2078,2078
10780,2017,2017
10781,1968,1968
10782,1924,1924
10783,1866,1866
10784,1806,1806
10785,1759,1759
10786,1726,1726
10787,1718,1718
10788,1721,1721
10789,1747,1747
10790,1821,1821
10791,1913,1913
10792,1973,1973
10793,2003,2003
10794,2004,2004
10795,1985,1985
10796,1943,1943
10797,1901,1901
10798,1880,1880
10799,1875,1875
10800,1879,1879
10801,1883,1883
10802,1895,1895
10803,1916,1916
10804,1925,1925
10805,1921,1921
10806,1910,1910
10807,1902,1902
10808,1895,1895
10809,1875,1875
10810,1839,1839
10811,1816,1816
10812,1815,1815
10813,1841,1841
10814,1891,1891
10815,1949,1949
10816,2005,2005
10817,2045,2045
10818,2063,2063
10819,2056,2056
10820,2027,2027
10821,1985,1985
10822,1930,1930
10823,1879,1879
10824,1846,1846
10825,1830,1830
10826,1831,1831
10827,1845,1845
10828,1877,1877
10829,1925,1925
10830,1967,1967
10831,1999,1999
10832,2016,2016
10833,2015,2015
10834,1997,1997
10835,1969,1969
10836,1938,1938
10837,1914,1914
10838,1897,1897
10839,1887,1887
10840,1887,1887
10841,1883,1883
10842,1876,1876
10843,1859,1859
10844,1823,1823
10845,1786,1786
10846,1752,1752
10847,1721,1721
10848,1696,1696
10849,1677,1677
10850,1678,1678
10851,1703,1703
10852,1756,1756
10853,1815,1815
10854,1878,1878
10855,1942,1942
10856,1996,1996
10857,2064,2064
10858,2165,2165
10859,2340,2340
10860,2555,2555
10861,2762,2762
10862,2906,2906
10863,2995,2995
10864,3043,3043
10865,3079,3079
10866,3085,3085
10867,2993,2993
10868,2830,2830
10869,2657,2657
10870,2493,2493
10871,2315,2315
10872,2191,2191
10873,2061,2061
10874,1987,1987
10875,1944,1944
10876,1935,1935
10877,1941,1941
10878,1998,1998
10879,2046,2046
10880,2047,2047
10881,2031,2031
10882,2019,2019
10883,2023,2023
10884,2055,2055
10885,2123,2123
10886,2184,2184
10887,2259,2259
10888,2335,2335
10889,2382,2382
10890,2406,2406
10891,2428,2428
10892,2433,2433
10893,2416,2416
10894,2364,2364
10895,2269,2269
10896,2162,2162
10897,2085,2085
10898,2037,2037
10899,2002,2002
10900,1988,1988
10901,1977,1977
10902,1976,1976
10903,1986,1986
10904,1999,1999
10905,2000,2000
10906,1991,1991
10907,1989,1989
10908,1989,1989
10909,1973,1973
10910,1952,1952
10911,1938,1938
10912,1935,1935
10913,1951,1951
10914,1983,1983
10915,2029,2029
10916,2075,2075
10917,2109,2109
10918,2115,2115
10919,2106,2106
10920,2082,2082
10921,2043,2043
10922,2003,2003
10923,1975,1975
10924,1969,1969
10925,1977,1977
10926,2004,2004
10927,2038,2038
10928,2080,2080
10929,2121,2121
10930,2164,2164
10931,2183,2183
10932,2190,2190
10933,2191,2191
10934,2181,2181
10935,2173,2173
10936,2168,2168
10937,2165,2165
10938,2166,2166
10939,2175,2175
10940,2186,2186
10941,2194,2194
10942,2186,2186
10943,2169,2169
10944,2134,2134
10945,2099,2099
10946,2074,2074
10947,2058,2058
10948,2041,2041
10949,2018,2018
10950,1979,1979
10951,1940,1940
10952,1921,1921
10953,1922,1922
10954,1934,1934
10955,1964,1964
10956,2015,2015
10957,2067,2067
10958,2113,2113
10959,2153,2153
10960,2189,2189
10961,2217,2217
10962,2237,2237
10963,2243,2243
10964,2247,2247
10965,2244,2244
10966,2222,2222
10967,2165,2165
10968,2113,2113
10969,2081,2081
10970,2057,2057
10971,2035,2035
10972,2019,2019
10973,2007,2007
10974,1995,1995
10975,1985,1985
10976,1965,1965
10977,1943,1943
10978,1922,1922
10979,1899,1899
10980,1884,1884
10981,1884,1884
10982,1885,1885
10983,1885,1885
10984,1881,1881
10985,1883,1883
10986,1886,1886
10987,1899,1899
10988,1897,1897
10989,1885,1885
10990,1867,1867
10991,1863,1863
10992,1865,1865
10993,1873,1873
10994,1888,1888
10995,1908,1908
10996,1939,1939
10997,1970,1970
10998,1992,1992
10999,2009,2009
11000,2019,2019
11001,2029,2029
11002,2035,2035
11003,2041,2041
11004,2038,2038
11005,2027,2027
11006,2015,2015
11007,2007,2007
11008,2011,2011
11009,2009,2009
11010,2002,2002
11011,1991,1991
11012,1979,1979
11013,1960,1960
11014,1939,1939
11015,1921,1921
11016,1915,1915
11017,1919,1919
11018,1929,1929
11019,1942,1942
11020,1955,1955
11021,1967,1967
11022,1973,1973
11023,1981,1981
11024,2001,2001
11025,2021,2021
11026,2041,2041
11027,2050,2050
11028,2048,2048
11029,2045,2045
11030,2044,2044
11031,2037,2037
11032,2023,2023
11033,2005,2005
11034,1983,1983
11035,1953,1953
11036,1921,1921
11037,1892,1892
11038,1860,1860
11039,1836,1836
11040,1818,1818
11041,1803,1803
11042,1791,1791
11043,1783,1783
11044,1779,1779
11045,1786,1786
11046,1805,1805
11047,1836,1836
11048,1882,1882
11049,1932,1932
11050,1980,1980
11051,2027,2027
11052,2059,2059
11053,2081,2081
11054,2095,2095
11055,2114,2114
11056,2142,2142
11057,2194,2194
11058,2297,2297
11059,2379,2379
11060,2449,2449
11061,2477,2477
11062,2490,2490
11063,2483,2483
11064,2487,2487
11065,2475,2475
11066,2428,2428
11067,2369,2369
11068,2322,2322
11069,2273,2273
11070,2235,2235
11071,2210,2210
11072,2194,2194
11073,2192,2192
11074,2206,2206
11075,2211,2211
11076,2208,2208
11077,2195,2195
11078,2156,2156
11079,2087,2087
11080,2044,2044
11081,2029,2029
11082,2035,2035
11083,2077,2077
11084,2116,2116
11085,2151,2151
11086,2199,2199
11087,2240,2240
11088,2253,2253
11089,2261,2261
11090,2273,2273
11091,2276,2276
11092,2271,2271
11093,2255,2255
11094,2213,2213
11095,2173,2173
11096,2160,2160
11097,2153,2153
11098,2153,2153
11099,2168,2168
11100,2176,2176
11101,2178,2178
11102,2175,2175
11103,2161,2161
11104,2136,2136
11105,2120,2120
11106,2101,2101
11107,2080,2080
11108,2065,2065
11109,2059,2059
11110,2053,2053
11111,2046,2046
11112,2026,2026
11113,2007,2007
11114,2005,2005
11115,2011,2011
11116,2004,2004
11117,1995,1995
11118,1990,1990
11119,1995,1995
11120,2003,2003
11121,2019,2019
11122,2031,2031
11123,2052,2052
11124,2081,2081
11125,2108,2108
11126,2131,2131
11127,2159,2159
11128,2176,2176
11129,2183,2183
11130,2179,2179
11131,2170,2170
11132,2152,2152
11133,2128,2128
11134,2105,2105
11135,2085,2085
11136,2073,2073
11137,2064,2064
11138,2056,2056
11139,2051,2051
11140,2046,2046
11141,2029,2029
11142,2007,2007
11143,1989,1989
11144,1991,1991
11145,1998,1998
11146,2006,2006
11147,2004,2004
11148,2001,2001
11149,2001,2001
11150,1992,1992
11151,1990,1990
11152,1999,1999
11153,2019,2019
11154,2050,2050
11155,2092,2092
11156,2132,2132
11157,2179,2179
11158,2195,2195
11159,2187,2187
11160,2162,2162
11161,2145,2145
11162,2117,2117
11163,2089,2089
11164,2064,2064
11165,2040,2040
11166,2024,2024
11167,2022,2022
11168,2027,2027
11169,2041,2041
11170,2057,2057
11171,2065,2065
11172,2070,2070
11173,2074,2074
11174,2069,2069
11175,2048,2048
11176,2026,2026
11177,2007,2007
11178,1990,1990
11179,1976,1976
11180,1964,1964
11181,1959,1959
11182,1970,1970
11183,1986,1986
11184,1987,1987
11185,1979,1979
11186,1971,1971
11187,1954,1954
11188,1934,1934
11189,1914,1914
11190,1891,1891
11191,1880,1880
11192,1882,1882
11193,1889,1889
11194,1898,1898
11195,1915,1915
11196,1925,1925
11197,1931,1931
11198,1951,1951
11199,1971,1971
11200,1990,1990
11201,2004,2004
11202,2011,2011
11203,2014,2014
11204,2019,2019
11205,2014,2014
11206,2012,2012
11207,2015,2015
11208,2017,2017
11209,2017,2017
11210,2017,2017
11211,2007,2007
11212,1987,1987
11213,1969,1969
11214,1964,1964
11215,1965,1965
11216,1970,1970
11217,1980,1980
11218,1991,1991
11219,2012,2012
11220,2033,2033
11221,2047,2047
11222,2043,2043
11223,2035,2035
11224,2033,2033
11225,2037,2037
11226,2047,2047
11227,2046,2046
11228,2039,2039
11229,2038,2038
11230,2047,2047
11231,2055,2055
11232,2060,2060
11233,2058,2058
11234,2053,2053
11235,2047,2047
11236,2048,2048
11237,2036,2036
11238,2018,2018
11239,2006,2006
11240,2015,2015
11241,2037,2037
11242,2060,2060
11243,2074,2074
11244,2079,2079
11245,2075,2075
11246,2056,2056
11247,2027,2027
11248,1994,1994
11249,1957,1957
11250,1922,1922
11251,1903,1903
11252,1908,1908
11253,1927,1927
11254,1946,1946
11255,1967,1967
11256,1995,1995
11257,2034,2034
11258,2075,2075
11259,2096,2096
11260,2106,2106
11261,2116,2116
11262,2125,2125
11263,2139,2139
11264,2157,2157
11265,2169,2169
11266,2175,2175
11267,2182,2182
11268,2202,2202
11269,2225,2225
11270,2233,2233
11271,2231,2231
11272,2225,2225
11273,2221,2221
11274,2197,2197
11275,2160,2160
11276,2122,2122
11277,2103,2103
11278,2101,2101
11279,2107,2107
11280,2123,2123
11281,2153,2153
11282,2175,2175
11283,2185,2185
11284,2190,2190
11285,2200,2200
11286,2211,2211
11287,2220,2220
11288,2215,2215
11289,2203,2203
11290,2199,2199
11291,2201,2201
11292,2195,2195
11293,2195,2195
11294,2203,2203
11295,2220,2220
11296,2250,2250
11297,2267,2267
11298,2265,2265
11299,2260,2260
11300,2255,2255
11301,2238,2238
11302,2214,2214
11303,2176,2176
11304,2138,2138
11305,2120,2120
11306,2121,2121
11307,2125,2125
11308,2130,2130
11309,2142,2142
11310,2161,2161
11311,2187,2187
11312,2205,2205
11313,2200,2200
11314,2179,2179
11315,2156,2156
11316,2127,2127
11317,2103,2103
11318,2087,2087
11319,2073,2073
11320,2060,2060
11321,2058,2058
11322,2062,2062
11323,2073,2073
11324,2092,2092
11325,2105,2105
11326,2108,2108
11327,2108,2108
11328,2106,2106
11329,2097,2097
11330,2087,2087
11331,2078,2078
11332,2068,2068
11333,2065,2065
11334,2062,2062
11335,2049,2049
11336,2020,2020
11337,2000,2000
11338,1984,1984
11339,1976,1976
11340,1970,1970
11341,1966,1966
11342,1965,1965
11343,1971,1971
11344,1969,1969
11345,1968,1968
11346,1965,1965
11347,1962,1962
11348,1961,1961
11349,1965,1965
11350,1973,1973
11351,1979,1979
11352,1972,1972
11353,1963,1963
11354,1971,1971
11355,1989,1989
11356,2003,2003
11357,2015,2015
11358,2039,2039
11359,2073,2073
11360,2098,2098
11361,2105,2105
11362,2096,2096
11363,2084,2084
11364,2084,2084
11365,2075,2075
11366,2051,2051
11367,2021,2021
11368,2000,2000
11369,1984,1984
11370,1975,1975
11371,1968,1968
11372,1959,1959
11373,1951,1951
11374,1947,1947
11375,1943,1943
11376,1938,1938
11377,1929,1929
11378,1917,1917
11379,1907,1907
11380,1910,1910
11381,1929,1929
11382,1949,1949
11383,1971,1971
11384,2002,2002
11385,2058,2058
11386,2110,2110
11387,2134,2134
11388,2134,2134
11389,2128,2128
11390,2115,2115
11391,2093,2093
11392,2073,2073
11393,2044,2044
11394,2019,2019
11395,2002,2002
11396,1992,1992
11397,1992,1992
11398,1998,1998
11399,1995,1995
11400,1983,1983
11401,1973,1973
11402,1967,1967
11403,1961,1961
11404,1947,1947
11405,1938,1938
11406,1945,1945
11407,1970,1970
11408,1998,1998
11409,2027,2027
11410,2053,2053
11411,2084,2084
11412,2121,2121
11413,2148,2148
11414,2158,2158
11415,2144,2144
11416,2119,2119
11417,2101,2101
11418,2091,2091
11419,2073,2073
11420,2058,2058
11421,2054,2054
11422,2048,2048
11423,2048,2048
11424,2061,2061
11425,2068,2068
11426,2065,2065
11427,2054,2054
11428,2041,2041
11429,2039,2039
11430,2027,2027
11431,2021,2021
11432,2019,2019
11433,2019,2019
11434,2042,2042
11435,2050,2050
11436,2069,2069
11437,2083,2083
11438,2083,2083
11439,2070,2070
11440,2073,2073
11441,2082,2082
11442,2093,2093
11443,2097,2097
11444,2068,2068
11445,2024,2024
11446,2015,2015
11447,2021,2021
11448,2024,2024
11449,2017,2017
11450,2018,2018
11451,2013,2013
11452,2011,2011
11453,1999,1999
11454,1987,1987
11455,1988,1988
11456,1996,1996
11457,2005,2005
11458,2039,2039
11459,2075,2075
11460,2080,2080
11461,2059,2059
11462,2051,2051
11463,2044,2044
11464,2014,2014
11465,1981,1981
11466,1949,1949
11467,1937,1937
11468,1941,1941
11469,1942,1942
11470,1945,1945
11471,1975,1975
11472,2017,2017
11473,2070,2070
11474,2117,2117
11475,2147,2147
11476,2153,2153
11477,2144,2144
11478,2148,2148
11479,2152,2152
11480,2145,2145
11481,2132,2132
11482,2119,2119
11483,2126,2126
11484,2141,2141
11485,2137,2137
11486,2109,2109
11487,2095,2095
11488,2103,2103
11489,2112,2112
11490,2105,2105
11491,2081,2081
11492,2062,2062
11493,2073,2073
11494,2097,2097
11495,2120,2120
11496,2138,2138
11497,2160,2160
11498,2181,2181
11499,2194,2194
11500,2202,2202
11501,2199,2199
11502,2173,2173
11503,2132,2132
11504,2097,2097
11505,2085,2085
11506,2067,2067
11507,2046,2046
11508,2041,2041
11509,2060,2060
11510,2104,2104
11511,2139,2139
11512,2167,2167
11513,2206,2206
11514,2227,2227
11515,2225,2225
11516,2222,2222
11517,2227,2227
11518,2231,2231
11519,2203,2203
11520,2166,2166
11521,2153,2153
11522,2153,2153
11523,2135,2135
11524,2114,2114
11525,2107,2107
11526,2097,2097
11527,2071,2071
11528,2045,2045
11529,2044,2044
11530,2035,2035
11531,2003,2003
11532,1991,1991
11533,2012,2012
11534,2039,2039
11535,2027,2027
11536,1997,1997
11537,1982,1982
11538,1985,1985
11539,1987,1987
11540,1984,1984
11541,1981,1981
11542,1981,1981
11543,1989,1989
11544,2019,2019
11545,2049,2049
11546,2048,2048
11547,2021,2021
11548,2011,2011
11549,2023,2023
11550,2039,2039
11551,2027,2027
11552,2001,2001
11553,2004,2004
11554,2022,2022
11555,2013,2013
11556,2001,2001
11557,1999,1999
11558,2000,2000
11559,1996,1996
11560,2000,2000
11561,2009,2009
11562,2023,2023
11563,2029,2029
11564,2031,2031
11565,2064,2064
11566,2093,2093
11567,2069,2069
11568,2061,2061
11569,2082,2082
11570,2117,2117
11571,2118,2118
11572,2097,2097
11573,2103,2103
11574,2115,2115
11575,2128,2128
11576,2102,2102
11577,2049,2049
11578,2038,2038
11579,2045,2045
11580,2069,2069
11581,2078,2078
11582,2072,2072
11583,2059,2059
11584,2077,2077
11585,2123,2123
11586,2148,2148
11587,2124,2124
11588,2103,2103
11589,2084,2084
11590,2079,2079
11591,2092,2092
11592,2065,2065
11593,2022,2022
11594,1997,1997
11595,1999,1999
11596,2045,2045
11597,2077,2077
11598,2074,2074
11599,2106,2106
11600,2164,2164
11601,2171,2171
11602,2164,2164
11603,2163,2163
11604,2164,2164
11605,2131,2131
11606,2087,2087
11607,2081,2081
11608,2096,2096
11609,2100,2100
11610,2080,2080
11611,2093,2093
11612,2136,2136
11613,2168,2168
11614,2164,2164
11615,2139,2139
11616,2150,2150
11617,2153,2153
11618,2075,2075
11619,2027,2027
11620,1976,1976
11621,1979,1979
11622,2007,2007
11623,2002,2002
11624,2009,2009
11625,2037,2037
11626,2071,2071
11627,2081,2081
11628,2092,2092
11629,2102,2102
11630,2091,2091
11631,2039,2039
11632,1994,1994
11633,2055,2055
11634,2047,2047
11635,1940,1940
11636,1893,1893
11637,1908,1908
11638,1984,1984
11639,1975,1975
11640,1899,1899
11641,1920,1920
11642,2044,2044
11643,2077,2077
11644,2019,2019
11645,1977,1977
11646,2054,2054
11647,2098,2098
11648,2089,2089
11649,2052,2052
11650,2039,2039
11651,2056,2056
11652,2096,2096
11653,2090,2090
11654,2094,2094
11655,2073,2073
11656,2051,2051
11657,2041,2041
11658,2087,2087
11659,2095,2095
11660,2059,2059
11661,1987,1987
11662,1975,1975
11663,2047,2047
11664,2085,2085
11665,2059,2059
11666,1928,1928
11667,2039,2039
11668,2234,2234
11669,2225,2225
11670,2091,2091
11671,2047,2047
11672,2147,2147
11673,2245,2245
11674,2179,2179
11675,2103,2103
11676,2078,2078
11677,2098,2098
11678,2079,2079
11679,2081,2081
11680,2109,2109
11681,2089,2089
11682,2051,2051
11683,2077,2077
11684,2175,2175
11685,2156,2156
11686,2062,2062
11687,2074,2074
11688,2130,2130
11689,2165,2165
11690,2143,2143
11691,2055,2055
11692,2113,2113
11693,2163,2163
11694,2158,2158
11695,2098,2098
11696,2074,2074
11697,2103,2103
11698,2141,2141
11699,2133,2133
11700,2110,2110
11701,2105,2105
11702,2052,2052
11703,2027,2027
11704,2052,2052
11705,2057,2057
11706,2035,2035
11707,1964,1964
11708,1963,1963
11709,2011,2011
11710,2037,2037
11711,2060,2060
11712,2067,2067
11713,2099,2099
11714,2114,2114
11715,2109,2109
11716,2147,2147
11717,2112,2112
11718,2046,2046
11719,2047,2047
11720,2105,2105
11721,2080,2080
11722,2036,2036
11723,2032,2032
11724,2087,2087
11725,2079,2079
11726,2027,2027
11727,2007,2007
11728,2018,2018
11729,2016,2016
11730,1974,1974
11731,1933,1933
11732,1975,1975
11733,1983,1983
11734,1937,1937
11735,2025,2025
11736,2039,2039
11737,2007,2007
11738,1983,1983
11739,2015,2015
11740,2044,2044
11741,1986,1986
11742,1951,1951
11743,1967,1967
11744,1990,1990
11745,2005,2005
11746,2028,2028
11747,2051,2051
11748,2048,2048
11749,2104,2104
11750,2182,2182
11751,2181,2181
11752,2118,2118
11753,2083,2083
11754,2066,2066
11755,2112,2112
11756,2115,2115
11757,2057,2057
11758,2119,2119
11759,2105,2105
11760,2078,2078
11761,2151,2151
11762,2174,2174
11763,2147,2147
11764,2021,2021
11765,2016,2016
11766,2155,2155
11767,2093,2093
11768,2009,2009
11769,2004,2004
11770,2133,2133
11771,2177,2177
11772,2116,2116
11773,2101,2101
11774,2190,2190
11775,2169,2169
11776,2104,2104
11777,2095,2095
11778,2137,2137
11779,2084,2084
11780,2037,2037
11781,2046,2046
11782,2098,2098
11783,2106,2106
11784,2056,2056
11785,2075,2075
11786,2108,2108
11787,2196,2196
11788,2080,2080
11789,1966,1966
11790,2069,2069
11791,2188,2188
11792,2129,2129
11793,2000,2000
11794,1999,1999
11795,2109,2109
11796,2121,2121
11797,2112,2112
11798,2065,2065
11799,2077,2077
11800,2117,2117
11801,2090,2090
11802,2091,2091
11803,2068,2068
11804,2055,2055
11805,2061,2061
11806,1971,1971
11807,1983,1983
11808,1990,1990
11809,1994,1994
11810,1994,1994
11811,1986,1986
11812,1989,1989
11813,2012,2012
11814,1983,1983
11815,2027,2027
11816,2088,2088
11817,2011,2011
11818,1980,1980
11819,2059,2059
11820,2087,2087
11821,2084,2084
11822,2035,2035
11823,2050,2050
11824,2097,2097
11825,2097,2097
11826,2085,2085
11827,2135,2135
11828,2138,2138
11829,2087,2087
11830,2060,2060
11831,2044,2044
11832,2100,2100
11833,2103,2103
11834,1975,1975
11835,1969,1969
11836,2007,2007
11837,2062,2062
11838,2040,2040
11839,2007,2007
11840,2025,2025
11841,2080,2080
11842,2008,2008
11843,1998,1998
11844,2050,2050
11845,2083,2083
11846,2015,2015
11847,1992,1992
11848,1941,1941
11849,1998,1998
11850,2005,2005
11851,2003,2003
11852,2095,2095
11853,2073,2073
11854,2054,2054
11855,2086,2086
11856,2142,2142
11857,2173,2173
11858,2145,2145
11859,2055,2055
11860,2015,2015
11861,2066,2066
11862,2094,2094
11863,2083,2083
11864,1981,1981
11865,1973,1973
11866,2045,2045
11867,2109,2109
11868,2060,2060
11869,2009,2009
11870,2063,2063
11871,2050,2050
11872,2071,2071
11873,2122,2122
11874,2090,2090
11875,2031,2031
11876,2103,2103
11877,2142,2142
11878,2151,2151
11879,2141,2141
11880,2109,2109
11881,2122,2122
11882,2067,2067
11883,2085,2085
11884,2049,2049
11885,1985,1985
11886,1952,1952
11887,1957,1957
11888,1986,1986
11889,1968,1968
11890,1962,1962
11891,1941,1941
11892,1991,1991
11893,2077,2077
11894,1982,1982
11895,2031,2031
11896,2045,2045
11897,2051,2051
11898,2048,2048
11899,2007,2007
11900,2028,2028
11901,2029,2029
11902,1986,1986
11903,2005,2005
11904,2166,2166
11905,2076,2076
11906,2017,2017
11907,2071,2071
11908,2124,2124
11909,2172,2172
11910,2064,2064
11911,2031,2031
11912,2075,2075
11913,1995,1995
11914,2013,2013
11915,2028,2028
11916,2042,2042
11917,1956,1956
11918,1942,1942
11919,2078,2078
11920,2113,2113
11921,1988,1988
11922,2001,2001
11923,2173,2173
11924,2096,2096
11925,1938,1938
11926,1991,1991
11927,2053,2053
11928,2087,2087
11929,2033,2033
11930,1973,1973
11931,2044,2044
11932,2087,2087
11933,2065,2065
11934,2089,2089
11935,2084,2084
11936,2142,2142
11937,2069,2069
11938,2050,2050
11939,2178,2178
11940,2192,2192
11941,2144,2144
11942,2068,2068
11943,2095,2095
11944,2142,2142
11945,2123,2123
11946,2026,2026
11947,2004,2004
11948,2181,2181
11949,2045,2045
11950,1979,1979
11951,2025,2025
11952,2210,2210
11953,2095,2095
11954,2019,2019
11955,2153,2153
11956,2277,2277
11957,2180,2180
11958,2021,2021
11959,2155,2155
11960,2275,2275
11961,2159,2159
11962,1997,1997
11963,2032,2032
11964,2099,2099
11965,2146,2146
11966,1964,1964
11967,1956,1956
11968,2101,2101
11969,2133,2133
11970,1949,1949
11971,1968,1968
11972,2135,2135
11973,2176,2176
11974,2052,2052
11975,2045,2045
11976,2124,2124
11977,2191,2191
11978,2151,2151
11979,2022,2022
11980,2048,2048
11981,2142,2142
11982,2086,2086
11983,2036,2036
11984,2056,2056
11985,2113,2113
11986,2062,2062
11987,2047,2047
11988,2106,2106
11989,2102,2102
11990,2079,2079
11991,2045,2045
11992,2041,2041
11993,2039,2039
11994,2035,2035
11995,2055,2055
11996,2057,2057
11997,2029,2029
11998,2031,2031
11999,2030,2030
12000,2029,2029
12001,2033,2033
12002,1974,1974
12003,2023,2023
12004,2082,2082
12005,2033,2033
12006,1990,1990
12007,2007,2007
12008,2096,2096
12009,2069,2069
12010,1982,1982
12011,1983,1983
12012,2027,2027
12013,2104,2104
12014,2039,2039
12015,2001,2001
12016,2065,2065
12017,2099,2099
12018,2060,2060
12019,2015,2015
12020,2102,2102
12021,2105,2105
12022,1993,1993
12023,2203,2203
12024,2189,2189
12025,2040,2040
12026,2026,2026
12027,2080,2080
12028,2192,2192
12029,2088,2088
12030,2027,2027
12031,2054,2054
12032,2157,2157
12033,2111,2111
12034,2079,2079
12035,2097,2097
12036,2104,2104
12037,2097,2097
12038,2155,2155
12039,2131,2131
12040,2095,2095
12041,2106,2106
12042,2117,2117
12043,2135,2135
12044,2094,2094
12045,2097,2097
12046,2093,2093
12047,2082,2082
12048,2035,2035
12049,2117,2117
12050,2122,2122
12051,2067,2067
12052,1913,1913
12053,2010,2010
12054,2153,2153
12055,2059,2059
12056,1927,1927
12057,2007,2007
12058,2102,2102
12059,2072,2072
12060,2031,2031
12061,2051,2051
12062,2088,2088
12063,2051,2051
12064,2037,2037
12065,2031,2031
12066,2058,2058
12067,2065,2065
12068,2025,2025
12069,2008,2008
12070,2023,2023
12071,2039,2039
12072,1986,1986
12073,2007,2007
12074,2006,2006
12075,2077,2077
12076,2046,2046
12077,2000,2000
12078,2065,2065
12079,2049,2049
12080,2063,2063
12081,2023,2023
12082,1990,1990
12083,2031,2031
12084,2071,2071
12085,2039,2039
12086,2037,2037
12087,2042,2042
12088,1989,1989
12089,2070,2070
12090,2189,2189
12091,2013,2013
12092,2017,2017
12093,2057,2057
12094,2231,2231
12095,2093,2093
12096,1966,1966
12097,2027,2027
12098,2147,2147
12099,2013,2013
12100,1921,1921
12101,2069,2069
12102,2144,2144
12103,2008,2008
12104,1873,1873
12105,2042,2042
12106,2175,2175
12107,2062,2062
12108,1942,1942
12109,2108,2108
12110,2190,2190
12111,2071,2071
12112,2061,2061
12113,2114,2114
12114,2141,2141
12115,2031,2031
12116,1975,1975
12117,2057,2057
12118,2126,2126
12119,2037,2037
12120,2009,2009
12121,2126,2126
12122,2179,2179
12123,1983,1983
12124,2004,2004
12125,2189,2189
12126,2146,2146
12127,2059,2059
12128,2023,2023
12129,2175,2175
12130,2145,2145
12131,2079,2079
12132,2041,2041
12133,2093,2093
12134,2106,2106
12135,2051,2051
12136,2012,2012
12137,2184,2184
12138,2053,2053
12139,2023,2023
12140,2074,2074
12141,2169,2169
12142,2119,2119
12143,2062,2062
12144,2014,2014
12145,2137,2137
12146,2143,2143
12147,2012,2012
12148,1974,1974
12149,2113,2113
12150,2045,2045
12151,1942,1942
12152,1928,1928
12153,2130,2130
12154,2073,2073
12155,1894,1894
12156,1971,1971
12157,2153,2153
12158,2136,2136
12159,2011,2011
12160,1981,1981
12161,2124,2124
12162,2133,2133
12163,2069,2069
12164,2064,2064
12165,2084,2084
12166,2119,2119
12167,2129,2129
12168,2041,2041
12169,2053,2053
12170,2066,2066
12171,2077,2077
12172,2117,2117
12173,2030,2030
12174,1981,1981
12175,2158,2158
12176,2102,2102
12177,2003,2003
12178,1992,1992
12179,2064,2064
12180,2087,2087
12181,1993,1993
12182,2018,2018
12183,2077,2077
12184,2030,2030
12185,2073,2073
12186,2037,2037
12187,2068,2068
12188,2138,2138
12189,1999,1999
12190,2128,2128
12191,2199,2199
12192,2036,2036
12193,1981,1981
12194,2132,2132
12195,2156,2156
12196,2081,2081
12197,1949,1949
12198,2006,2006
12199,2080,2080
12200,2023,2023
12201,1943,1943
12202,2006,2006
12203,2065,2065
12204,2022,2022
12205,1913,1913
12206,2113,2113
12207,2187,2187
12208,2092,2092
12209,1854,1854
12210,2134,2134
12211,2220,2220
12212,2173,2173
12213,2030,2030
12214,2002,2002
12215,2131,2131
12216,2152,2152
12217,2106,2106
12218,2048,2048
12219,2133,2133
12220,2124,2124
12221,2061,2061
12222,2061,2061
12223,2185,2185
12224,2077,2077
12225,2082,2082
12226,2057,2057
12227,2127,2127
12228,2190,2190
12229,2089,2089
12230,2023,2023
12231,2077,2077
12232,2123,2123
12233,2160,2160
12234,2047,2047
12235,2040,2040
12236,2054,2054
12237,2121,2121
12238,2100,2100
12239,2007,2007
12240,2097,2097
12241,2039,2039
12242,2009,2009
12243,2084,2084
12244,2121,2121
12245,2057,2057
12246,2027,2027
12247,2080,2080
12248,2085,2085
12249,2052,2052
12250,1979,1979
12251,2086,2086
12252,2060,2060
12253,2011,2011
12254,1943,1943
12255,2023,2023
12256,2127,2127
12257,2056,2056
12258,1971,1971
12259,2080,2080
12260,2155,2155
12261,2130,2130
12262,2023,2023
12263,2106,2106
12264,2157,2157
12265,2016,2016
12266,1930,1930
12267,2108,2108
12268,2155,2155
12269,1920,1920
12270,1923,1923
12271,2039,2039
12272,2146,2146
12273,2021,2021
12274,1968,1968
12275,2010,2010
12276,2095,2095
12277,1977,1977
12278,2034,2034
12279,2072,2072
12280,2076,2076
12281,1960,1960
12282,1989,1989
12283,2083,2083
12284,2129,2129
12285,1955,1955
12286,2020,2020
12287,2112,2112
12288,2033,2033
12289,2008,2008
12290,2107,2107
12291,2079,2079
12292,2004,2004
12293,1994,1994
12294,2110,2110
12295,2086,2086
12296,1983,1983
12297,1967,1967
12298,2071,2071
12299,2113,2113
12300,1988,1988
12301,1937,1937
12302,2111,2111
12303,2191,2191
12304,2042,2042
12305,1936,1936
12306,2108,2108
12307,2203,2203
12308,2072,2072
12309,2018,2018
12310,2023,2023
12311,2093,2093
12312,2178,2178
12313,2118,2118
12314,2032,2032
12315,2072,2072
12316,2205,2205
12317,2058,2058
12318,2000,2000
12319,2090,2090
12320,2114,2114
12321,2116,2116
12322,1919,1919
12323,2057,2057
12324,2240,2240
12325,2153,2153
12326,1929,1929
12327,1934,1934
12328,2160,2160
12329,2247,2247
12330,2059,2059
12331,2045,2045
12332,2027,2027
12333,2180,2180
12334,2111,2111
12335,2078,2078
12336,2037,2037
12337,2034,2034
12338,2071,2071
12339,2071,2071
12340,2030,2030
12341,2043,2043
12342,2047,2047
12343,2103,2103
12344,2054,2054
12345,2052,2052
12346,2087,2087
12347,2115,2115
12348,2106,2106
12349,2101,2101
12350,2078,2078
12351,2051,2051
12352,2078,2078
12353,2078,2078
12354,2043,2043
12355,1943,1943
12356,2055,2055
12357,2111,2111
12358,2113,2113
12359,1954,1954
12360,1960,1960
12361,2242,2242
12362,2219,2219
12363,1913,1913
12364,1977,1977
12365,2200,2200
12366,2250,2250
12367,1893,1893
12368,1835,1835
12369,2165,2165
12370,2273,2273
12371,1900,1900
12372,1779,1779
12373,2081,2081
12374,2355,2355
12375,2099,2099
12376,1887,1887
12377,2017,2017
12378,2325,2325
12379,2176,2176
12380,1982,1982
12381,1988,1988
12382,2103,2103
12383,2082,2082
12384,2003,2003
12385,2080,2080
12386,2064,2064
12387,2001,2001
12388,1999,1999
12389,2047,2047
12390,2176,2176
12391,1950,1950
12392,1959,1959
12393,2093,2093
12394,2182,2182
12395,1993,1993
12396,1931,1931
12397,2166,2166
12398,2259,2259
12399,2024,2024
12400,1914,1914
12401,2095,2095
12402,2312,2312
12403,2013,2013
12404,1962,1962
12405,1937,1937
12406,2211,2211
12407,2103,2103
12408,1862,1862
12409,1973,1973
12410,2163,2163
12411,2089,2089
12412,2045,2045
12413,1943,1943
12414,2102,2102
12415,2178,2178
12416,2067,2067
12417,2055,2055
12418,1947,1947
12419,2123,2123
12420,2120,2120
12421,1972,1972
12422,1950,1950
12423,1981,1981
12424,2045,2045
12425,2126,2126
12426,1945,1945
12427,1945,1945
12428,2033,2033
12429,2196,2196
12430,2121,2121
12431,1958,1958
12432,1968,1968
12433,2183,2183
12434,2199,2199
12435,1991,1991
12436,1929,1929
12437,2102,2102
12438,2240,2240
12439,2106,2106
12440,1951,1951
12441,1961,1961
12442,2336,2336
12443,2182,2182
12444,1903,1903
12445,1908,1908
12446,2203,2203
12447,2300,2300
12448,1965,1965
12449,1941,1941
12450,2092,2092
12451,2163,2163
12452,2070,2070
12453,1979,1979
12454,2021,2021
12455,2179,2179
12456,2070,2070
12457,1942,1942
12458,2037,2037
12459,2034,2034
12460,2189,2189
12461,2134,2134
12462,1965,1965
12463,2015,2015
12464,1992,1992
12465,2189,2189
12466,2164,2164
12467,1988,1988
12468,1916,1916
12469,2019,2019
12470,2137,2137
12471,2132,2132
12472,1960,1960
12473,1958,1958
12474,2114,2114
12475,2229,2229
12476,1937,1937
12477,1946,1946
12478,2063,2063
12479,2245,2245
12480,2100,2100
12481,1867,1867
12482,1994,1994
12483,2230,2230
12484,2053,2053
12485,2033,2033
12486,1945,1945
12487,2029,2029
12488,2129,2129
12489,2080,2080
12490,1955,1955
12491,1971,1971
12492,2059,2059
12493,2112,2112
12494,1993,1993
12495,1959,1959
12496,2116,2116
12497,2132,2132
12498,1971,1971
12499,1965,1965
12500,2059,2059
12501,2181,2181
12502,1993,1993
12503,1865,1865
12504,2189,2189
12505,2238,2238
12506,2049,2049
12507,1935,1935
12508,2127,2127
12509,2229,2229
12510,2165,2165
12511,2039,2039
12512,1997,1997
12513,2160,2160
12514,2181,2181
12515,2017,2017
12516,2048,2048
12517,2128,2128
12518,2143,2143
12519,2044,2044
12520,1998,1998
12521,2151,2151
12522,2122,2122
12523,1952,1952
12524,2072,2072
12525,2057,2057
12526,2057,2057
12527,2109,2109
12528,2123,2123
12529,2043,2043
12530,2021,2021
12531,2104,2104
12532,2170,2170
12533,2127,2127
12534,1963,1963
12535,2026,2026
12536,2131,2131
12537,2085,2085
12538,2015,2015
12539,1951,1951
12540,2080,2080
12541,2149,2149
12542,1929,1929
12543,1981,1981
12544,2126,2126
12545,2143,2143
12546,2079,2079
12547,1956,1956
12548,1914,1914
12549,2253,2253
12550,2046,2046
12551,1913,1913
12552,1938,1938
12553,2101,2101
12554,2155,2155
12555,2041,2041
12556,1853,1853
12557,2131,2131
12558,2179,2179
12559,2068,2068
12560,1919,1919
12561,2081,2081
12562,2075,2075
12563,2071,2071
12564,1963,1963
12565,2025,2025
12566,2101,2101
12567,2061,2061
12568,2006,2006
12569,2002,2002
12570,2097,2097
12571,2153,2153
12572,1929,1929
12573,1960,1960
12574,2079,2079
12575,2192,2192
12576,2113,2113
12577,1891,1891
12578,1995,1995
12579,2237,2237
12580,2184,2184
12581,2058,2058
12582,1961,1961
12583,1981,1981
12584,2127,2127
12585,2191,2191
12586,1959,1959
12587,1878,1878
12588,2105,2105
12589,2182,2182
12590,2014,2014
12591,1826,1826
12592,2136,2136
12593,2273,2273
12594,1905,1905
12595,1860,1860
12596,2073,2073
12597,2316,2316
12598,2114,2114
12599,1817,1817
12600,2110,2110
12601,2356,2356
12602,1999,1999
12603,1859,1859
12604,2039,2039
12605,2221,2221
12606,2135,2135
12607,1883,1883
12608,1904,1904
12609,2199,2199
12610,2247,2247
12611,1888,1888
12612,1913,1913
12613,2235,2235
12614,2169,2169
12615,1977,1977
12616,2034,2034
12617,2135,2135
12618,2171,2171
12619,2066,2066
12620,1992,1992
12621,2125,2125
12622,2218,2218
12623,2019,2019
12624,1967,1967
12625,2223,2223
12626,2063,2063
12627,2035,2035
12628,2071,2071
12629,2143,2143
12630,2024,2024
12631,2007,2007
12632,2309,2309
12633,2152,2152
12634,1827,1827
12635,2099,2099
12636,2351,2351
12637,2097,2097
12638,1850,1850
12639,1951,1951
12640,2389,2389
12641,2103,2103
12642,1823,1823
12643,2053,2053
12644,2292,2292
12645,2141,2141
12646,1981,1981
12647,2004,2004
12648,2162,2162
12649,2163,2163
12650,2101,2101
12651,2088,2088
12652,2070,2070
12653,2063,2063
12654,2199,2199
12655,2118,2118
12656,1989,1989
12657,2005,2005
12658,2165,2165
12659,2141,2141
12660,2035,2035
12661,1850,1850
12662,2186,2186
12663,2228,2228
12664,1971,1971
12665,1858,1858
12666,2083,2083
12667,2244,2244
12668,2073,2073
12669,1895,1895
12670,2033,2033
12671,2173,2173
12672,2149,2149
12673,1891,1891
12674,1892,1892
12675,2152,2152
12676,2251,2251
12677,1804,1804
12678,1811,1811
12679,2096,2096
12680,2223,2223
12681,1971,1971
12682,1830,1830
12683,1910,1910
12684,2308,2308
12685,2141,2141
12686,1802,1802
12687,1929,1929
12688,2284,2284
12689,2231,2231
12690,1905,1905
12691,1803,1803
12692,2130,2130
12693,2240,2240
12694,2073,2073
12695,1844,1844
12696,2049,2049
12697,2268,2268
12698,2142,2142
12699,1894,1894
12700,2030,2030
12701,2267,2267
12702,2269,2269
12703,1986,1986
12704,1904,1904
12705,2213,2213
12706,2377,2377
12707,1933,1933
12708,1815,1815
12709,2077,2077
12710,2333,2333
12711,2043,2043
12712,1806,1806
12713,2068,2068
12714,2317,2317
12715,2120,2120
12716,1895,1895
12717,2019,2019
12718,2272,2272
12719,2222,2222
12720,2032,2032
12721,1963,1963
12722,2136,2136
12723,2276,2276
12724,2159,2159
12725,1966,1966
12726,2022,2022
12727,2247,2247
12728,2262,2262
12729,1936,1936
12730,1932,1932
12731,2163,2163
12732,2222,2222
12733,2085,2085
12734,1847,1847
12735,2029,2029
12736,2347,2347
12737,2033,2033
12738,1905,1905
12739,2021,2021
12740,2209,2209
12741,2185,2185
12742,1924,1924
12743,1929,1929
12744,2091,2091
12745,2242,2242
12746,1964,1964
12747,1855,1855
12748,2142,2142
12749,2245,2245
12750,2061,2061
12751,2003,2003
12752,2011,2011
12753,2173,2173
12754,2201,2201
12755,2037,2037
12756,2021,2021
12757,2107,2107
12758,2165,2165
12759,2174,2174
12760,2071,2071
12761,1955,1955
12762,2077,2077
12763,2224,2224
12764,2107,2107
12765,1926,1926
12766,1986,1986
12767,2185,2185
12768,2141,2141
12769,1974,1974
12770,1964,1964
12771,2171,2171
12772,2191,2191
12773,1927,1927
12774,1912,1912
12775,2112,2112
12776,2307,2307
12777,1843,1843
12778,1848,1848
12779,2027,2027
12780,2251,2251
12781,2122,2122
12782,1819,1819
12783,2023,2023
12784,2253,2253
12785,2077,2077
12786,1905,1905
12787,2039,2039
12788,2127,2127
12789,2149,2149
12790,1985,1985
12791,1948,1948
12792,2139,2139
12793,2135,2135
12794,2139,2139
12795,1921,1921
12796,1969,1969
12797,2204,2204
12798,2052,2052
12799,1959,1959
12800,2095,2095
12801,2105,2105
12802,2066,2066
12803,2084,2084
12804,2073,2073
12805,2026,2026
12806,2017,2017
12807,2114,2114
12808,2103,2103
12809,2010,2010
12810,1991,1991
12811,2011,2011
12812,2171,2171
12813,1936,1936
12814,1854,1854
12815,2163,2163
12816,2135,2135
12817,2061,2061
12818,1903,1903
12819,2011,2011
12820,2324,2324
12821,2147,2147
12822,1891,1891
12823,1938,1938
12824,2213,2213
12825,2303,2303
12826,1965,1965
12827,1874,1874
12828,2182,2182
12829,2349,2349
12830,1983,1983
12831,1858,1858
12832,2195,2195
12833,2380,2380
12834,2111,2111
12835,1840,1840
12836,2138,2138
12837,2412,2412
12838,2143,2143
12839,1901,1901
12840,1977,1977
12841,2203,2203
12842,2242,2242
12843,1975,1975
12844,1869,1869
12845,2273,2273
12846,2153,2153
12847,1903,1903
12848,1985,1985
12849,2177,2177
12850,2089,2089
12851,1902,1902
12852,2025,2025
12853,2168,2168
12854,2004,2004
12855,1991,1991
12856,2029,2029
12857,2088,2088
12858,2007,2007
12859,1922,1922
12860,2097,2097
12861,2175,2175
12862,1853,1853
12863,1893,1893
12864,2265,2265
12865,2180,2180
12866,1759,1759
12867,1928,1928
12868,2168,2168
12869,2246,2246
12870,1879,1879
12871,1934,1934
12872,2104,2104
12873,2132,2132
12874,2068,2068
12875,1898,1898
12876,2055,2055
12877,2256,2256
12878,1934,1934
12879,1901,1901
12880,2126,2126
12881,2185,2185
12882,2128,2128
12883,1993,1993
12884,1991,1991
12885,2205,2205
12886,2105,2105
12887,2002,2002
12888,2053,2053
12889,2134,2134
12890,2094,2094
12891,2144,2144
12892,2033,2033
12893,2061,2061
12894,2014,2014
12895,2149,2149
12896,2141,2141
12897,1997,1997
12898,1958,1958
12899,2191,2191
12900,2097,2097
12901,2049,2049
12902,1912,1912
12903,2126,2126
12904,2197,2197
12905,2035,2035
12906,1868,1868
12907,2125,2125
12908,2244,2244
12909,2161,2161
12910,1945,1945
12911,2001,2001
12912,2141,2141
12913,2159,2159
12914,2075,2075
12915,2057,2057
12916,2129,2129
12917,2079,2079
12918,1991,1991
12919,2111,2111
12920,2227,2227
12921,2011,2011
12922,1987,1987
12923,2060,2060
12924,2217,2217
12925,2086,2086
12926,1992,1992
12927,2104,2104
12928,2122,2122
12929,2041,2041
12930,1979,1979
12931,2133,2133
12932,2147,2147
12933,1957,1957
12934,1919,1919
12935,2172,2172
12936,2190,2190
12937,1940,1940
12938,1907,1907
12939,2165,2165
12940,2203,2203
12941,2050,2050
12942,1854,1854
12943,2116,2116
12944,2165,2165
12945,2031,2031
12946,2032,2032
12947,2090,2090
12948,1975,1975
12949,1965,1965
12950,2142,2142
12951,2157,2157
12952,2039,2039
12953,1907,1907
12954,2067,2067
12955,2207,2207
12956,1969,1969
12957,1925,1925
12958,2109,2109
12959,2106,2106
12960,1959,1959
12961,1916,1916
12962,2157,2157
12963,2165,2165
12964,1941,1941
12965,1907,1907
12966,2030,2030
12967,2171,2171
12968,2099,2099
12969,1899,1899
12970,2095,2095
12971,2134,2134
12972,2067,2067
12973,1944,1944
12974,2073,2073
12975,2200,2200
12976,2013,2013
12977,1906,1906
12978,2024,2024
12979,2161,2161
12980,2055,2055
12981,1911,1911
12982,2039,2039
12983,2088,2088
12984,2017,2017
12985,1958,1958
12986,2105,2105
12987,2019,2019
12988,1990,1990
12989,2115,2115
12990,2121,2121
12991,2021,2021
12992,1941,1941
12993,2135,2135
12994,2224,2224
12995,1910,1910
12996,1924,1924
12997,2195,2195
12998,2298,2298
12999,1941,1941
13000,1876,1876
13001,2241,2241
13002,2307,2307
13003,2001,2001
13004,1971,1971
13005,2113,2113
13006,2245,2245
13007,2039,2039
13008,2014,2014
13009,2067,2067
13010,2109,2109
13011,2115,2115
13012,1993,1993
13013,2051,2051
13014,2085,2085
13015,2084,2084
13016,2076,2076
13017,2028,2028
13018,2025,2025
13019,2094,2094
13020,2025,2025
13021,2028,2028
13022,2058,2058
13023,2083,2083
13024,2022,2022
13025,2033,2033
13026,2074,2074
13027,2085,2085
13028,2059,2059
13029,2067,2067
13030,2093,2093
13031,2048,2048
13032,2085,2085
13033,2030,2030
13034,2025,2025
13035,2055,2055
13036,2087,2087
13037,1992,1992
13038,1989,1989
13039,2109,2109
13040,2175,2175
13041,2053,2053
13042,1957,1957
13043,2157,2157
13044,2212,2212
13045,2030,2030
13046,1882,1882
13047,2068,2068
13048,2240,2240
13049,2060,2060
13050,1773,1773
13051,2015,2015
13052,2190,2190
13053,2248,2248
13054,1954,1954
13055,1934,1934
13056,2152,2152
13057,2214,2214
13058,2029,2029
13059,2043,2043
13060,2087,2087
13061,2064,2064
13062,2019,2019
13063,1981,1981
13064,2066,2066
13065,2151,2151
13066,2044,2044
13067,2007,2007
13068,2022,2022
13069,2196,2196
13070,2147,2147
13071,1970,1970
13072,2121,2121
13073,2142,2142
13074,2103,2103
13075,2061,2061
13076,2015,2015
13077,2105,2105
13078,2141,2141
13079,2066,2066
13080,2050,2050
13081,2079,2079
13082,2122,2122
13083,2043,2043
13084,2026,2026
13085,2153,2153
13086,2105,2105
13087,2049,2049
13088,1959,1959
13089,2041,2041
13090,2092,2092
13091,2103,2103
13092,2075,2075
13093,2027,2027
13094,2045,2045
13095,2080,2080
13096,2125,2125
13097,2113,2113
13098,2066,2066
13099,2009,2009
13100,2116,2116
13101,2161,2161
13102,2002,2002
13103,2031,2031
13104,2188,2188
13105,2168,2168
13106,1975,1975
13107,1968,1968
13108,2300,2300
13109,2298,2298
13110,1924,1924
13111,1890,1890
13112,2204,2204
13113,2326,2326
13114,1974,1974
13115,1911,1911
13116,2035,2035
13117,2227,2227
13118,1971,1971
13119,1860,1860
13120,2150,2150
13121,2191,2191
13122,1953,1953
13123,1915,1915
13124,2135,2135
13125,2206,2206
13126,1995,1995
13127,1944,1944
13128,2227,2227
13129,2169,2169
13130,1991,1991
13131,2064,2064
13132,2136,2136
13133,2131,2131
13134,1963,1963
13135,2052,2052
13136,2266,2266
13137,2017,2017
13138,1864,1864
13139,2116,2116
13140,2225,2225
13141,2096,2096
13142,1913,1913
13143,2084,2084
13144,2167,2167
13145,2050,2050
13146,1915,1915
13147,2017,2017
13148,2156,2156
13149,2051,2051
13150,1903,1903
13151,2042,2042
13152,2108,2108
13153,2095,2095
13154,2077,2077
13155,2050,2050
13156,2044,2044
13157,2060,2060
13158,2086,2086
13159,2057,2057
13160,2039,2039
13161,2017,2017
13162,2109,2109
13163,2119,2119
13164,1924,1924
13165,2019,2019
13166,2205,2205
13167,2107,2107
13168,1940,1940
13169,1948,1948
13170,2265,2265
13171,2069,2069
13172,1865,1865
13173,2073,2073
13174,2225,2225
13175,2081,2081
13176,1919,1919
13177,1984,1984
13178,2214,2214
13179,2149,2149
13180,1894,1894
13181,1954,1954
13182,2129,2129
13183,2152,2152
13184,2012,2012
13185,1906,1906
13186,2012,2012
13187,2115,2115
13188,2066,2066
13189,1953,1953
13190,2009,2009
13191,2143,2143
13192,2135,2135
13193,2019,2019
13194,1987,1987
13195,2114,2114
13196,2199,2199
13197,2149,2149
13198,1907,1907
13199,1999,1999
13200,2184,2184
13201,2225,2225
13202,1941,1941
13203,1888,1888
13204,2095,2095
13205,2297,2297
13206,2083,2083
13207,1803,1803
13208,2086,2086
13209,2402,2402
13210,2096,2096
13211,1811,1811
13212,1969,1969
13213,2381,2381
13214,2119,2119
13215,1835,1835
13216,1934,1934
13217,2261,2261
13218,2192,2192
13219,1783,1783
13220,1881,1881
13221,2217,2217
13222,2282,2282
13223,1859,1859
13224,1757,1757
13225,2138,2138
13226,2318,2318
13227,1997,1997
13228,1815,1815
13229,1951,1951
13230,2227,2227
13231,2159,2159
13232,1871,1871
13233,1951,1951
13234,2175,2175
13235,2125,2125
13236,1954,1954
13237,1948,1948
13238,2161,2161
13239,2087,2087
13240,1900,1900
13241,2013,2013
13242,2126,2126
13243,2135,2135
13244,2023,2023
13245,1992,1992
13246,2095,2095
13247,2159,2159
13248,2084,2084
13249,2053,2053
13250,2041,2041
13251,2044,2044
13252,2047,2047
13253,2056,2056
13254,1941,1941
13255,2043,2043
13256,2135,2135
13257,2061,2061
13258,1981,1981
13259,1959,1959
13260,2086,2086
13261,2189,2189
13262,1977,1977
13263,1955,1955
13264,2095,2095
13265,2133,2133
13266,2118,2118
13267,1964,1964
13268,2080,2080
13269,2285,2285
13270,2092,2092
13271,1986,1986
13272,2072,2072
13273,2127,2127
13274,2205,2205
13275,2114,2114
13276,1995,1995
13277,2073,2073
13278,2151,2151
13279,2132,2132
13280,2091,2091
13281,2045,2045
13282,2110,2110
13283,2097,2097
13284,2095,2095
13285,1995,1995
13286,2063,2063
13287,2162,2162
13288,2093,2093
13289,1872,1872
13290,2129,2129
13291,2230,2230
13292,2038,2038
13293,1877,1877
13294,2015,2015
13295,2220,2220
13296,2205,2205
13297,2022,2022
13298,1993,1993
13299,2106,2106
13300,2177,2177
13301,2073,2073
13302,2083,2083
13303,2068,2068
13304,2033,2033
13305,2017,2017
13306,2111,2111
13307,2061,2061
13308,2023,2023
13309,1996,1996
13310,2118,2118
13311,2075,2075
13312,1904,1904
13313,2075,2075
13314,2269,2269
13315,2121,2121
13316,1885,1885
13317,1941,1941
13318,2286,2286
13319,2212,2212
13320,1887,1887
13321,1885,1885
13322,2148,2148
13323,2226,2226
13324,2023,2023
13325,1876,1876
13326,1974,1974
13327,2202,2202
13328,2185,2185
13329,1866,1866
13330,1746,1746
13331,2258,2258
13332,2310,2310
13333,1889,1889
13334,1653,1653
13335,2136,2136
13336,2474,2474
13337,1828,1828
13338,1585,1585
13339,2161,2161
13340,2534,2534
13341,1977,1977
13342,1565,1565
13343,2105,2105
13344,2590,2590
13345,2087,2087
13346,1628,1628
13347,1899,1899
13348,2509,2509
13349,2219,2219
13350,1661,1661
13351,1813,1813
13352,2371,2371
13353,2292,2292
13354,1754,1754
13355,1795,1795
13356,2271,2271
13357,2349,2349
13358,1903,1903
13359,1796,1796
13360,2189,2189
13361,2395,2395
13362,2088,2088
13363,1761,1761
13364,2049,2049
13365,2468,2468
13366,2153,2153
13367,1717,1717
13368,2012,2012
13369,2455,2455
13370,2187,2187
13371,1710,1710
13372,1867,1867
13373,2382,2382
13374,2377,2377
13375,1776,1776
13376,1785,1785
13377,2326,2326
13378,2376,2376
13379,1894,1894
13380,1826,1826
13381,2179,2179
13382,2318,2318
13383,1970,1970
13384,1799,1799
13385,2159,2159
13386,2313,2313
13387,1969,1969
13388,1865,1865
13389,2109,2109
13390,2265,2265
13391,2074,2074
13392,1890,1890
13393,2084,2084
13394,2221,2221
13395,2137,2137
13396,2049,2049
13397,2046,2046
13398,2077,2077
13399,2097,2097
13400,2115,2115
13401,2108,2108
13402,2036,2036
13403,2007,2007
13404,2139,2139
13405,2035,2035
13406,2025,2025
13407,2088,2088
13408,2149,2149
13409,2061,2061
13410,1963,1963
13411,2168,2168
13412,2165,2165
13413,2019,2019
13414,1960,1960
13415,2181,2181
13416,2169,2169
13417,1921,1921
13418,1939,1939
13419,2232,2232
13420,2163,2163
13421,1883,1883
13422,1918,1918
13423,2221,2221
13424,2209,2209
13425,1834,1834
13426,1970,1970
13427,2223,2223
13428,2202,2202
13429,1957,1957
13430,1871,1871
13431,2240,2240
13432,2271,2271
13433,2003,2003
13434,1877,1877
13435,2154,2154
13436,2307,2307
13437,1971,1971
13438,1916,1916
13439,2136,2136
13440,2226,2226
13441,2012,2012
13442,1949,1949
13443,2129,2129
13444,2251,2251
13445,1990,1990
13446,1927,1927
13447,2144,2144
13448,2309,2309
13449,2049,2049
13450,1887,1887
13451,2124,2124
13452,2254,2254
13453,2088,2088
13454,1892,1892
13455,2069,2069
13456,2188,2188
13457,2066,2066
13458,1958,1958
13459,1997,1997
13460,2145,2145
13461,2077,2077
13462,1959,1959
13463,2037,2037
13464,2191,2191
13465,2133,2133
13466,1848,1848
13467,2049,2049
13468,2244,2244
13469,2111,2111
13470,1856,1856
13471,1987,1987
13472,2149,2149
13473,2120,2120
13474,1906,1906
13475,2024,2024
13476,2194,2194
13477,2119,2119
13478,1990,1990
13479,2001,2001
13480,2235,2235
13481,2175,2175
13482,1977,1977
13483,1993,1993
13484,2173,2173
13485,2203,2203
13486,1935,1935
13487,2073,2073
13488,2119,2119
13489,2148,2148
13490,2046,2046
13491,2038,2038
13492,2169,2169
13493,2174,2174
13494,2015,2015
13495,2020,2020
13496,2181,2181
13497,2078,2078
13498,2019,2019
13499,2020,2020
13500,2080,2080
13501,2107,2107
13502,2055,2055
13503,2021,2021
13504,2045,2045
13505,2054,2054
13506,2060,2060
13507,2033,2033
13508,2068,2068
13509,2047,2047
13510,2007,2007
13511,1984,1984
13512,2033,2033
13513,2075,2075
13514,2004,2004
13515,1997,1997
13516,2053,2053
13517,2095,2095
13518,2095,2095
13519,2015,2015
13520,2053,2053
13521,2138,2138
13522,2013,2013
13523,2074,2074
13524,2047,2047
13525,2066,2066
13526,2012,2012
13527,2042,2042
13528,2089,2089
13529,2056,2056
13530,2007,2007
13531,1968,1968
13532,2084,2084
13533,2151,2151
13534,2021,2021
13535,1973,1973
13536,2091,2091
13537,2054,2054
13538,2061,2061
13539,2089,2089
13540,2035,2035
13541,2038,2038
13542,2071,2071
13543,2046,2046
13544,2072,2072
13545,2059,2059
13546,2034,2034
13547,2069,2069
13548,2081,2081
13549,2014,2014
13550,2072,2072
13551,2095,2095
13552,2057,2057
13553,2058,2058
13554,2021,2021
13555,2035,2035
13556,2067,2067
13557,2065,2065
13558,1984,1984
13559,2042,2042
13560,2045,2045
13561,1999,1999
13562,2041,2041
13563,2058,2058
13564,2043,2043
13565,2058,2058
13566,2065,2065
13567,2055,2055
13568,2088,2088
13569,2085,2085
13570,2021,2021
13571,2098,2098
13572,2126,2126
13573,2005,2005
13574,1994,1994
13575,2095,2095
13576,2127,2127
13577,1994,1994
13578,2039,2039
13579,2119,2119
13580,2132,2132
13581,2082,2082
13582,1992,1992
13583,2153,2153
13584,2195,2195
13585,1951,1951
13586,2035,2035
13587,2136,2136
13588,2115,2115
13589,2027,2027
13590,1984,1984
13591,2119,2119
13592,2145,2145
13593,2064,2064
13594,2060,2060
13595,2057,2057
13596,2128,2128
13597,2162,2162
13598,2140,2140
13599,2071,2071
13600,2085,2085
13601,2158,2158
13602,2122,2122
13603,2112,2112
13604,2057,2057
13605,2120,2120
13606,2086,2086
13607,2035,2035
13608,2025,2025
13609,2145,2145
13610,1994,1994
13611,1986,1986
13612,2071,2071
13613,2075,2075
13614,2008,2008
13615,2014,2014
13616,2075,2075
13617,2078,2078
13618,2004,2004
13619,1955,1955
13620,2062,2062
13621,2074,2074
13622,1974,1974
13623,1978,1978
13624,2047,2047
13625,2083,2083
13626,1951,1951
13627,1932,1932
13628,2061,2061
13629,2091,2091
13630,1933,1933
13631,1892,1892
13632,2105,2105
13633,2062,2062
13634,1938,1938
13635,1976,1976
13636,2057,2057
13637,2031,2031
13638,2023,2023
13639,2050,2050
13640,1987,1987
13641,2004,2004
13642,2110,2110
13643,2103,2103
13644,1975,1975
13645,1955,1955
13646,2113,2113
13647,2147,2147
13648,1962,1962
13649,2026,2026
13650,2092,2092
13651,2120,2120
13652,2023,2023
13653,2055,2055
13654,2145,2145
13655,2060,2060
13656,1959,1959
13657,2056,2056
13658,2149,2149
13659,2131,2131
13660,1945,1945
13661,2052,2052
13662,2184,2184
13663,2139,2139
13664,2011,2011
13665,2066,2066
13666,2127,2127
13667,2107,2107
13668,2001,2001
13669,2097,2097
13670,2117,2117
13671,2082,2082
13672,2054,2054
13673,2070,2070
13674,2003,2003
13675,2095,2095
13676,2069,2069
13677,2021,2021
13678,2063,2063
13679,2139,2139
13680,1947,1947
13681,2097,2097
13682,2103,2103
13683,2108,2108
13684,2110,2110
13685,2064,2064
13686,2068,2068
13687,2115,2115
13688,2097,2097
13689,2042,2042
13690,2077,2077
13691,2077,2077
13692,2053,2053
13693,2032,2032
13694,2071,2071
13695,2081,2081
13696,2052,2052
13697,2037,2037
13698,2054,2054
13699,2110,2110
13700,2051,2051
13701,2022,2022
13702,2064,2064
13703,2077,2077
13704,2085,2085
13705,2031,2031
13706,2047,2047
13707,2071,2071
13708,2036,2036
13709,2053,2053
13710,2030,2030
13711,2063,2063
13712,2018,2018
13713,2016,2016
13714,2037,2037
13715,2069,2069
13716,2029,2029
13717,2014,2014
13718,2082,2082
13719,2074,2074
13720,2054,2054
13721,2045,2045
13722,2071,2071
13723,2076,2076
13724,2040,2040
13725,2002,2002
13726,2064,2064
13727,2109,2109
13728,2014,2014
13729,2017,2017
13730,2052,2052
13731,2060,2060
13732,2127,2127
13733,2068,2068
13734,2021,2021
13735,2071,2071
13736,2081,2081
13737,2069,2069
13738,2073,2073
13739,2059,2059
13740,2050,2050
13741,2078,2078
13742,2080,2080
13743,2065,2065
13744,1979,1979
13745,2036,2036
13746,2082,2082
13747,2076,2076
13748,1965,1965
13749,2055,2055
13750,2067,2067
13751,2027,2027
13752,2046,2046
13753,2066,2066
13754,2103,2103
13755,2036,2036
13756,2061,2061
13757,2088,2088
13758,2145,2145
13759,2101,2101
13760,2025,2025
13761,2032,2032
13762,2111,2111
13763,2135,2135
13764,2010,2010
13765,2031,2031
13766,2080,2080
13767,2137,2137
13768,2088,2088
13769,2049,2049
13770,2051,2051
13771,2125,2125
13772,2148,2148
13773,2086,2086
13774,2043,2043
13775,2097,2097
13776,2186,2186
13777,2086,2086
13778,2045,2045
13779,2066,2066
13780,2124,2124
13781,2121,2121
13782,2073,2073
13783,2100,2100
13784,2144,2144
13785,2146,2146
13786,2111,2111
13787,2081,2081
13788,2138,2138
13789,2176,2176
13790,2108,2108
13791,2057,2057
13792,2050,2050
13793,2120,2120
13794,2137,2137
13795,2010,2010
13796,1985,1985
13797,2126,2126
13798,2109,2109
13799,2048,2048
13800,2013,2013
13801,2183,2183
13802,2159,2159
13803,2055,2055
13804,2068,2068
13805,2134,2134
13806,2180,2180
13807,2078,2078
13808,2033,2033
13809,2055,2055
13810,2048,2048
13811,2050,2050
13812,2034,2034
13813,2029,2029
13814,2035,2035
13815,2003,2003
13816,2035,2035
13817,2092,2092
13818,2065,2065
13819,2085,2085
13820,2119,2119
13821,2049,2049
13822,2052,2052
13823,2083,2083
13824,2107,2107
13825,2067,2067
13826,2001,2001
13827,2081,2081
13828,2093,2093
13829,2057,2057
13830,2017,2017
13831,2024,2024
13832,2077,2077
13833,2065,2065
13834,1975,1975
13835,1999,1999
13836,2065,2065
13837,2089,2089
13838,2048,2048
13839,1936,1936
13840,2113,2113
13841,2156,2156
13842,1989,1989
13843,2000,2000
13844,2108,2108
13845,2122,2122
13846,2051,2051
13847,1987,1987
13848,2095,2095
13849,2129,2129
13850,2029,2029
13851,1988,1988
13852,2047,2047
13853,2143,2143
13854,2005,2005
13855,1958,1958
13856,2110,2110
13857,2131,2131
13858,1989,1989
13859,1950,1950
13860,2111,2111
13861,2146,2146
13862,2019,2019
13863,1951,1951
13864,2044,2044
13865,2164,2164
13866,2053,2053
13867,1983,1983
13868,2078,2078
13869,2153,2153
13870,2092,2092
13871,2059,2059
13872,2120,2120
13873,2139,2139
13874,2098,2098
13875,2103,2103
13876,2066,2066
13877,2091,2091
13878,2087,2087
13879,2105,2105
13880,2062,2062
13881,2045,2045
13882,2052,2052
13883,2094,2094
13884,2097,2097
13885,2065,2065
13886,2064,2064
13887,2092,2092
13888,2105,2105
13889,2093,2093
13890,2109,2109
13891,2118,2118
13892,2112,2112
13893,2073,2073
13894,2059,2059
13895,2117,2117
13896,2077,2077
13897,2049,2049
13898,2050,2050
13899,2036,2036
13900,2110,2110
13901,2091,2091
13902,2072,2072
13903,2071,2071
13904,2076,2076
13905,2088,2088
13906,2079,2079
13907,2087,2087
13908,2093,2093
13909,2080,2080
13910,2070,2070
13911,2043,2043
13912,2037,2037
13913,2067,2067
13914,2067,2067
13915,2022,2022
13916,2052,2052
13917,2085,2085
13918,2076,2076
13919,2093,2093
13920,2085,2085
13921,2088,2088
13922,2118,2118
13923,2075,2075
13924,2055,2055
13925,2075,2075
13926,2085,2085
13927,2067,2067
13928,2034,2034
13929,2038,2038
13930,2069,2069
13931,2032,2032
13932,2038,2038
13933,2037,2037
13934,2048,2048
13935,2058,2058
13936,2045,2045
13937,2059,2059
13938,2064,2064
13939,2047,2047
13940,2037,2037
13941,2046,2046
13942,2071,2071
13943,2063,2063
13944,2049,2049
13945,2025,2025
13946,2047,2047
13947,2067,2067
13948,2053,2053
13949,2046,2046
13950,2045,2045
13951,2082,2082
13952,2093,2093
13953,2085,2085
13954,2116,2116
13955,2115,2115
13956,2087,2087
13957,2075,2075
13958,2087,2087
13959,2101,2101
13960,2053,2053
13961,2013,2013
13962,2053,2053
13963,2089,2089
13964,2081,2081
13965,2029,2029
13966,2031,2031
13967,2086,2086
13968,2102,2102
13969,2083,2083
13970,2081,2081
13971,2106,2106
13972,2114,2114
13973,2088,2088
13974,2090,2090
13975,2097,2097
13976,2087,2087
13977,2054,2054
13978,2045,2045
13979,2071,2071
13980,2070,2070
13981,2048,2048
13982,2025,2025
13983,2039,2039
13984,2068,2068
13985,2055,2055
13986,2048,2048
13987,2063,2063
13988,2091,2091
13989,2092,2092
13990,2075,2075
13991,2080,2080
13992,2100,2100
13993,2100,2100
13994,2075,2075
13995,2063,2063
13996,2083,2083
13997,2084,2084
13998,2074,2074
13999,2057,2057
14000,2063,2063
14001,2076,2076
14002,2070,2070
14003,2067,2067
14004,2089,2089
14005,2093,2093
14006,2080,2080
14007,2077,2077
14008,2081,2081
14009,2072,2072
14010,2069,2069
14011,2072,2072
14012,2065,2065
14013,2052,2052
14014,2057,2057
14015,2065,2065
14016,2050,2050
14017,2036,2036
14018,2047,2047
14019,2051,2051
14020,2055,2055
14021,2066,2066
14022,2084,2084
14023,2094,2094
14024,2079,2079
14025,2065,2065
14026,2079,2079
14027,2071,2071
14028,2047,2047
14029,2043,2043
14030,2052,2052
14031,2060,2060
14032,2048,2048
14033,2053,2053
14034,2080,2080
14035,2089,2089
14036,2076,2076
14037,2064,2064
14038,2073,2073
14039,2111,2111
14040,2118,2118
14041,2098,2098
14042,2087,2087
14043,2091,2091
14044,2093,2093
14045,2074,2074
14046,2046,2046
14047,2036,2036
14048,2037,2037
14049,2029,2029
14050,2019,2019
14051,2024,2024
14052,2040,2040
14053,2045,2045
14054,2047,2047
14055,2049,2049
14056,2057,2057
14057,2059,2059
14058,2050,2050
14059,2047,2047
14060,2048,2048
14061,2043,2043
14062,2027,2027
14063,2015,2015
14064,2019,2019
14065,2020,2020
14066,2018,2018
14067,2017,2017
14068,2027,2027
14069,2022,2022
14070,2015,2015
14071,2014,2014
14072,2028,2028
14073,2033,2033
14074,2026,2026
14075,2023,2023
14076,2031,2031
14077,2031,2031
14078,2019,2019
14079,2013,2013
14080,2011,2011
14081,2016,2016
14082,2021,2021
14083,2024,2024
14084,2036,2036
14085,2055,2055
14086,2068,2068
14087,2068,2068
14088,2072,2072
14089,2085,2085
14090,2092,2092
14091,2093,2093
14092,2095,2095
14093,2098,2098
14094,2103,2103
14095,2097,2097
14096,2082,2082
14097,2088,2088
14098,2083,2083
14099,2071,2071
14100,2063,2063
14101,2061,2061
14102,2068,2068
14103,2060,2060
14104,2058,2058
14105,2061,2061
14106,2062,2062
14107,2056,2056
14108,2046,2046
14109,2049,2049
14110,2066,2066
14111,2061,2061
14112,2058,2058
14113,2061,2061
14114,2068,2068
14115,2070,2070
14116,2062,2062
14117,2061,2061
14118,2075,2075
14119,2088,2088
14120,2084,2084
14121,2083,2083
14122,2098,2098
14123,2106,2106
14124,2101,2101
14125,2089,2089
14126,2087,2087
14127,2098,2098
14128,2091,2091
14129,2074,2074
14130,2070,2070
14131,2079,2079
14132,2077,2077
14133,2066,2066
14134,2061,2061
14135,2071,2071
14136,2077,2077
14137,2064,2064
14138,2053,2053
14139,2067,2067
14140,2083,2083
14141,2077,2077
14142,2063,2063
14143,2069,2069
14144,2082,2082
14145,2078,2078
14146,2062,2062
14147,2055,2055
14148,2065,2065
14149,2063,2063
14150,2048,2048
14151,2043,2043
14152,2056,2056
14153,2058,2058
14154,2056,2056
14155,2061,2061
14156,2077,2077
14157,2091,2091
14158,2096,2096
14159,2093,2093
14160,2094,2094
14161,2092,2092
14162,2082,2082
14163,2064,2064
14164,2053,2053
14165,2051,2051
14166,2048,2048
14167,2048,2048
14168,2045,2045
14169,2042,2042
14170,2047,2047
14171,2057,2057
14172,2068,2068
14173,2069,2069
14174,2071,2071
14175,2074,2074
14176,2077,2077
14177,2073,2073
14178,2069,2069
14179,2071,2071
14180,2076,2076
14181,2074,2074
14182,2063,2063
14183,2060,2060
14184,2053,2053
14185,2042,2042
14186,2034,2034
14187,2030,2030
14188,2027,2027
14189,2027,2027
14190,2026,2026
14191,2030,2030
14192,2033,2033
14193,2032,2032
14194,2037,2037
14195,2045,2045
14196,2051,2051
14197,2056,2056
14198,2058,2058
14199,2057,2057
14200,2054,2054
14201,2053,2053
14202,2052,2052
14203,2059,2059
14204,2062,2062
14205,2065,2065
14206,2074,2074
14207,2083,2083
14208,2088,2088
14209,2083,2083
14210,2082,2082
14211,2083,2083
14212,2076,2076
14213,2071,2071
14214,2067,2067
14215,2073,2073
14216,2071,2071
14217,2065,2065
14218,2058,2058
14219,2057,2057
14220,2052,2052
14221,2035,2035
14222,2025,2025
14223,2023,2023
14224,2020,2020
14225,2023,2023
14226,2028,2028
14227,2037,2037
14228,2047,2047
14229,2048,2048
14230,2039,2039
14231,2032,2032
14232,2026,2026
14233,2010,2010
14234,1991,1991
14235,1986,1986
14236,1991,1991
14237,1999,1999
14238,2005,2005
14239,2018,2018
14240,2037,2037
14241,2046,2046
14242,2053,2053
14243,2064,2064
14244,2063,2063
14245,2057,2057
14246,2058,2058
14247,2054,2054
14248,2036,2036
14249,2025,2025
14250,2025,2025
14251,2030,2030
14252,2031,2031
14253,2035,2035
14254,2049,2049
14255,2065,2065
14256,2067,2067
14257,2063,2063
14258,2076,2076
14259,2091,2091
14260,2089,2089
14261,2086,2086
14262,2094,2094
14263,2097,2097
14264,2100,2100
14265,2096,2096
14266,2095,2095
14267,2096,2096
14268,2091,2091
14269,2088,2088
14270,2086,2086
14271,2088,2088
14272,2087,2087
14273,2081,2081
14274,2076,2076
14275,2082,2082
14276,2088,2088
14277,2090,2090
14278,2089,2089
14279,2085,2085
14280,2079,2079
14281,2070,2070
14282,2061,2061
14283,2060,2060
14284,2055,2055
14285,2048,2048
14286,2048,2048
14287,2050,2050
14288,2045,2045
14289,2034,2034
14290,2037,2037
14291,2042,2042
14292,2037,2037
14293,2030,2030
14294,2035,2035
14295,2052,2052
14296,2059,2059
14297,2060,2060
14298,2065,2065
14299,2078,2078
14300,2085,2085
14301,2083,2083
14302,2082,2082
14303,2089,2089
14304,2096,2096
14305,2095,2095
14306,2093,2093
14307,2101,2101
14308,2105,2105
14309,2098,2098
14310,2093,2093
14311,2093,2093
14312,2087,2087
14313,2085,2085
14314,2083,2083
14315,2074,2074
14316,2065,2065
14317,2054,2054
14318,2043,2043
14319,2026,2026
14320,2011,2011
14321,2011,2011
14322,2019,2019
14323,2024,2024
14324,2027,2027
14325,2041,2041
14326,2050,2050
14327,2052,2052
14328,2052,2052
14329,2049,2049
14330,2043,2043
14331,2039,2039
14332,2039,2039
14333,2044,2044
14334,2040,2040
14335,2043,2043
14336,2054,2054
14337,2070,2070
14338,2076,2076
14339,2074,2074
14340,2078,2078
14341,2080,2080
14342,2073,2073
14343,2068,2068
14344,2062,2062
14345,2061,2061
14346,2055,2055
14347,2056,2056
14348,2062,2062
14349,2070,2070
14350,2072,2072
14351,2068,2068
14352,2067,2067
14353,2065,2065
14354,2061,2061
14355,2053,2053
14356,2045,2045
14357,2044,2044
14358,2048,2048
14359,2052,2052
14360,2060,2060
14361,2067,2067
14362,2084,2084
14363,2092,2092
14364,2089,2089
14365,2085,2085
14366,2082,2082
14367,2079,2079
14368,2077,2077
14369,2067,2067
14370,2066,2066
14371,2070,2070
14372,2067,2067
14373,2066,2066
14374,2066,2066
14375,2075,2075
14376,2078,2078
14377,2088,2088
14378,2094,2094
14379,2102,2102
14380,2104,2104
14381,2092,2092
14382,2081,2081
14383,2069,2069
14384,2061,2061
14385,2051,2051
14386,2048,2048
14387,2049,2049
14388,2054,2054
14389,2059,2059
14390,2065,2065
14391,2074,2074
14392,2091,2091
14393,2102,2102
14394,2106,2106
14395,2111,2111
14396,2115,2115
14397,2123,2123
14398,2124,2124
14399,2122,2122
14400,2115,2115
14401,2107,2107
14402,2095,2095
14403,2082,2082
14404,2074,2074
14405,2075,2075
14406,2072,2072
14407,2068,2068
14408,2065,2065
14409,2067,2067
14410,2064,2064
14411,2063,2063
14412,2064,2064
14413,2057,2057
14414,2047,2047
14415,2032,2032
14416,2014,2014
14417,2000,2000
14418,1994,1994
14419,1994,1994
14420,1993,1993
14421,2001,2001
14422,2020,2020
14423,2026,2026
14424,2025,2025
14425,2031,2031
14426,2045,2045
14427,2051,2051
14428,2053,2053
14429,2060,2060
14430,2069,2069
14431,2069,2069
14432,2063,2063
14433,2067,2067
14434,2066,2066
14435,2059,2059
14436,2057,2057
14437,2059,2059
14438,2067,2067
14439,2073,2073
14440,2070,2070
14441,2073,2073
14442,2083,2083
14443,2092,2092
14444,2089,2089
14445,2091,2091
14446,2099,2099
14447,2109,2109
14448,2102,2102
14449,2095,2095
14450,2101,2101
14451,2107,2107
14452,2092,2092
14453,2070,2070
14454,2066,2066
14455,2066,2066
14456,2057,2057
14457,2050,2050
14458,2054,2054
14459,2064,2064
14460,2070,2070
14461,2069,2069
14462,2070,2070
14463,2082,2082
14464,2092,2092
14465,2097,2097
14466,2098,2098
14467,2098,2098
14468,2095,2095
14469,2093,2093
14470,2083,2083
14471,2075,2075
14472,2073,2073
14473,2070,2070
14474,2065,2065
14475,2063,2063
14476,2072,2072
14477,2082,2082
14478,2087,2087
14479,2091,2091
14480,2105,2105
14481,2118,2118
14482,2126,2126
14483,2125,2125
14484,2130,2130
14485,2130,2130
14486,2117,2117
14487,2105,2105
14488,2092,2092
14489,2087,2087
14490,2085,2085
14491,2081,2081
14492,2078,2078
14493,2078,2078
14494,2081,2081
14495,2085,2085
14496,2088,2088
14497,2088,2088
14498,2095,2095
14499,2097,2097
14500,2094,2094
14501,2084,2084
14502,2080,2080
14503,2075,2075
14504,2064,2064
14505,2060,2060
14506,2061,2061
14507,2068,2068
14508,2070,2070
14509,2067,2067
14510,2070,2070
14511,2079,2079
14512,2085,2085
14513,2082,2082
14514,2069,2069
14515,2065,2065
14516,2067,2067
14517,2071,2071
14518,2072,2072
14519,2075,2075
14520,2076,2076
14521,2074,2074
14522,2065,2065
14523,2059,2059
14524,2057,2057
14525,2058,2058
14526,2061,2061
14527,2065,2065
14528,2067,2067
14529,2067,2067
14530,2067,2067
14531,2068,2068
14532,2065,2065
14533,2055,2055
14534,2058,2058
14535,2067,2067
14536,2070,2070
14537,2064,2064
14538,2062,2062
14539,2069,2069
14540,2066,2066
14541,2058,2058
14542,2059,2059
14543,2071,2071
14544,2083,2083
14545,2084,2084
14546,2086,2086
14547,2093,2093
14548,2101,2101
14549,2098,2098
14550,2092,2092
14551,2091,2091
14552,2088,2088
14553,2081,2081
14554,2071,2071
14555,2067,2067
14556,2060,2060
14557,2053,2053
14558,2039,2039
14559,2037,2037
14560,2041,2041
14561,2049,2049
14562,2053,2053
14563,2064,2064
14564,2074,2074
14565,2081,2081
14566,2085,2085
14567,2079,2079
14568,2074,2074
14569,2075,2075
14570,2068,2068
14571,2062,2062
14572,2052,2052
14573,2048,2048
14574,2045,2045
14575,2041,2041
14576,2036,2036
14577,2043,2043
14578,2047,2047
14579,2052,2052
14580,2058,2058
14581,2064,2064
14582,2065,2065
14583,2063,2063
14584,2055,2055
14585,2048,2048
14586,2041,2041
14587,2038,2038
14588,2038,2038
14589,2036,2036
14590,2039,2039
14591,2043,2043
14592,2045,2045
14593,2046,2046
14594,2048,2048
14595,2054,2054
14596,2066,2066
14597,2070,2070
14598,2073,2073
14599,2073,2073
14600,2073,2073
14601,2069,2069
14602,2056,2056
14603,2049,2049
14604,2045,2045
14605,2039,2039
14606,2038,2038
14607,2039,2039
14608,2038,2038
14609,2035,2035
14610,2037,2037
14611,2043,2043
14612,2050,2050
14613,2056,2056
14614,2067,2067
14615,2072,2072
14616,2071,2071
14617,2066,2066
14618,2069,2069
14619,2070,2070
14620,2061,2061
14621,2053,2053
14622,2054,2054
14623,2056,2056
14624,2051,2051
14625,2045,2045
14626,2045,2045
14627,2044,2044
14628,2042,2042
14629,2036,2036
14630,2035,2035
14631,2039,2039
14632,2044,2044
14633,2049,2049
14634,2059,2059
14635,2071,2071
14636,2079,2079
14637,2073,2073
14638,2063,2063
14639,2061,2061
14640,2059,2059
14641,2051,2051
14642,2055,2055
14643,2074,2074
14644,2089,2089
14645,2085,2085
14646,2081,2081
14647,2090,2090
14648,2100,2100
14649,2099,2099
14650,2092,2092
14651,2094,2094
14652,2103,2103
14653,2097,2097
14654,2082,2082
14655,2069,2069
14656,2061,2061
14657,2055,2055
14658,2039,2039
14659,2025,2025
14660,2023,2023
14661,2018,2018
14662,2011,2011
14663,2007,2007
14664,2014,2014
14665,2021,2021
14666,2027,2027
14667,2033,2033
14668,2042,2042
14669,2051,2051
14670,2051,2051
14671,2047,2047
14672,2043,2043
14673,2039,2039
14674,2038,2038
14675,2035,2035
14676,2032,2032
14677,2041,2041
14678,2053,2053
14679,2056,2056
14680,2055,2055
14681,2058,2058
14682,2067,2067
14683,2068,2068
14684,2068,2068
14685,2068,2068
14686,2081,2081
14687,2089,2089
14688,2088,2088
14689,2085,2085
14690,2085,2085
14691,2078,2078
14692,2063,2063
14693,2049,2049
14694,2039,2039
14695,2032,2032
14696,2027,2027
14697,2027,2027
14698,2030,2030
14699,2034,2034
14700,2039,2039
14701,2046,2046
14702,2055,2055
14703,2067,2067
14704,2068,2068
14705,2062,2062
14706,2055,2055
14707,2055,2055
14708,2055,2055
14709,2051,2051
14710,2053,2053
14711,2057,2057
14712,2064,2064
14713,2070,2070
14714,2081,2081
14715,2086,2086
14716,2081,2081
14717,2075,2075
14718,2070,2070
14719,2068,2068
14720,2065,2065
14721,2058,2058
14722,2052,2052
14723,2045,2045
14724,2031,2031
14725,2019,2019
14726,2018,2018
14727,2015,2015
14728,2018,2018
14729,2029,2029
14730,2037,2037
14731,2042,2042
14732,2043,2043
14733,2044,2044
14734,2054,2054
14735,2061,2061
14736,2073,2073
14737,2079,2079
14738,2090,2090
14739,2097,2097
14740,2096,2096
14741,2088,2088
14742,2079,2079
14743,2073,2073
14744,2068,2068
14745,2072,2072
14746,2081,2081
14747,2083,2083
14748,2082,2082
14749,2086,2086
14750,2089,2089
14751,2087,2087
14752,2081,2081
14753,2074,2074
14754,2065,2065
14755,2052,2052
14756,2043,2043
14757,2038,2038
14758,2028,2028
14759,2017,2017
14760,2007,2007
14761,2005,2005
14762,2005,2005
14763,2004,2004
14764,2006,2006
14765,2015,2015
14766,2027,2027
14767,2035,2035
14768,2041,2041
14769,2049,2049
14770,2059,2059
14771,2064,2064
14772,2064,2064
14773,2061,2061
14774,2057,2057
14775,2058,2058
14776,2053,2053
14777,2044,2044
14778,2041,2041
14779,2040,2040
14780,2043,2043
14781,2044,2044
14782,2051,2051
14783,2064,2064
14784,2070,2070
14785,2065,2065
14786,2058,2058
14787,2056,2056
14788,2054,2054
14789,2053,2053
14790,2057,2057
14791,2064,2064
14792,2066,2066
14793,2065,2065
14794,2059,2059
14795,2057,2057
14796,2054,2054
14797,2051,2051
14798,2053,2053
14799,2056,2056
14800,2062,2062
14801,2070,2070
14802,2074,2074
14803,2075,2075
14804,2079,2079
14805,2077,2077
14806,2076,2076
14807,2074,2074
14808,2073,2073
14809,2074,2074
14810,2075,2075
14811,2071,2071
14812,2065,2065
14813,2070,2070
14814,2074,2074
14815,2076,2076
14816,2079,2079
14817,2087,2087
14818,2096,2096
14819,2098,2098
14820,2093,2093
14821,2092,2092
14822,2092,2092
14823,2087,2087
14824,2074,2074
14825,2069,2069
14826,2061,2061
14827,2115,2115
14828,2176,2176
14829,2182,2182
14830,2133,2133
14831,2053,2053
14832,2060,2060
14833,2122,2122
14834,2141,2141
14835,2112,2112
14836,2049,2049
14837,2021,2021
14838,2043,2043
14839,2081,2081
14840,2078,2078
14841,2023,2023
14842,1979,1979
14843,1973,1973
14844,2016,2016
14845,2049,2049
14846,2044,2044
14847,2032,2032
14848,2019,2019
14849,2021,2021
14850,2036,2036
14851,2047,2047
14852,2071,2071
14853,2101,2101
14854,2115,2115
14855,2107,2107
14856,2097,2097
14857,2094,2094
14858,2093,2093
14859,2090,2090
14860,2084,2084
14861,2088,2088
14862,2099,2099
14863,2098,2098
14864,2097,2097
14865,2097,2097
14866,2105,2105
14867,2106,2106
14868,2101,2101
14869,2105,2105
14870,2120,2120
14871,2172,2172
14872,2207,2207
14873,2221,2221
14874,2197,2197
14875,2148,2148
14876,2125,2125
14877,2111,2111
14878,2099,2099
14879,2069,2069
14880,2040,2040
14881,2023,2023
14882,2019,2019
14883,2025,2025
14884,2027,2027
14885,2014,2014
14886,2006,2006
14887,2012,2012
14888,2039,2039
14889,2064,2064
14890,2082,2082
14891,2091,2091
14892,2083,2083
14893,2075,2075
14894,2069,2069
14895,2053,2053
14896,2041,2041
14897,2044,2044
14898,2055,2055
14899,2061,2061
14900,2059,2059
14901,2069,2069
14902,2083,2083
14903,2095,2095
14904,2102,2102
14905,2113,2113
14906,2116,2116
14907,2116,2116
14908,2125,2125
14909,2132,2132
14910,2139,2139
14911,2127,2127
14912,2114,2114
14913,2113,2113
14914,2122,2122
14915,2143,2143
14916,2303,2303
14917,2435,2435
14918,2439,2439
14919,2323,2323
14920,2242,2242
14921,2218,2218
14922,2229,2229
14923,2215,2215
14924,2041,2041
14925,1903,1903
14926,1894,1894
14927,1919,1919
14928,1948,1948
14929,1896,1896
14930,1793,1793
14931,1767,1767
14932,1789,1789
14933,1826,1826
14934,1876,1876
14935,1900,1900
14936,1938,1938
14937,1947,1947
14938,1921,1921
14939,1907,1907
14940,1937,1937
14941,2043,2043
14942,2103,2103
14943,2090,2090
14944,2055,2055
14945,2050,2050
14946,2093,2093
14947,2125,2125
14948,2101,2101
14949,2055,2055
14950,2057,2057
14951,2068,2068
14952,2066,2066
14953,2094,2094
14954,2119,2119
14955,2133,2133
14956,2108,2108
14957,2075,2075
14958,2098,2098
14959,2149,2149
14960,2147,2147
14961,2071,2071
14962,2031,2031
14963,2072,2072
14964,2142,2142
14965,2113,2113
14966,2004,2004
14967,1983,1983
14968,2069,2069
14969,2116,2116
14970,2035,2035
14971,1948,1948
14972,1982,1982
14973,2034,2034
14974,2023,2023
14975,2026,2026
14976,2038,2038
14977,2000,2000
14978,1993,1993
14979,2056,2056
14980,2103,2103
14981,2080,2080
14982,2021,2021
14983,2035,2035
14984,2143,2143
14985,2157,2157
14986,2099,2099
14987,2065,2065
14988,2123,2123
14989,2159,2159
14990,2150,2150
14991,2151,2151
14992,2154,2154
14993,2124,2124
14994,2067,2067
14995,2045,2045
14996,2088,2088
14997,2100,2100
14998,1994,1994
14999,1899,1899
15000,1913,1913
15001,2047,2047
15002,2095,2095
15003,2005,2005
15004,1950,1950
15005,1998,1998
15006,2056,2056
15007,2067,2067
15008,1998,1998
15009,1929,1929
15010,1980,1980
15011,2033,2033
15012,2009,2009
15013,2017,2017
15014,2083,2083
15015,2088,2088
15016,2060,2060
15017,2041,2041
15018,2091,2091
15019,2141,2141
15020,2111,2111
15021,2024,2024
15022,2010,2010
15023,2112,2112
15024,2151,2151
15025,2093,2093
15026,2037,2037
15027,2048,2048
15028,2064,2064
15029,2082,2082
15030,2124,2124
15031,2132,2132
15032,2083,2083
15033,2053,2053
15034,2081,2081
15035,2139,2139
15036,2137,2137
15037,2103,2103
15038,2087,2087
15039,2111,2111
15040,2117,2117
15041,2121,2121
15042,2122,2122
15043,2101,2101
15044,2062,2062
15045,2062,2062
15046,2094,2094
15047,2088,2088
15048,2045,2045
15049,2005,2005
15050,2009,2009
15051,2044,2044
15052,2069,2069
15053,2068,2068
15054,2063,2063
15055,2067,2067
15056,2089,2089
15057,2132,2132
15058,2130,2130
15059,2112,2112
15060,2077,2077
15061,2049,2049
15062,2057,2057
15063,2060,2060
15064,2031,2031
15065,2025,2025
15066,2001,2001
15067,1965,1965
15068,1991,1991
15069,2045,2045
15070,2045,2045
15071,2023,2023
15072,1980,1980
15073,1976,1976
15074,2057,2057
15075,2098,2098
15076,2065,2065
15077,2011,2011
15078,1999,1999
15079,2017,2017
15080,2063,2063
15081,2086,2086
15082,2042,2042
15083,1990,1990
15084,1997,1997
15085,2057,2057
15086,2120,2120
15087,2121,2121
15088,2059,2059
15089,2012,2012
15090,2058,2058
15091,2134,2134
15092,2143,2143
15093,2100,2100
15094,2041,2041
15095,2003,2003
15096,2018,2018
15097,2067,2067
15098,2067,2067
15099,2015,2015
15100,1975,1975
15101,1991,1991
15102,2065,2065
15103,2101,2101
15104,2082,2082
15105,2055,2055
15106,2075,2075
15107,2105,2105
15108,2110,2110
15109,2071,2071
15110,2033,2033
15111,2045,2045
15112,2063,2063
15113,2071,2071
15114,2068,2068
15115,2036,2036
15116,2013,2013
15117,2045,2045
15118,2069,2069
15119,2067,2067
15120,2054,2054
15121,2033,2033
15122,2043,2043
15123,2089,2089
15124,2116,2116
15125,2100,2100
15126,2077,2077
15127,2065,2065
15128,2075,2075
15129,2117,2117
15130,2135,2135
15131,2119,2119
15132,2071,2071
15133,2032,2032
15134,2042,2042
15135,2078,2078
15136,2087,2087
15137,2059,2059
15138,2027,2027
15139,2017,2017
15140,2032,2032
15141,2083,2083
15142,2103,2103
15143,2073,2073
15144,2043,2043
15145,2040,2040
15146,2062,2062
15147,2093,2093
15148,2091,2091
15149,2065,2065
15150,2034,2034
15151,2019,2019
15152,2044,2044
15153,2080,2080
15154,2082,2082
15155,2047,2047
15156,2021,2021
15157,2032,2032
15158,2069,2069
15159,2094,2094
15160,2094,2094
15161,2078,2078
15162,2054,2054
15163,2061,2061
15164,2098,2098
15165,2114,2114
15166,2083,2083
15167,2039,2039
15168,2036,2036
15169,2061,2061
15170,2064,2064
15171,2039,2039
15172,2016,2016
15173,2012,2012
15174,2037,2037
15175,2075,2075
15176,2097,2097
15177,2098,2098
15178,2083,2083
15179,2073,2073
15180,2081,2081
15181,2082,2082
15182,2064,2064
15183,2026,2026
15184,2001,2001
15185,2002,2002
15186,2012,2012
15187,2020,2020
15188,2025,2025
15189,2021,2021
15190,2019,2019
15191,2045,2045
15192,2078,2078
15193,2087,2087
15194,2057,2057
15195,2035,2035
15196,2042,2042
15197,2061,2061
15198,2056,2056
15199,2031,2031
15200,2026,2026
15201,2039,2039
15202,2057,2057
15203,2073,2073
15204,2078,2078
15205,2074,2074
15206,2069,2069
15207,2078,2078
15208,2095,2095
15209,2097,2097
15210,2090,2090
15211,2083,2083
15212,2071,2071
15213,2075,2075
15214,2081,2081
15215,2086,2086
15216,2088,2088
15217,2086,2086
15218,2091,2091
15219,2109,2109
15220,2104,2104
15221,2085,2085
15222,2065,2065
15223,2067,2067
15224,2064,2064
15225,2056,2056
15226,2053,2053
15227,2063,2063
15228,2070,2070
15229,2070,2070
15230,2070,2070
15231,2073,2073
15232,2063,2063
15233,2052,2052
15234,2048,2048
15235,2053,2053
15236,2055,2055
15237,2057,2057
15238,2068,2068
15239,2087,2087
15240,2091,2091
15241,2082,2082
15242,2067,2067
15243,2064,2064
15244,2069,2069
15245,2068,2068
15246,2060,2060
15247,2044,2044
15248,2046,2046
15249,2066,2066
15250,2079,2079
15251,2077,2077
15252,2071,2071
15253,2072,2072
15254,2090,2090
15255,2110,2110
15256,2117,2117
15257,2113,2113
15258,2109,2109
15259,2105,2105
15260,2104,2104
15261,2107,2107
15262,2107,2107
15263,2091,2091
15264,2081,2081
15265,2077,2077
15266,2080,2080
15267,2075,2075
15268,2064,2064
15269,2059,2059
15270,2069,2069
15271,2074,2074
15272,2070,2070
15273,2061,2061
15274,2047,2047
15275,2036,2036
15276,2033,2033
15277,2029,2029
15278,2021,2021
15279,2015,2015
15280,2009,2009
15281,2007,2007
15282,2019,2019
15283,2039,2039
15284,2050,2050
15285,2059,2059
15286,2077,2077
15287,2099,2099
15288,2104,2104
15289,2097,2097
15290,2082,2082
15291,2070,2070
15292,2061,2061
15293,2051,2051
15294,2040,2040
15295,2037,2037
15296,2025,2025
15297,2018,2018
15298,2019,2019
15299,2028,2028
15300,2038,2038
15301,2046,2046
15302,2052,2052
15303,2049,2049
15304,2043,2043
15305,2028,2028
15306,2025,2025
15307,2027,2027
15308,2032,2032
15309,2035,2035
15310,2045,2045
15311,2063,2063
15312,2081,2081
15313,2090,2090
15314,2094,2094
15315,2093,2093
15316,2086,2086
15317,2073,2073
15318,2062,2062
15319,2057,2057
15320,2053,2053
15321,2051,2051
15322,2060,2060
15323,2070,2070
15324,2068,2068
15325,2064,2064
15326,2069,2069
15327,2081,2081
15328,2090,2090
15329,2090,2090
15330,2084,2084
15331,2078,2078
15332,2071,2071
15333,2069,2069
15334,2079,2079
15335,2085,2085
15336,2083,2083
15337,2085,2085
15338,2093,2093
15339,2102,2102
15340,2103,2103
15341,2102,2102
15342,2096,2096
15343,2091,2091
15344,2094,2094
15345,2093,2093
15346,2089,2089
15347,2081,2081
15348,2066,2066
15349,2055,2055
15350,2051,2051
15351,2044,2044
15352,2039,2039
15353,2031,2031
15354,2020,2020
15355,2020,2020
15356,2025,2025
15357,2033,2033
15358,2035,2035
15359,2046,2046
15360,2066,2066
15361,2084,2084
15362,2093,2093
15363,2098,2098
15364,2094,2094
15365,2082,2082
15366,2071,2071
15367,2056,2056
15368,2045,2045
15369,2039,2039
15370,2039,2039
15371,2033,2033
15372,2032,2032
15373,2041,2041
15374,2055,2055
15375,2058,2058
15376,2061,2061
15377,2068,2068
15378,2073,2073
15379,2073,2073
15380,2071,2071
15381,2067,2067
15382,2067,2067
15383,2064,2064
15384,2060,2060
15385,2054,2054
15386,2048,2048
15387,2045,2045
15388,2044,2044
15389,2047,2047
15390,2050,2050
15391,2054,2054
15392,2051,2051
15393,2054,2054
15394,2065,2065
15395,2077,2077
15396,2078,2078
15397,2071,2071
15398,2060,2060
15399,2057,2057
15400,2053,2053
15401,2052,2052
15402,2047,2047
15403,2044,2044
15404,2050,2050
15405,2060,2060
15406,2077,2077
15407,2087,2087
15408,2094,2094
15409,2103,2103
15410,2110,2110
15411,2118,2118
15412,2114,2114
15413,2105,2105
15414,2095,2095
15415,2091,2091
15416,2082,2082
15417,2071,2071
15418,2062,2062
15419,2058,2058
15420,2058,2058
15421,2063,2063
15422,2075,2075
15423,2085,2085
15424,2080,2080
15425,2079,2079
15426,2083,2083
15427,2085,2085
15428,2081,2081
15429,2078,2078
15430,2082,2082
15431,2087,2087
15432,2083,2083
15433,2076,2076
15434,2071,2071
15435,2062,2062
15436,2048,2048
15437,2037,2037
15438,2039,2039
15439,2046,2046
15440,2041,2041
15441,2030,2030
15442,2030,2030
15443,2033,2033
15444,2037,2037
15445,2043,2043
15446,2048,2048
15447,2046,2046
15448,2041,2041
15449,2034,2034
15450,2033,2033
15451,2037,2037
15452,2039,2039
15453,2035,2035
15454,2030,2030
15455,2033,2033
15456,2033,2033
15457,2027,2027
15458,2020,2020
15459,2023,2023
15460,2033,2033
15461,2036,2036
15462,2037,2037
15463,2043,2043
15464,2053,2053
15465,2063,2063
15466,2068,2068
15467,2067,2067
15468,2062,2062
15469,2055,2055
15470,2045,2045
15471,2038,2038
15472,2037,2037
15473,2042,2042
15474,2049,2049
15475,2056,2056
15476,2069,2069
15477,2087,2087
15478,2100,2100
15479,2107,2107
15480,2113,2113
15481,2121,2121
15482,2123,2123
15483,2117,2117
15484,2105,2105
15485,2087,2087
15486,2066,2066
15487,2047,2047
15488,2033,2033
15489,2021,2021
15490,2014,2014
15491,2011,2011
15492,2019,2019
15493,2030,2030
15494,2048,2048
15495,2067,2067
15496,2078,2078
15497,2085,2085
15498,2088,2088
15499,2094,2094
15500,2102,2102
15501,2105,2105
15502,2102,2102
15503,2108,2108
15504,2105,2105
15505,2103,2103
15506,2098,2098
15507,2104,2104
15508,2112,2112
15509,2112,2112
15510,2100,2100
15511,2094,2094
15512,2102,2102
15513,2099,2099
15514,2084,2084
15515,2066,2066
15516,2054,2054
15517,2051,2051
15518,2042,2042
15519,2037,2037
15520,2032,2032
15521,2028,2028
15522,2030,2030
15523,2035,2035
15524,2049,2049
15525,2066,2066
15526,2077,2077
15527,2087,2087
15528,2092,2092
15529,2096,2096
15530,2083,2083
15531,2060,2060
15532,2047,2047
15533,2046,2046
15534,2052,2052
15535,2051,2051
15536,2042,2042
15537,2033,2033
15538,2030,2030
15539,2031,2031
15540,2035,2035
15541,2040,2040
15542,2045,2045
15543,2047,2047
15544,2055,2055
15545,2071,2071
15546,2080,2080
15547,2075,2075
15548,2068,2068
15549,2063,2063
15550,2060,2060
15551,2056,2056
15552,2057,2057
15553,2063,2063
15554,2066,2066
15555,2064,2064
15556,2065,2065
15557,2072,2072
15558,2077,2077
15559,2071,2071
15560,2063,2063
15561,2053,2053
15562,2043,2043
15563,2036,2036
15564,2030,2030
15565,2031,2031
15566,2038,2038
15567,2052,2052
15568,2067,2067
15569,2089,2089
15570,2105,2105
15571,2111,2111
15572,2107,2107
15573,2105,2105
15574,2099,2099
15575,2096,2096
15576,2095,2095
15577,2098,2098
15578,2105,2105
15579,2110,2110
15580,2116,2116
15581,2123,2123
15582,2129,2129
15583,2130,2130
15584,2126,2126
15585,2119,2119
15586,2117,2117
15587,2107,2107
15588,2098,2098
15589,2090,2090
15590,2087,2087
15591,2081,2081
15592,2076,2076
15593,2071,2071
15594,2065,2065
15595,2065,2065
15596,2069,2069
15597,2078,2078
15598,2084,2084
15599,2087,2087
15600,2089,2089
15601,2096,2096
15602,2106,2106
15603,2110,2110
15604,2109,2109
15605,2107,2107
15606,2103,2103
15607,2096,2096
15608,2078,2078
15609,2058,2058
15610,2039,2039
15611,2027,2027
15612,2023,2023
15613,2023,2023
15614,2026,2026
15615,2033,2033
15616,2040,2040
15617,2041,2041
15618,2037,2037
15619,2033,2033
15620,2027,2027
15621,2029,2029
15622,2036,2036
15623,2042,2042
15624,2046,2046
15625,2051,2051
15626,2058,2058
15627,2064,2064
15628,2071,2071
15629,2079,2079
15630,2083,2083
15631,2083,2083
15632,2073,2073
15633,2067,2067
15634,2070,2070
15635,2073,2073
15636,2063,2063
15637,2055,2055
15638,2051,2051
15639,2060,2060
15640,2080,2080
15641,2090,2090
15642,2099,2099
15643,2102,2102
15644,2097,2097
15645,2087,2087
15646,2075,2075
15647,2074,2074
15648,2062,2062
15649,2051,2051
15650,2055,2055
15651,2070,2070
15652,2077,2077
15653,2071,2071
15654,2061,2061
15655,2049,2049
15656,2051,2051
15657,2054,2054
15658,2058,2058
15659,2062,2062
15660,2068,2068
15661,2079,2079
15662,2096,2096
15663,2111,2111
15664,2119,2119
15665,2116,2116
15666,2112,2112
15667,2112,2112
15668,2110,2110
15669,2109,2109
15670,2099,2099
15671,2080,2080
15672,2062,2062
15673,2049,2049
15674,2043,2043
15675,2040,2040
15676,2039,2039
15677,2037,2037
15678,2039,2039
15679,2046,2046
15680,2057,2057
15681,2061,2061
15682,2056,2056
15683,2054,2054
15684,2056,2056
15685,2060,2060
15686,2064,2064
15687,2063,2063
15688,2056,2056
15689,2046,2046
15690,2037,2037
15691,2030,2030
15692,2021,2021
15693,2007,2007
15694,1997,1997
15695,1996,1996
15696,1998,1998
15697,2001,2001
15698,2007,2007
15699,2018,2018
15700,2031,2031
15701,2047,2047
15702,2058,2058
15703,2070,2070
15704,2078,2078
15705,2081,2081
15706,2083,2083
15707,2081,2081
15708,2083,2083
15709,2077,2077
15710,2061,2061
15711,2041,2041
15712,2036,2036
15713,2043,2043
15714,2045,2045
15715,2037,2037
15716,2027,2027
15717,2026,2026
15718,2038,2038
15719,2055,2055
15720,2076,2076
15721,2088,2088
15722,2096,2096
15723,2102,2102
15724,2107,2107
15725,2110,2110
15726,2101,2101
15727,2090,2090
15728,2084,2084
15729,2084,2084
15730,2091,2091
15731,2089,2089
15732,2089,2089
15733,2088,2088
15734,2096,2096
15735,2094,2094
15736,2084,2084
15737,2066,2066
15738,2055,2055
15739,2050,2050
15740,2046,2046
15741,2044,2044
15742,2052,2052
15743,2083,2083
15744,2106,2106
15745,2121,2121
15746,2144,2144
15747,2163,2163
15748,2163,2163
15749,2159,2159
15750,2149,2149
15751,2135,2135
15752,2110,2110
15753,2079,2079
15754,2041,2041
15755,2014,2014
15756,1991,1991
15757,1983,1983
15758,1979,1979
15759,1993,1993
15760,2003,2003
15761,2017,2017
15762,2040,2040
15763,2065,2065
15764,2090,2090
15765,2110,2110
15766,2120,2120
15767,2128,2128
15768,2133,2133
15769,2134,2134
15770,2128,2128
15771,2121,2121
15772,2109,2109
15773,2093,2093
15774,2071,2071
15775,2055,2055
15776,2043,2043
15777,2039,2039
15778,2033,2033
15779,2031,2031
15780,2025,2025
15781,2033,2033
15782,2039,2039
15783,2049,2049
15784,2062,2062
15785,2065,2065
15786,2060,2060
15787,2055,2055
15788,2048,2048
15789,2043,2043
15790,2042,2042
15791,2033,2033
15792,2024,2024
15793,2015,2015
15794,2012,2012
15795,2011,2011
15796,2009,2009
15797,2001,2001
15798,1998,1998
15799,1994,1994
15800,1995,1995
15801,2001,2001
15802,2011,2011
15803,2021,2021
15804,2028,2028
15805,2042,2042
15806,2064,2064
15807,2081,2081
15808,2091,2091
15809,2098,2098
15810,2104,2104
15811,2096,2096
15812,2082,2082
15813,2069,2069
15814,2063,2063
15815,2064,2064
15816,2068,2068
15817,2071,2071
15818,2078,2078
15819,2080,2080
15820,2077,2077
15821,2075,2075
15822,2071,2071
15823,2062,2062
15824,2053,2053
15825,2038,2038
15826,2030,2030
15827,2034,2034
15828,2039,2039
15829,2040,2040
15830,2043,2043
15831,2049,2049
15832,2053,2053
15833,2073,2073
15834,2089,2089
15835,2099,2099
15836,2103,2103
15837,2099,2099
15838,2090,2090
15839,2080,2080
15840,2069,2069
15841,2058,2058
15842,2043,2043
15843,2038,2038
15844,2037,2037
15845,2043,2043
15846,2053,2053
15847,2060,2060
15848,2071,2071
15849,2083,2083
15850,2097,2097
15851,2114,2114
15852,2122,2122
15853,2127,2127
15854,2118,2118
15855,2109,2109
15856,2092,2092
15857,2071,2071
15858,2049,2049
15859,2027,2027
15860,2008,2008
15861,2002,2002
15862,1996,1996
15863,1993,1993
15864,1991,1991
15865,1997,1997
15866,2006,2006
15867,2015,2015
15868,2022,2022
15869,2028,2028
15870,2034,2034
15871,2034,2034
15872,2034,2034
15873,2039,2039
15874,2046,2046
15875,2045,2045
15876,2037,2037
15877,2031,2031
15878,2033,2033
15879,2035,2035
15880,2043,2043
15881,2047,2047
15882,2048,2048
15883,2047,2047
15884,2042,2042
15885,2039,2039
15886,2036,2036
15887,2030,2030
15888,2026,2026
15889,2031,2031
15890,2037,2037
15891,2046,2046
15892,2052,2052
15893,2059,2059
15894,2070,2070
15895,2076,2076
15896,2071,2071
15897,2064,2064
15898,2055,2055
15899,2050,2050
15900,2043,2043
15901,2037,2037
15902,2031,2031
15903,2031,2031
15904,2032,2032
15905,2040,2040
15906,2051,2051
15907,2058,2058
15908,2063,2063
15909,2067,2067
15910,2077,2077
15911,2087,2087
15912,2095,2095
15913,2095,2095
15914,2094,2094
15915,2092,2092
15916,2093,2093
15917,2093,2093
15918,2091,2091
15919,2086,2086
15920,2088,2088
15921,2093,2093
15922,2101,2101
15923,2098,2098
15924,2098,2098
15925,2099,2099
15926,2105,2105
15927,2113,2113
15928,2112,2112
15929,2099,2099
15930,2082,2082
15931,2072,2072
15932,2070,2070
15933,2078,2078
15934,2087,2087
15935,2090,2090
15936,2092,2092
15937,2097,2097
15938,2099,2099
15939,2108,2108
15940,2111,2111
15941,2102,2102
15942,2086,2086
15943,2073,2073
15944,2066,2066
15945,2059,2059
15946,2055,2055
15947,2050,2050
15948,2053,2053
15949,2065,2065
15950,2073,2073
15951,2082,2082
15952,2090,2090
15953,2094,2094
15954,2090,2090
15955,2083,2083
15956,2079,2079
15957,2080,2080
15958,2074,2074
15959,2063,2063
15960,2050,2050
15961,2043,2043
15962,2039,2039
15963,2034,2034
15964,2034,2034
15965,2035,2035
15966,2043,2043
15967,2046,2046
15968,2048,2048
15969,2052,2052
15970,2059,2059
15971,2062,2062
15972,2061,2061
15973,2067,2067
15974,2069,2069
15975,2065,2065
15976,2058,2058
15977,2046,2046
15978,2041,2041
15979,2044,2044
15980,2044,2044
15981,2047,2047
15982,2056,2056
15983,2069,2069
15984,2082,2082
15985,2097,2097
15986,2107,2107
15987,2109,2109
15988,2101,2101
15989,2091,2091
15990,2078,2078
15991,2066,2066
15992,2057,2057
15993,2054,2054
15994,2048,2048
15995,2040,2040
15996,2035,2035
15997,2039,2039
15998,2041,2041
15999,2043,2043
16000,2050,2050
16001,2059,2059
16002,2069,2069
16003,2079,2079
16004,2087,2087
16005,2094,2094
16006,2102,2102
16007,2104,2104
16008,2098,2098
16009,2090,2090
16010,2080,2080
16011,2065,2065
16012,2052,2052
16013,2049,2049
16014,2047,2047
16015,2044,2044
16016,2048,2048
16017,2056,2056
16018,2063,2063
16019,2075,2075
16020,2089,2089
16021,2105,2105
16022,2125,2125
16023,2144,2144
16024,2157,2157
16025,2162,2162
16026,2156,2156
16027,2140,2140
16028,2117,2117
16029,2087,2087
16030,2055,2055
16031,2031,2031
16032,2010,2010
16033,1997,1997
16034,1993,1993
16035,1990,1990
16036,1995,1995
16037,2004,2004
16038,2010,2010
16039,2023,2023
16040,2038,2038
16041,2052,2052
16042,2059,2059
16043,2063,2063
16044,2062,2062
16045,2059,2059
16046,2057,2057
16047,2055,2055
16048,2055,2055
16049,2050,2050
16050,2045,2045
16051,2039,2039
16052,2041,2041
16053,2041,2041
16054,2038,2038
16055,2039,2039
16056,2048,2048
16057,2055,2055
16058,2062,2062
16059,2066,2066
16060,2075,2075
16061,2090,2090
16062,2102,2102
16063,2114,2114
16064,2127,2127
16065,2139,2139
16066,2149,2149
16067,2155,2155
16068,2160,2160
16069,2158,2158
16070,2150,2150
16071,2135,2135
16072,2116,2116
16073,2102,2102
16074,2092,2092
16075,2081,2081
16076,2068,2068
16077,2054,2054
16078,2037,2037
16079,2030,2030
16080,2030,2030
16081,2027,2027
16082,2022,2022
16083,2021,2021
16084,2025,2025
16085,2034,2034
16086,2045,2045
16087,2060,2060
16088,2072,2072
16089,2082,2082
16090,2087,2087
16091,2083,2083
16092,2077,2077
16093,2067,2067
16094,2057,2057
16095,2050,2050
16096,2045,2045
16097,2041,2041
16098,2040,2040
16099,2039,2039
16100,2038,2038
16101,2045,2045
16102,2057,2057
16103,2068,2068
16104,2071,2071
16105,2077,2077
16106,2081,2081
16107,2085,2085
16108,2084,2084
16109,2086,2086
16110,2083,2083
16111,2078,2078
16112,2069,2069
16113,2061,2061
16114,2055,2055
16115,2049,2049
16116,2035,2035
16117,2025,2025
16118,2019,2019
16119,2019,2019
16120,2022,2022
16121,2031,2031
16122,2034,2034
16123,2040,2040
16124,2048,2048
16125,2063,2063
16126,2073,2073
16127,2076,2076
16128,2071,2071
16129,2069,2069
16130,2066,2066
16131,2058,2058
16132,2043,2043
16133,2030,2030
16134,2021,2021
16135,2020,2020
16136,2023,2023
16137,2029,2029
16138,2035,2035
16139,2041,2041
16140,2045,2045
16141,2048,2048
16142,2050,2050
16143,2053,2053
16144,2057,2057
16145,2065,2065
16146,2069,2069
16147,2069,2069
16148,2073,2073
16149,2081,2081
16150,2086,2086
16151,2086,2086
16152,2082,2082
16153,2076,2076
16154,2074,2074
16155,2068,2068
16156,2063,2063
16157,2060,2060
16158,2058,2058
16159,2064,2064
16160,2071,2071
16161,2081,2081
16162,2085,2085
16163,2085,2085
16164,2075,2075
16165,2073,2073
16166,2081,2081
16167,2093,2093
16168,2098,2098
16169,2101,2101
16170,2101,2101
16171,2098,2098
16172,2098,2098
16173,2094,2094
16174,2085,2085
16175,2073,2073
16176,2060,2060
16177,2052,2052
16178,2050,2050
16179,2049,2049
16180,2047,2047
16181,2048,2048
16182,2048,2048
16183,2043,2043
16184,2042,2042
16185,2039,2039
16186,2041,2041
16187,2045,2045
16188,2052,2052
16189,2064,2064
16190,2070,2070
16191,2075,2075
16192,2076,2076
16193,2076,2076
16194,2071,2071
16195,2065,2065
16196,2059,2059
16197,2054,2054
16198,2054,2054
16199,2057,2057
16200,2064,2064
16201,2068,2068
16202,2071,2071
16203,2071,2071
16204,2069,2069
16205,2064,2064
16206,2057,2057
16207,2057,2057
16208,2065,2065
16209,2073,2073
16210,2074,2074
16211,2072,2072
16212,2071,2071
16213,2066,2066
16214,2053,2053
16215,2043,2043
16216,2037,2037
16217,2035,2035
16218,2031,2031
16219,2029,2029
16220,2036,2036
16221,2048,2048
16222,2057,2057
16223,2063,2063
16224,2074,2074
16225,2081,2081
16226,2087,2087
16227,2085,2085
16228,2079,2079
16229,2073,2073
16230,2066,2066
16231,2059,2059
16232,2052,2052
16233,2052,2052
16234,2059,2059
16235,2062,2062
16236,2064,2064
16237,2064,2064
16238,2060,2060
16239,2062,2062
16240,2069,2069
16241,2079,2079
16242,2089,2089
16243,2097,2097
16244,2099,2099
16245,2099,2099
16246,2098,2098
16247,2095,2095
16248,2090,2090
16249,2081,2081
16250,2076,2076
16251,2079,2079
16252,2083,2083
16253,2089,2089
16254,2090,2090
16255,2090,2090
16256,2091,2091
16257,2096,2096
16258,2097,2097
16259,2094,2094
16260,2095,2095
16261,2090,2090
16262,2087,2087
16263,2081,2081
16264,2078,2078
16265,2071,2071
16266,2067,2067
16267,2062,2062
16268,2062,2062
16269,2067,2067
16270,2077,2077
16271,2087,2087
16272,2095,2095
16273,2098,2098
16274,2099,2099
16275,2106,2106
16276,2104,2104
16277,2094,2094
16278,2083,2083
16279,2073,2073
16280,2061,2061
16281,2046,2046
16282,2030,2030
16283,2014,2014
16284,2015,2015
16285,2026,2026
16286,2043,2043
16287,2049,2049
16288,2047,2047
16289,2049,2049
16290,2064,2064
16291,2090,2090
16292,2108,2108
16293,2114,2114
16294,2113,2113
16295,2105,2105
16296,2102,2102
16297,2097,2097
16298,2090,2090
16299,2083,2083
16300,2073,2073
16301,2066,2066
16302,2068,2068
16303,2075,2075
16304,2078,2078
16305,2072,2072
16306,2066,2066
16307,2066,2066
16308,2073,2073
16309,2078,2078
16310,2074,2074
16311,2068,2068
16312,2063,2063
16313,2070,2070
16314,2078,2078
16315,2078,2078
16316,2072,2072
16317,2071,2071
16318,2072,2072
16319,2071,2071
16320,2064,2064
16321,2048,2048
16322,2027,2027
16323,2009,2009
16324,2005,2005
16325,2005,2005
16326,2009,2009
16327,2011,2011
16328,2020,2020
16329,2033,2033
16330,2049,2049
16331,2061,2061
16332,2066,2066
16333,2070,2070
16334,2070,2070
16335,2066,2066
16336,2068,2068
16337,2071,2071
16338,2077,2077
16339,2087,2087
16340,2090,2090
16341,2095,2095
16342,2102,2102
16343,2109,2109
16344,2108,2108
16345,2103,2103
16346,2098,2098
16347,2090,2090
16348,2078,2078
16349,2067,2067
16350,2058,2058
16351,2053,2053
16352,2047,2047
16353,2046,2046
16354,2048,2048
16355,2049,2049
16356,2051,2051
16357,2057,2057
16358,2063,2063
16359,2075,2075
16360,2079,2079
16361,2086,2086
16362,2089,2089
16363,2091,2091
16364,2087,2087
16365,2080,2080
16366,2074,2074
16367,2060,2060
16368,2051,2051
16369,2042,2042
16370,2037,2037
16371,2033,2033
16372,2027,2027
16373,2023,2023
16374,2031,2031
16375,2043,2043
16376,2055,2055
16377,2060,2060
16378,2066,2066
16379,2070,2070
16380,2065,2065
16381,2059,2059
16382,2050,2050
16383,2040,2040
16384,2029,2029
16385,2021,2021
16386,2013,2013
16387,2006,2006
16388,2002,2002
16389,1998,1998
16390,2001,2001
16391,2003,2003
16392,2006,2006
16393,2012,2012
16394,2021,2021
16395,2033,2033
16396,2042,2042
16397,2052,2052
16398,2060,2060
16399,2060,2060
16400,2061,2061
16401,2063,2063
16402,2074,2074
16403,2080,2080
16404,2083,2083
16405,2078,2078
16406,2075,2075
16407,2066,2066
16408,2060,2060
16409,2050,2050
16410,2043,2043
16411,2038,2038
16412,2037,2037
16413,2041,2041
16414,2051,2051
16415,2063,2063
16416,2068,2068
16417,2075,2075
16418,2081,2081
16419,2091,2091
16420,2098,2098
16421,2094,2094
16422,2082,2082
16423,2071,2071
16424,2064,2064
16425,2062,2062
16426,2057,2057
16427,2051,2051
16428,2046,2046
16429,2043,2043
16430,2043,2043
16431,2041,2041
16432,2043,2043
16433,2048,2048
16434,2051,2051
16435,2057,2057
16436,2065,2065
16437,2073,2073
16438,2079,2079
16439,2083,2083
16440,2086,2086
16441,2091,2091
16442,2099,2099
16443,2103,2103
16444,2101,2101
16445,2097,2097
16446,2093,2093
16447,2086,2086
16448,2079,2079
16449,2070,2070
16450,2059,2059
16451,2047,2047
16452,2038,2038
16453,2034,2034
16454,2039,2039
16455,2043,2043
16456,2050,2050
16457,2056,2056
16458,2069,2069
16459,2079,2079
16460,2089,2089
16461,2095,2095
16462,2093,2093
16463,2089,2089
16464,2080,2080
16465,2068,2068
16466,2052,2052
16467,2032,2032
16468,2018,2018
16469,2007,2007
16470,2003,2003
16471,2010,2010
16472,2021,2021
16473,2032,2032
16474,2039,2039
16475,2048,2048
16476,2060,2060
16477,2074,2074
16478,2082,2082
16479,2084,2084
16480,2081,2081
16481,2081,2081
16482,2079,2079
16483,2073,2073
16484,2065,2065
16485,2057,2057
16486,2051,2051
16487,2045,2045
16488,2039,2039
16489,2039,2039
16490,2039,2039
16491,2039,2039
16492,2041,2041
16493,2045,2045
16494,2048,2048
16495,2047,2047
16496,2051,2051
16497,2056,2056
16498,2066,2066
16499,2078,2078
16500,2092,2092
16501,2099,2099
16502,2104,2104
16503,2098,2098
16504,2093,2093
16505,2090,2090
16506,2083,2083
16507,2077,2077
16508,2071,2071
16509,2069,2069
16510,2061,2061
16511,2061,2061
16512,2058,2058
16513,2059,2059
16514,2058,2058
16515,2059,2059
16516,2070,2070
16517,2081,2081
16518,2092,2092
16519,2098,2098
16520,2099,2099
16521,2091,2091
16522,2076,2076
16523,2057,2057
16524,2043,2043
16525,2033,2033
16526,2029,2029
16527,2027,2027
16528,2030,2030
16529,2036,2036
16530,2051,2051
16531,2063,2063
16532,2074,2074
16533,2082,2082
16534,2089,2089
16535,2092,2092
16536,2092,2092
16537,2085,2085
16538,2081,2081
16539,2077,2077
16540,2074,2074
16541,2069,2069
16542,2066,2066
16543,2070,2070
16544,2080,2080
16545,2088,2088
16546,2094,2094
16547,2093,2093
16548,2086,2086
16549,2071,2071
16550,2057,2057
16551,2051,2051
16552,2047,2047
16553,2044,2044
16554,2039,2039
16555,2037,2037
16556,2035,2035
16557,2032,2032
16558,2030,2030
16559,2029,2029
16560,2031,2031
16561,2036,2036
16562,2039,2039
16563,2042,2042
16564,2045,2045
16565,2041,2041
16566,2038,2038
16567,2030,2030
16568,2021,2021
16569,2013,2013
16570,2002,2002
16571,1999,1999
16572,2001,2001
16573,2004,2004
16574,2007,2007
16575,2009,2009
16576,2012,2012
16577,2023,2023
16578,2033,2033
16579,2044,2044
16580,2051,2051
16581,2059,2059
16582,2061,2061
16583,2059,2059
16584,2063,2063
16585,2066,2066
16586,2069,2069
16587,2074,2074
16588,2074,2074
16589,2069,2069
16590,2065,2065
16591,2055,2055
16592,2047,2047
16593,2042,2042
16594,2043,2043
16595,2044,2044
16596,2047,2047
16597,2052,2052
16598,2056,2056
16599,2060,2060
16600,2070,2070
16601,2082,2082
16602,2091,2091
16603,2096,2096
16604,2098,2098
16605,2095,2095
16606,2087,2087
16607,2077,2077
16608,2070,2070
16609,2063,2063
16610,2056,2056
16611,2055,2055
16612,2060,2060
16613,2066,2066
16614,2071,2071
16615,2072,2072
16616,2075,2075
16617,2079,2079
16618,2083,2083
16619,2084,2084
16620,2083,2083
16621,2079,2079
16622,2074,2074
16623,2068,2068
16624,2063,2063
16625,2059,2059
16626,2063,2063
16627,2063,2063
16628,2063,2063
16629,2059,2059
16630,2059,2059
16631,2067,2067
16632,2075,2075
16633,2078,2078
16634,2078,2078
16635,2080,2080
16636,2077,2077
16637,2074,2074
16638,2074,2074
16639,2076,2076
16640,2080,2080
16641,2080,2080
16642,2079,2079
16643,2082,2082
16644,2085,2085
16645,2087,2087
16646,2085,2085
16647,2085,2085
16648,2091,2091
16649,2101,2101
16650,2107,2107
16651,2107,2107
16652,2108,2108
16653,2107,2107
16654,2102,2102
16655,2090,2090
16656,2081,2081
16657,2071,2071
16658,2064,2064
16659,2061,2061
16660,2064,2064
16661,2070,2070
16662,2083,2083
16663,2097,2097
16664,2107,2107
16665,2112,2112
16666,2120,2120
16667,2127,2127
16668,2128,2128
16669,2128,2128
16670,2123,2123
16671,2117,2117
16672,2112,2112
16673,2107,2107
16674,2100,2100
16675,2095,2095
16676,2092,2092
16677,2089,2089
16678,2089,2089
16679,2090,2090
16680,2096,2096
16681,2096,2096
16682,2095,2095
16683,2091,2091
16684,2088,2088
16685,2088,2088
16686,2090,2090
16687,2085,2085
16688,2084,2084
16689,2083,2083
16690,2082,2082
16691,2082,2082
16692,2081,2081
16693,2081,2081
16694,2082,2082
16695,2085,2085
16696,2090,2090
16697,2098,2098
16698,2111,2111
16699,2117,2117
16700,2121,2121
16701,2120,2120
16702,2120,2120
16703,2119,2119
16704,2108,2108
16705,2094,2094
16706,2081,2081
16707,2073,2073
16708,2066,2066
16709,2062,2062
16710,2061,2061
16711,2063,2063
16712,2068,2068
16713,2074,2074
16714,2077,2077
16715,2077,2077
16716,2078,2078
16717,2075,2075
16718,2065,2065
16719,2064,2064
16720,2067,2067
16721,2069,2069
16722,2067,2067
16723,2061,2061
16724,2056,2056
16725,2049,2049
16726,2044,2044
16727,2041,2041
16728,2040,2040
16729,2043,2043
16730,2049,2049
16731,2054,2054
16732,2061,2061
16733,2064,2064
16734,2060,2060
16735,2052,2052
16736,2041,2041
16737,2034,2034
16738,2029,2029
16739,2026,2026
16740,2022,2022
16741,2024,2024
16742,2029,2029
16743,2032,2032
16744,2035,2035
16745,2035,2035
16746,2033,2033
16747,2040,2040
16748,2043,2043
16749,2050,2050
16750,2058,2058
16751,2064,2064
16752,2068,2068
16753,2079,2079
16754,2089,2089
16755,2098,2098
16756,2101,2101
16757,2093,2093
16758,2084,2084
16759,2075,2075
16760,2071,2071
16761,2069,2069
16762,2065,2065
16763,2059,2059
16764,2053,2053
16765,2046,2046
16766,2047,2047
16767,2053,2053
16768,2058,2058
16769,2062,2062
16770,2062,2062
16771,2070,2070
16772,2077,2077
16773,2084,2084
16774,2087,2087
16775,2087,2087
16776,2085,2085
16777,2079,2079
16778,2070,2070
16779,2068,2068
16780,2054,2054
16781,2048,2048
16782,2050,2050
16783,2054,2054
16784,2060,2060
16785,2065,2065
16786,2063,2063
16787,2064,2064
16788,2063,2063
16789,2064,2064
16790,2063,2063
16791,2060,2060
16792,2059,2059
16793,2061,2061
16794,2065,2065
16795,2072,2072
16796,2075,2075
16797,2077,2077
16798,2079,2079
16799,2082,2082
16800,2088,2088
16801,2098,2098
16802,2110,2110
16803,2112,2112
16804,2105,2105
16805,2100,2100
16806,2095,2095
16807,2091,2091
16808,2083,2083
16809,2068,2068
16810,2053,2053
16811,2038,2038
16812,2029,2029
16813,2025,2025
16814,2031,2031
16815,2039,2039
16816,2045,2045
16817,2054,2054
16818,2061,2061
16819,2068,2068
16820,2075,2075
16821,2076,2076
16822,2074,2074
16823,2071,2071
16824,2067,2067
16825,2065,2065
16826,2061,2061
16827,2055,2055
16828,2056,2056
16829,2057,2057
16830,2058,2058
16831,2063,2063
16832,2066,2066
16833,2070,2070
16834,2074,2074
16835,2084,2084
16836,2072,2072
16837,2065,2065
16838,2077,2077
16839,2068,2068
16840,2070,2070
16841,2079,2079
16842,2058,2058
16843,2068,2068
16844,2068,2068
16845,2053,2053
16846,2064,2064
16847,2058,2058
16848,2034,2034
16849,2024,2024
16850,2019,2019
16851,2021,2021
16852,2023,2023
16853,2027,2027
16854,2025,2025
16855,2037,2037
16856,2043,2043
16857,2052,2052
16858,2056,2056
16859,2055,2055
16860,2061,2061
16861,2063,2063
16862,2056,2056
16863,2058,2058
16864,2056,2056
16865,2048,2048
16866,2042,2042
16867,2039,2039
16868,2044,2044
16869,2062,2062
16870,2073,2073
16871,2074,2074
16872,2078,2078
16873,2077,2077
16874,2073,2073
16875,2074,2074
16876,2065,2065
16877,2056,2056
16878,2054,2054
16879,2050,2050
16880,2053,2053
16881,2060,2060
16882,2065,2065
16883,2068,2068
16884,2072,2072
16885,2075,2075
16886,2080,2080
16887,2078,2078
16888,2070,2070
16889,2062,2062
16890,2056,2056
16891,2046,2046
16892,2039,2039
16893,2032,2032
16894,2027,2027
16895,2023,2023
16896,2019,2019
16897,2013,2013
16898,2010,2010
16899,2007,2007
16900,1998,1998
16901,1993,1993
16902,1991,1991
16903,1995,1995
16904,2002,2002
16905,2007,2007
16906,2014,2014
16907,2025,2025
16908,2033,2033
16909,2037,2037
16910,2039,2039
16911,2042,2042
16912,2041,2041
16913,2043,2043
16914,2043,2043
16915,2043,2043
16916,2045,2045
16917,2051,2051
16918,2062,2062
16919,2073,2073
16920,2080,2080
16921,2086,2086
16922,2089,2089
16923,2092,2092
16924,2091,2091
16925,2082,2082
16926,2070,2070
16927,2060,2060
16928,2050,2050
16929,2045,2045
16930,2048,2048
16931,2048,2048
16932,2052,2052
16933,2059,2059
16934,2061,2061
16935,2062,2062
16936,2064,2064
16937,2067,2067
16938,2070,2070
16939,2067,2067
16940,2065,2065
16941,2062,2062
16942,2061,2061
16943,2062,2062
16944,2064,2064
16945,2060,2060
16946,2052,2052
16947,2043,2043
16948,2038,2038
16949,2040,2040
16950,2049,2049
16951,2056,2056
16952,2058,2058
16953,2061,2061
16954,2063,2063
16955,2067,2067
16956,2074,2074
16957,2080,2080
16958,2081,2081
16959,2081,2081
16960,2075,2075
16961,2067,2067
16962,2064,2064
16963,2063,2063
16964,2065,2065
16965,2061,2061
16966,2068,2068
16967,2081,2081
16968,2095,2095
16969,2107,2107
16970,2111,2111
16971,2106,2106
16972,2100,2100
16973,2087,2087
16974,2079,2079
16975,2074,2074
16976,2071,2071
16977,2068,2068
16978,2056,2056
16979,2047,2047
16980,2047,2047
16981,2051,2051
16982,2055,2055
16983,2054,2054
16984,2054,2054
16985,2054,2054
16986,2054,2054
16987,2055,2055
16988,2051,2051
16989,2048,2048
16990,2038,2038
16991,2027,2027
16992,2015,2015
16993,2007,2007
16994,2003,2003
16995,1998,1998
16996,1995,1995
16997,1997,1997
16998,2004,2004
16999,2015,2015
17000,2025,2025
17001,2036,2036
17002,2047,2047
17003,2052,2052
17004,2056,2056
17005,2059,2059
17006,2065,2065
17007,2070,2070
17008,2075,2075
17009,2076,2076
17010,2077,2077
17011,2076,2076
17012,2077,2077
17013,2076,2076
17014,2073,2073
17015,2074,2074
17016,2075,2075
17017,2080,2080
17018,2081,2081
17019,2088,2088
17020,2094,2094
17021,2097,2097
17022,2097,2097
17023,2099,2099
17024,2095,2095
17025,2094,2094
17026,2095,2095
17027,2099,2099
17028,2107,2107
17029,2114,2114
17030,2118,2118
17031,2117,2117
17032,2113,2113
17033,2112,2112
17034,2102,2102
17035,2097,2097
17036,2094,2094
17037,2097,2097
17038,2104,2104
17039,2107,2107
17040,2109,2109
17041,2109,2109
17042,2107,2107
17043,2103,2103
17044,2096,2096
17045,2089,2089
17046,2079,2079
17047,2071,2071
17048,2069,2069
17049,2067,2067
17050,2073,2073
17051,2080,2080
17052,2089,2089
17053,2091,2091
17054,2094,2094
17055,2097,2097
17056,2099,2099
17057,2099,2099
17058,2096,2096
17059,2093,2093
17060,2090,2090
17061,2083,2083
17062,2074,2074
17063,2064,2064
17064,2057,2057
17065,2049,2049
17066,2043,2043
17067,2046,2046
17068,2050,2050
17069,2057,2057
17070,2059,2059
17071,2063,2063
17072,2060,2060
17073,2056,2056
17074,2046,2046
17075,2037,2037
17076,2028,2028
17077,2017,2017
17078,2007,2007
17079,1996,1996
17080,1990,1990
17081,1987,1987
17082,1982,1982
17083,1989,1989
17084,1998,1998
17085,2009,2009
17086,2015,2015
17087,2017,2017
17088,2022,2022
17089,2028,2028
17090,2032,2032
17091,2034,2034
17092,2035,2035
17093,2038,2038
17094,2040,2040
17095,2041,2041
17096,2037,2037
17097,2036,2036
17098,2032,2032
17099,2028,2028
17100,2028,2028
17101,2035,2035
17102,2045,2045
17103,2057,2057
17104,2066,2066
17105,2076,2076
17106,2089,2089
17107,2096,2096
17108,2103,2103
17109,2106,2106
17110,2111,2111
17111,2118,2118
17112,2119,2119
17113,2119,2119
17114,2113,2113
17115,2107,2107
17116,2102,2102
17117,2095,2095
17118,2093,2093
17119,2087,2087
17120,2087,2087
17121,2087,2087
17122,2089,2089
17123,2096,2096
17124,2106,2106
17125,2115,2115
17126,2119,2119
17127,2123,2123
17128,2127,2127
17129,2128,2128
17130,2124,2124
17131,2120,2120
17132,2112,2112
17133,2103,2103
17134,2096,2096
17135,2093,2093
17136,2093,2093
17137,2097,2097
17138,2098,2098
17139,2102,2102
17140,2105,2105
17141,2111,2111
17142,2111,2111
17143,2109,2109
17144,2098,2098
17145,2085,2085
17146,2075,2075
17147,2068,2068
17148,2061,2061
17149,2058,2058
17150,2055,2055
17151,2053,2053
17152,2053,2053
17153,2051,2051
17154,2047,2047
17155,2045,2045
17156,2043,2043
17157,2042,2042
17158,2041,2041
17159,2041,2041
17160,2045,2045
17161,2045,2045
17162,2042,2042
17163,2044,2044
17164,2049,2049
17165,2056,2056
17166,2058,2058
17167,2055,2055
17168,2055,2055
17169,2058,2058
17170,2065,2065
17171,2072,2072
17172,2078,2078
17173,2083,2083
17174,2083,2083
17175,2083,2083
17176,2087,2087
17177,2095,2095
17178,2097,2097
17179,2097,2097
17180,2091,2091
17181,2080,2080
17182,2073,2073
17183,2068,2068
17184,2061,2061
17185,2051,2051
17186,2042,2042
17187,2036,2036
17188,2035,2035
17189,2035,2035
17190,2039,2039
17191,2041,2041
17192,2042,2042
17193,2045,2045
17194,2049,2049
17195,2057,2057
17196,2067,2067
17197,2070,2070
17198,2067,2067
17199,2062,2062
17200,2061,2061
17201,2055,2055
17202,2050,2050
17203,2053,2053
17204,2061,2061
17205,2069,2069
17206,2075,2075
17207,2079,2079
17208,2083,2083
17209,2085,2085
17210,2086,2086
17211,2085,2085
17212,2079,2079
17213,2078,2078
17214,2075,2075
17215,2069,2069
17216,2069,2069
17217,2071,2071
17218,2073,2073
17219,2073,2073
17220,2078,2078
17221,2081,2081
17222,2079,2079
17223,2076,2076
17224,2075,2075
17225,2071,2071
17226,2062,2062
17227,2049,2049
17228,2037,2037
17229,2032,2032
17230,2029,2029
17231,2031,2031
17232,2036,2036
17233,2039,2039
17234,2041,2041
17235,2042,2042
17236,2047,2047
17237,2048,2048
17238,2048,2048
17239,2047,2047
17240,2051,2051
17241,2055,2055
17242,2058,2058
17243,2059,2059
17244,2059,2059
17245,2058,2058
17246,2055,2055
17247,2050,2050
17248,2048,2048
17249,2046,2046
17250,2048,2048
17251,2047,2047
17252,2046,2046
17253,2048,2048
17254,2046,2046
17255,2038,2038
17256,2029,2029
17257,2023,2023
17258,2020,2020
17259,2025,2025
17260,2029,2029
17261,2031,2031
17262,2035,2035
17263,2037,2037
17264,2043,2043
17265,2050,2050
17266,2056,2056
17267,2060,2060
17268,2060,2060
17269,2065,2065
17270,2061,2061
17271,2061,2061
17272,2064,2064
17273,2061,2061
17274,2062,2062
17275,2067,2067
17276,2077,2077
17277,2082,2082
17278,2085,2085
17279,2085,2085
17280,2084,2084
17281,2081,2081
17282,2075,2075
17283,2069,2069
17284,2065,2065
17285,2061,2061
17286,2053,2053
17287,2050,2050
17288,2047,2047
17289,2051,2051
17290,2056,2056
17291,2055,2055
17292,2058,2058
17293,2064,2064
17294,2073,2073
17295,2077,2077
17296,2078,2078
17297,2073,2073
17298,2072,2072
17299,2069,2069
17300,2059,2059
17301,2057,2057
17302,2060,2060
17303,2065,2065
17304,2067,2067
17305,2070,2070
17306,2074,2074
17307,2077,2077
17308,2084,2084
17309,2086,2086
17310,2091,2091
17311,2095,2095
17312,2094,2094
17313,2090,2090
17314,2085,2085
17315,2079,2079
17316,2071,2071
17317,2064,2064
17318,2060,2060
17319,2060,2060
17320,2063,2063
17321,2070,2070
17322,2077,2077
17323,2078,2078
17324,2079,2079
17325,2079,2079
17326,2076,2076
17327,2071,2071
17328,2066,2066
17329,2058,2058
17330,2051,2051
17331,2043,2043
17332,2038,2038
17333,2035,2035
17334,2034,2034
17335,2034,2034
17336,2037,2037
17337,2046,2046
17338,2055,2055
17339,2064,2064
17340,2062,2062
17341,2061,2061
17342,2054,2054
17343,2052,2052
17344,2051,2051
17345,2053,2053
17346,2059,2059
17347,2065,2065
17348,2075,2075
17349,2083,2083
17350,2088,2088
17351,2094,2094
17352,2091,2091
17353,2087,2087
17354,2081,2081
17355,2079,2079
17356,2082,2082
17357,2088,2088
17358,2093,2093
17359,2093,2093
17360,2097,2097
17361,2095,2095
17362,2093,2093
17363,2088,2088
17364,2087,2087
17365,2079,2079
17366,2075,2075
17367,2069,2069
17368,2068,2068
17369,2069,2069
17370,2071,2071
17371,2071,2071
17372,2072,2072
17373,2075,2075
17374,2079,2079
17375,2076,2076
17376,2076,2076
17377,2074,2074
17378,2073,2073
17379,2073,2073
17380,2076,2076
17381,2076,2076
17382,2077,2077
17383,2074,2074
17384,2073,2073
17385,2073,2073
17386,2076,2076
17387,2083,2083
17388,2087,2087
17389,2090,2090
17390,2099,2099
17391,2104,2104
17392,2109,2109
17393,2112,2112
17394,2112,2112
17395,2112,2112
17396,2103,2103
17397,2098,2098
17398,2087,2087
17399,2076,2076
17400,2065,2065
17401,2055,2055
17402,2047,2047
17403,2038,2038
17404,2030,2030
17405,2025,2025
17406,2023,2023
17407,2023,2023
17408,2024,2024
17409,2027,2027
17410,2031,2031
17411,2043,2043
17412,2051,2051
17413,2057,2057
17414,2057,2057
17415,2050,2050
17416,2047,2047
17417,2041,2041
17418,2037,2037
17419,2041,2041
17420,2040,2040
17421,2042,2042
17422,2044,2044
17423,2049,2049
17424,2055,2055
17425,2061,2061
17426,2066,2066
17427,2066,2066
17428,2066,2066
17429,2063,2063
17430,2062,2062
17431,2063,2063
17432,2067,2067
17433,2072,2072
17434,2076,2076
17435,2071,2071
17436,2067,2067
17437,2064,2064
17438,2059,2059
17439,2057,2057
17440,2057,2057
17441,2061,2061
17442,2065,2065
17443,2069,2069
17444,2071,2071
17445,2077,2077
17446,2087,2087
17447,2094,2094
17448,2094,2094
17449,2095,2095
17450,2098,2098
17451,2103,2103
17452,2103,2103
17453,2103,2103
17454,2097,2097
17455,2095,2095
17456,2093,2093
17457,2094,2094
17458,2092,2092
17459,2092,2092
17460,2087,2087
17461,2088,2088
17462,2089,2089
17463,2089,2089
17464,2091,2091
17465,2086,2086
17466,2078,2078
17467,2069,2069
17468,2053,2053
17469,2041,2041
17470,2028,2028
17471,2022,2022
17472,2017,2017
17473,2018,2018
17474,2017,2017
17475,2021,2021
17476,2024,2024
17477,2029,2029
17478,2043,2043
17479,2056,2056
17480,2069,2069
17481,2075,2075
17482,2074,2074
17483,2070,2070
17484,2059,2059
17485,2049,2049
17486,2042,2042
17487,2033,2033
17488,2025,2025
17489,2018,2018
17490,2021,2021
17491,2027,2027
17492,2035,2035
17493,2044,2044
17494,2047,2047
17495,2046,2046
17496,2048,2048
17497,2049,2049
17498,2052,2052
17499,2054,2054
17500,2052,2052
17501,2055,2055
17502,2057,2057
17503,2057,2057
17504,2053,2053
17505,2046,2046
17506,2044,2044
17507,2042,2042
17508,2040,2040
17509,2041,2041
17510,2044,2044
17511,2046,2046
17512,2048,2048
17513,2048,2048
17514,2049,2049
17515,2048,2048
17516,2047,2047
17517,2044,2044
17518,2041,2041
17519,2038,2038
17520,2037,2037
17521,2037,2037
17522,2047,2047
17523,2055,2055
17524,2066,2066
17525,2079,2079
17526,2089,2089
17527,2093,2093
17528,2094,2094
17529,2097,2097
17530,2099,2099
17531,2097,2097
17532,2093,2093
17533,2089,2089
17534,2087,2087
17535,2083,2083
17536,2075,2075
17537,2069,2069
17538,2061,2061
17539,2056,2056
17540,2052,2052
17541,2050,2050
17542,2047,2047
17543,2048,2048
17544,2051,2051
17545,2055,2055
17546,2061,2061
17547,2068,2068
17548,2076,2076
17549,2085,2085
17550,2093,2093
17551,2099,2099
17552,2100,2100
17553,2095,2095
17554,2090,2090
17555,2082,2082
17556,2074,2074
17557,2071,2071
17558,2072,2072
17559,2080,2080
17560,2087,2087
17561,2093,2093
17562,2095,2095
17563,2095,2095
17564,2090,2090
17565,2085,2085
17566,2082,2082
17567,2081,2081
17568,2077,2077
17569,2071,2071
17570,2064,2064
17571,2060,2060
17572,2053,2053
17573,2043,2043
17574,2039,2039
17575,2037,2037
17576,2040,2040
17577,2045,2045
17578,2049,2049
17579,2049,2049
17580,2045,2045
17581,2039,2039
17582,2035,2035
17583,2025,2025
17584,2023,2023
17585,2021,2021
17586,2015,2015
17587,2013,2013
17588,2013,2013
17589,2014,2014
17590,2019,2019
17591,2026,2026
17592,2033,2033
17593,2043,2043
17594,2049,2049
17595,2057,2057
17596,2063,2063
17597,2066,2066
17598,2066,2066
17599,2066,2066
17600,2058,2058
17601,2052,2052
17602,2053,2053
17603,2054,2054
17604,2060,2060
17605,2069,2069
17606,2076,2076
17607,2081,2081
17608,2082,2082
17609,2083,2083
17610,2081,2081
17611,2081,2081
17612,2081,2081
17613,2081,2081
17614,2080,2080
17615,2080,2080
17616,2078,2078
17617,2069,2069
17618,2061,2061
17619,2056,2056
17620,2053,2053
17621,2053,2053
17622,2050,2050
17623,2049,2049
17624,2047,2047
17625,2048,2048
17626,2043,2043
17627,2040,2040
17628,2040,2040
17629,2041,2041
17630,2043,2043
17631,2051,2051
17632,2064,2064
17633,2078,2078
17634,2086,2086
17635,2098,2098
17636,2099,2099
17637,2097,2097
17638,2091,2091
17639,2080,2080
17640,2071,2071
17641,2065,2065
17642,2059,2059
17643,2058,2058
17644,2058,2058
17645,2061,2061
17646,2067,2067
17647,2070,2070
17648,2074,2074
17649,2078,2078
17650,2081,2081
17651,2080,2080
17652,2081,2081
17653,2082,2082
17654,2082,2082
17655,2082,2082
17656,2080,2080
17657,2080,2080
17658,2077,2077
17659,2071,2071
17660,2067,2067
17661,2063,2063
17662,2062,2062
17663,2061,2061
17664,2061,2061
17665,2064,2064
17666,2065,2065
17667,2061,2061
17668,2055,2055
17669,2044,2044
17670,2035,2035
17671,2032,2032
17672,2031,2031
17673,2035,2035
17674,2042,2042
17675,2049,2049
17676,2051,2051
17677,2051,2051
17678,2047,2047
17679,2045,2045
17680,2044,2044
17681,2046,2046
17682,2046,2046
17683,2048,2048
17684,2046,2046
17685,2045,2045
17686,2042,2042
17687,2035,2035
17688,2034,2034
17689,2035,2035
17690,2041,2041
17691,2044,2044
17692,2050,2050
17693,2051,2051
17694,2053,2053
17695,2056,2056
17696,2060,2060
17697,2066,2066
17698,2070,2070
17699,2073,2073
17700,2071,2071
17701,2075,2075
17702,2078,2078
17703,2083,2083
17704,2090,2090
17705,2094,2094
17706,2096,2096
17707,2096,2096
17708,2095,2095
17709,2093,2093
17710,2090,2090
17711,2088,2088
17712,2083,2083
17713,2081,2081
17714,2083,2083
17715,2089,2089
17716,2091,2091
17717,2107,2107
17718,2120,2120
17719,2127,2127
17720,2126,2126
17721,2125,2125
17722,2120,2120
17723,2114,2114
17724,2109,2109
17725,2106,2106
17726,2108,2108
17727,2111,2111
17728,2116,2116
17729,2117,2117
17730,2116,2116
17731,2114,2114
17732,2111,2111
17733,2106,2106
17734,2104,2104
17735,2101,2101
17736,2096,2096
17737,2089,2089
17738,2085,2085
17739,2081,2081
17740,2077,2077
17741,2073,2073
17742,2068,2068
17743,2061,2061
17744,2055,2055
17745,2052,2052
17746,2047,2047
17747,2043,2043
17748,2036,2036
17749,2030,2030
17750,2024,2024
17751,2018,2018
17752,2014,2014
17753,2015,2015
17754,2016,2016
17755,2020,2020
17756,2021,2021
17757,2024,2024
17758,2032,2032
17759,2043,2043
17760,2055,2055
17761,2058,2058
17762,2059,2059
17763,2063,2063
17764,2066,2066
17765,2070,2070
17766,2076,2076
17767,2077,2077
17768,2077,2077
17769,2071,2071
17770,2067,2067
17771,2066,2066
17772,2072,2072
17773,2078,2078
17774,2082,2082
17775,2087,2087
17776,2090,2090
17777,2089,2089
17778,2089,2089
17779,2093,2093
17780,2096,2096
17781,2099,2099
17782,2100,2100
17783,2099,2099
17784,2092,2092
17785,2087,2087
17786,2081,2081
17787,2075,2075
17788,2072,2072
17789,2074,2074
17790,2074,2074
17791,2074,2074
17792,2073,2073
17793,2069,2069
17794,2065,2065
17795,2054,2054
17796,2049,2049
17797,2049,2049
17798,2053,2053
17799,2057,2057
17800,2066,2066
17801,2075,2075
17802,2084,2084
17803,2090,2090
17804,2094,2094
17805,2095,2095
17806,2094,2094
17807,2086,2086
17808,2079,2079
17809,2074,2074
17810,2068,2068
17811,2065,2065
17812,2063,2063
17813,2065,2065
17814,2067,2067
17815,2074,2074
17816,2080,2080
17817,2086,2086
17818,2091,2091
17819,2091,2091
17820,2089,2089
17821,2081,2081
17822,2072,2072
17823,2064,2064
17824,2058,2058
17825,2056,2056
17826,2056,2056
17827,2057,2057
17828,2058,2058
17829,2063,2063
17830,2064,2064
17831,2064,2064
17832,2060,2060
17833,2055,2055
17834,2051,2051
17835,2047,2047
17836,2048,2048
17837,2045,2045
17838,2045,2045
17839,2043,2043
17840,2041,2041
17841,2037,2037
17842,2034,2034
17843,2032,2032
17844,2027,2027
17845,2024,2024
17846,2025,2025
17847,2028,2028
17848,2031,2031
17849,2032,2032
17850,2035,2035
17851,2034,2034
17852,2033,2033
17853,2035,2035
17854,2031,2031
17855,2031,2031
17856,2029,2029
17857,2029,2029
17858,2033,2033
17859,2033,2033
17860,2033,2033
17861,2033,2033
17862,2031,2031
17863,2026,2026
17864,2024,2024
17865,2029,2029
17866,2037,2037
17867,2045,2045
17868,2053,2053
17869,2059,2059
17870,2061,2061
17871,2063,2063
17872,2063,2063
17873,2061,2061
17874,2058,2058
17875,2051,2051
17876,2043,2043
17877,2044,2044
17878,2043,2043
17879,2043,2043
17880,2045,2045
17881,2053,2053
17882,2057,2057
17883,2063,2063
17884,2069,2069
17885,2072,2072
17886,2076,2076
17887,2083,2083
17888,2084,2084
17889,2086,2086
17890,2083,2083
17891,2079,2079
17892,2075,2075
17893,2067,2067
17894,2063,2063
17895,2061,2061
17896,2066,2066
17897,2075,2075
17898,2083,2083
17899,2089,2089
17900,2091,2091
17901,2097,2097
17902,2100,2100
17903,2105,2105
17904,2110,2110
17905,2109,2109
17906,2105,2105
17907,2097,2097
17908,2087,2087
17909,2074,2074
17910,2067,2067
17911,2061,2061
17912,2058,2058
17913,2064,2064
17914,2071,2071
17915,2078,2078
17916,2085,2085
17917,2091,2091
17918,2092,2092
17919,2093,2093
17920,2086,2086
17921,2077,2077
17922,2068,2068
17923,2057,2057
17924,2050,2050
17925,2045,2045
17926,2039,2039
17927,2031,2031
17928,2031,2031
17929,2030,2030
17930,2030,2030
17931,2035,2035
17932,2041,2041
17933,2047,2047
17934,2050,2050
17935,2046,2046
17936,2041,2041
17937,2041,2041
17938,2041,2041
17939,2041,2041
17940,2042,2042
17941,2048,2048
17942,2048,2048
17943,2051,2051
17944,2052,2052
17945,2056,2056
17946,2061,2061
17947,2066,2066
17948,2072,2072
17949,2074,2074
17950,2075,2075
17951,2073,2073
17952,2073,2073
17953,2070,2070
17954,2065,2065
17955,2059,2059
17956,2056,2056
17957,2053,2053
17958,2050,2050
17959,2044,2044
17960,2039,2039
17961,2036,2036
17962,2033,2033
17963,2030,2030
17964,2028,2028
17965,2029,2029
17966,2026,2026
17967,2025,2025
17968,2027,2027
17969,2033,2033
17970,2038,2038
17971,2045,2045
17972,2055,2055
17973,2063,2063
17974,2078,2078
17975,2089,2089
17976,2097,2097
17977,2099,2099
17978,2093,2093
17979,2087,2087
17980,2080,2080
17981,2076,2076
17982,2079,2079
17983,2085,2085
17984,2090,2090
17985,2094,2094
17986,2095,2095
17987,2093,2093
17988,2093,2093
17989,2086,2086
17990,2076,2076
17991,2068,2068
17992,2059,2059
17993,2051,2051
17994,2050,2050
17995,2055,2055
17996,2059,2059
17997,2060,2060
17998,2062,2062
17999,2063,2063
18000,2061,2061
18001,2065,2065
18002,2061,2061
18003,2061,2061
18004,2057,2057
18005,2052,2052
18006,2049,2049
18007,2043,2043
18008,2035,2035
18009,2027,2027
18010,2023,2023
18011,2024,2024
18012,2024,2024
18013,2029,2029
18014,2036,2036
18015,2042,2042
18016,2046,2046
18017,2047,2047
18018,2043,2043
18019,2043,2043
18020,2046,2046
18021,2051,2051
18022,2054,2054
18023,2053,2053
18024,2055,2055
18025,2056,2056
18026,2056,2056
18027,2055,2055
18028,2053,2053
18029,2050,2050
18030,2043,2043
18031,2034,2034
18032,2024,2024
18033,2022,2022
18034,2026,2026
18035,2033,2033
18036,2044,2044
18037,2048,2048
18038,2053,2053
18039,2055,2055
18040,2053,2053
18041,2049,2049
18042,2041,2041
18043,2032,2032
18044,2022,2022
18045,2020,2020
18046,2027,2027
18047,2035,2035
18048,2044,2044
18049,2055,2055
18050,2065,2065
18051,2075,2075
18052,2085,2085
18053,2094,2094
18054,2104,2104
18055,2116,2116
18056,2123,2123
18057,2127,2127
18058,2132,2132
18059,2133,2133
18060,2129,2129
18061,2123,2123
18062,2122,2122
18063,2119,2119
18064,2111,2111
18065,2099,2099
18066,2089,2089
18067,2083,2083
18068,2083,2083
18069,2087,2087
18070,2090,2090
18071,2091,2091
18072,2090,2090
18073,2088,2088
18074,2084,2084
18075,2079,2079
18076,2072,2072
18077,2064,2064
18078,2057,2057
18079,2054,2054
18080,2054,2054
18081,2058,2058
18082,2068,2068
18083,2075,2075
18084,2084,2084
18085,2093,2093
18086,2099,2099
18087,2106,2106
18088,2107,2107
18089,2101,2101
18090,2096,2096
18091,2089,2089
18092,2081,2081
18093,2074,2074
18094,2062,2062
18095,2052,2052
18096,2041,2041
18097,2035,2035
18098,2037,2037
18099,2040,2040
18100,2042,2042
18101,2039,2039
18102,2039,2039
18103,2041,2041
18104,2043,2043
18105,2046,2046
18106,2043,2043
18107,2047,2047
18108,2051,2051
18109,2060,2060
18110,2068,2068
18111,2072,2072
18112,2078,2078
18113,2076,2076
18114,2077,2077
18115,2080,2080
18116,2080,2080
18117,2082,2082
18118,2086,2086
18119,2090,2090
18120,2095,2095
18121,2097,2097
18122,2101,2101
18123,2105,2105
18124,2113,2113
18125,2117,2117
18126,2115,2115
18127,2106,2106
18128,2102,2102
18129,2098,2098
18130,2098,2098
18131,2096,2096
18132,2091,2091
18133,2090,2090
18134,2087,2087
18135,2086,2086
18136,2084,2084
18137,2083,2083
18138,2083,2083
18139,2077,2077
18140,2074,2074
18141,2071,2071
18142,2075,2075
18143,2080,2080
18144,2087,2087
18145,2089,2089
18146,2087,2087
18147,2080,2080
18148,2073,2073
18149,2063,2063
18150,2060,2060
18151,2057,2057
18152,2057,2057
18153,2056,2056
18154,2059,2059
18155,2065,2065
18156,2073,2073
18157,2078,2078
18158,2073,2073
18159,2071,2071
18160,2067,2067
18161,2063,2063
18162,2058,2058
18163,2053,2053
18164,2051,2051
18165,2045,2045
18166,2038,2038
18167,2033,2033
18168,2027,2027
18169,2024,2024
18170,2022,2022
18171,2021,2021
18172,2021,2021
18173,2022,2022
18174,2021,2021
18175,2027,2027
18176,2030,2030
18177,2031,2031
18178,2031,2031
18179,2031,2031
18180,2029,2029
18181,2031,2031
18182,2030,2030
18183,2031,2031
18184,2040,2040
18185,2047,2047
18186,2056,2056
18187,2064,2064
18188,2069,2069
18189,2074,2074
18190,2077,2077
18191,2076,2076
18192,2070,2070
18193,2068,2068
18194,2065,2065
18195,2059,2059
18196,2057,2057
18197,2056,2056
18198,2060,2060
18199,2066,2066
18200,2071,2071
18201,2068,2068
18202,2067,2067
18203,2071,2071
18204,2072,2072
18205,2071,2071
18206,2067,2067
18207,2064,2064
18208,2061,2061
18209,2057,2057
18210,2053,2053
18211,2052,2052
18212,2051,2051
18213,2055,2055
18214,2060,2060
18215,2063,2063
18216,2068,2068
18217,2070,2070
18218,2069,2069
18219,2065,2065
18220,2063,2063
18221,2059,2059
18222,2061,2061
18223,2065,2065
18224,2069,2069
18225,2079,2079
18226,2085,2085
18227,2089,2089
18228,2090,2090
18229,2093,2093
18230,2098,2098
18231,2101,2101
18232,2102,2102
18233,2105,2105
18234,2108,2108
18235,2106,2106
18236,2105,2105
18237,2110,2110
18238,2114,2114
18239,2117,2117
18240,2122,2122
18241,2127,2127
18242,2128,2128
18243,2123,2123
18244,2121,2121
18245,2120,2120
18246,2119,2119
18247,2117,2117
18248,2115,2115
18249,2109,2109
18250,2101,2101
18251,2094,2094
18252,2084,2084
18253,2077,2077
18254,2075,2075
18255,2070,2070
18256,2072,2072
18257,2068,2068
18258,2066,2066
18259,2061,2061
18260,2054,2054
18261,2043,2043
18262,2027,2027
18263,2015,2015
18264,2012,2012
18265,2001,2001
18266,1987,1987
18267,1991,1991
18268,1993,1993
18269,2001,2001
18270,2008,2008
18271,2007,2007
18272,2015,2015
18273,2027,2027
18274,2027,2027
18275,2029,2029
18276,2029,2029
18277,2028,2028
18278,2033,2033
18279,2031,2031
18280,2030,2030
18281,2037,2037
18282,2037,2037
18283,2037,2037
18284,2047,2047
18285,2050,2050
18286,2054,2054
18287,2064,2064
18288,2061,2061
18289,2059,2059
18290,2063,2063
18291,2060,2060
18292,2062,2062
18293,2067,2067
18294,2064,2064
18295,2066,2066
18296,2072,2072
18297,2074,2074
18298,2081,2081
18299,2081,2081
18300,2080,2080
18301,2083,2083
18302,2087,2087
18303,2091,2091
18304,2097,2097
18305,2092,2092
18306,2087,2087
18307,2093,2093
18308,2098,2098
18309,2105,2105
18310,2109,2109
18311,2116,2116
18312,2115,2115
18313,2107,2107
18314,2096,2096
18315,2080,2080
18316,2065,2065
18317,2054,2054
18318,2047,2047
18319,2048,2048
18320,2053,2053
18321,2060,2060
18322,2063,2063
18323,2059,2059
18324,2055,2055
18325,2051,2051
18326,2049,2049
18327,2054,2054
18328,2059,2059
18329,2063,2063
18330,2065,2065
18331,2067,2067
18332,2067,2067
18333,2064,2064
18334,2056,2056
18335,2051,2051
18336,2049,2049
18337,2051,2051
18338,2058,2058
18339,2058,2058
18340,2065,2065
18341,2061,2061
18342,2055,2055
18343,2047,2047
18344,2043,2043
18345,2035,2035
18346,2028,2028
18347,2021,2021
18348,2011,2011
18349,1999,1999
18350,1992,1992
18351,1987,1987
18352,1984,1984
18353,1984,1984
18354,1987,1987
18355,1987,1987
18356,1991,1991
18357,1997,1997
18358,2010,2010
18359,2014,2014
18360,2011,2011
18361,2008,2008
18362,2009,2009
18363,2011,2011
18364,2013,2013
18365,2016,2016
18366,2021,2021
18367,2022,2022
18368,2023,2023
18369,2026,2026
18370,2024,2024
18371,2023,2023
18372,2026,2026
18373,2030,2030
18374,2036,2036
18375,2046,2046
18376,2048,2048
18377,2056,2056
18378,2059,2059
18379,2061,2061
18380,2066,2066
18381,2073,2073
18382,2076,2076
18383,2080,2080
18384,2077,2077
18385,2074,2074
18386,2067,2067
18387,2056,2056
18388,2045,2045
18389,2041,2041
18390,2043,2043
18391,2054,2054
18392,2069,2069
18393,2085,2085
18394,2096,2096
18395,2101,2101
18396,2100,2100
18397,2100,2100
18398,2097,2097
18399,2093,2093
18400,2094,2094
18401,2092,2092
18402,2096,2096
18403,2099,2099
18404,2099,2099
18405,2100,2100
18406,2107,2107
18407,2111,2111
18408,2119,2119
18409,2129,2129
18410,2130,2130
18411,2130,2130
18412,2122,2122
18413,2115,2115
18414,2106,2106
18415,2099,2099
18416,2089,2089
18417,2081,2081
18418,2075,2075
18419,2073,2073
18420,2068,2068
18421,2071,2071
18422,2068,2068
18423,2068,2068
18424,2066,2066
18425,2065,2065
18426,2068,2068
18427,2069,2069
18428,2071,2071
18429,2067,2067
18430,2061,2061
18431,2054,2054
18432,2051,2051
18433,2045,2045
18434,2040,2040
18435,2040,2040
18436,2042,2042
18437,2047,2047
18438,2057,2057
18439,2065,2065
18440,2070,2070
18441,2072,2072
18442,2067,2067
18443,2067,2067
18444,2061,2061
18445,2055,2055
18446,2050,2050
18447,2038,2038
18448,2031,2031
18449,2025,2025
18450,2020,2020
18451,2022,2022
18452,2033,2033
18453,2041,2041
18454,2051,2051
18455,2059,2059
18456,2071,2071
18457,2077,2077
18458,2081,2081
18459,2082,2082
18460,2085,2085
18461,2089,2089
18462,2090,2090
18463,2093,2093
18464,2092,2092
18465,2090,2090
18466,2089,2089
18467,2081,2081
18468,2079,2079
18469,2077,2077
18470,2076,2076
18471,2078,2078
18472,2081,2081
18473,2084,2084
18474,2089,2089
18475,2098,2098
18476,2103,2103
18477,2105,2105
18478,2104,2104
18479,2105,2105
18480,2109,2109
18481,2110,2110
18482,2109,2109
18483,2104,2104
18484,2098,2098
18485,2092,2092
18486,2086,2086
18487,2083,2083
18488,2081,2081
18489,2083,2083
18490,2088,2088
18491,2095,2095
18492,2104,2104
18493,2114,2114
18494,2118,2118
18495,2121,2121
18496,2119,2119
18497,2112,2112
18498,2103,2103
18499,2091,2091
18500,2077,2077
18501,2064,2064
18502,2051,2051
18503,2044,2044
18504,2039,2039
18505,2035,2035
18506,2036,2036
18507,2038,2038
18508,2039,2039
18509,2043,2043
18510,2046,2046
18511,2048,2048
18512,2047,2047
18513,2049,2049
18514,2044,2044
18515,2041,2041
18516,2037,2037
18517,2030,2030
18518,2027,2027
18519,2021,2021
18520,2019,2019
18521,2023,2023
18522,2028,2028
18523,2037,2037
18524,2046,2046
18525,2050,2050
18526,2053,2053
18527,2052,2052
18528,2049,2049
18529,2043,2043
18530,2039,2039
18531,2038,2038
18532,2039,2039
18533,2046,2046
18534,2050,2050
18535,2058,2058
18536,2062,2062
18537,2065,2065
18538,2064,2064
18539,2065,2065
18540,2065,2065
18541,2061,2061
18542,2058,2058
18543,2057,2057
18544,2055,2055
18545,2059,2059
18546,2064,2064
18547,2063,2063
18548,2062,2062
18549,2061,2061
18550,2059,2059
18551,2062,2062
18552,2062,2062
18553,2065,2065
18554,2070,2070
18555,2070,2070
18556,2073,2073
18557,2073,2073
18558,2069,2069
18559,2062,2062
18560,2057,2057
18561,2051,2051
18562,2046,2046
18563,2043,2043
18564,2045,2045
18565,2052,2052
18566,2057,2057
18567,2068,2068
18568,2072,2072
18569,2078,2078
18570,2078,2078
18571,2078,2078
18572,2073,2073
18573,2068,2068
18574,2065,2065
18575,2065,2065
18576,2069,2069
18577,2077,2077
18578,2083,2083
18579,2087,2087
18580,2091,2091
18581,2095,2095
18582,2099,2099
18583,2099,2099
18584,2097,2097
18585,2097,2097
18586,2099,2099
18587,2103,2103
18588,2105,2105
18589,2101,2101
18590,2099,2099
18591,2095,2095
18592,2089,2089
18593,2085,2085
18594,2083,2083
18595,2082,2082
18596,2080,2080
18597,2083,2083
18598,2083,2083
18599,2086,2086
18600,2086,2086
18601,2087,2087
18602,2082,2082
18603,2075,2075
18604,2064,2064
18605,2055,2055
18606,2044,2044
18607,2039,2039
18608,2035,2035
18609,2026,2026
18610,2024,2024
18611,2031,2031
18612,2037,2037
18613,2041,2041
18614,2045,2045
18615,2050,2050
18616,2054,2054
18617,2056,2056
18618,2058,2058
18619,2059,2059
18620,2053,2053
18621,2047,2047
18622,2039,2039
18623,2037,2037
18624,2040,2040
18625,2039,2039
18626,2040,2040
18627,2045,2045
18628,2049,2049
18629,2054,2054
18630,2059,2059
18631,2064,2064
18632,2069,2069
18633,2077,2077
18634,2079,2079
18635,2077,2077
18636,2075,2075
18637,2069,2069
18638,2066,2066
18639,2062,2062
18640,2060,2060
18641,2061,2061
18642,2063,2063
18643,2068,2068
18644,2069,2069
18645,2064,2064
18646,2062,2062
18647,2066,2066
18648,2067,2067
18649,2072,2072
18650,2076,2076
18651,2087,2087
18652,2099,2099
18653,2107,2107
18654,2113,2113
18655,2109,2109
18656,2106,2106
18657,2101,2101
18658,2099,2099
18659,2099,2099
18660,2100,2100
18661,2102,2102
18662,2097,2097
18663,2094,2094
18664,2094,2094
18665,2089,2089
18666,2083,2083
18667,2077,2077
18668,2069,2069
18669,2061,2061
18670,2056,2056
18671,2055,2055
18672,2055,2055
18673,2057,2057
18674,2057,2057
18675,2058,2058
18676,2061,2061
18677,2061,2061
18678,2064,2064
18679,2065,2065
18680,2068,2068
18681,2067,2067
18682,2066,2066
18683,2064,2064
18684,2061,2061
18685,2053,2053
18686,2042,2042
18687,2031,2031
18688,2020,2020
18689,2012,2012
18690,2007,2007
18691,2003,2003
18692,2001,2001
18693,2003,2003
18694,2006,2006
18695,2009,2009
18696,2014,2014
18697,2017,2017
18698,2019,2019
18699,2022,2022
18700,2023,2023
18701,2025,2025
18702,2031,2031
18703,2034,2034
18704,2037,2037
18705,2042,2042
18706,2048,2048
18707,2051,2051
18708,2055,2055
18709,2055,2055
18710,2061,2061
18711,2068,2068
18712,2075,2075
18713,2080,2080
18714,2086,2086
18715,2083,2083
18716,2080,2080
18717,2076,2076
18718,2070,2070
18719,2065,2065
18720,2061,2061
18721,2061,2061
18722,2061,2061
18723,2068,2068
18724,2076,2076
18725,2086,2086
18726,2090,2090
18727,2098,2098
18728,2097,2097
18729,2096,2096
18730,2091,2091
18731,2081,2081
18732,2071,2071
18733,2063,2063
18734,2063,2063
18735,2063,2063
18736,2071,2071
18737,2080,2080
18738,2087,2087
18739,2089,2089
18740,2092,2092
18741,2089,2089
18742,2085,2085
18743,2081,2081
18744,2075,2075
18745,2070,2070
18746,2071,2071
18747,2073,2073
18748,2079,2079
18749,2081,2081
18750,2085,2085
18751,2088,2088
18752,2090,2090
18753,2093,2093
18754,2095,2095
18755,2097,2097
18756,2098,2098
18757,2093,2093
18758,2087,2087
18759,2085,2085
18760,2084,2084
18761,2083,2083
18762,2088,2088
18763,2096,2096
18764,2100,2100
18765,2107,2107
18766,2108,2108
18767,2107,2107
18768,2105,2105
18769,2095,2095
18770,2091,2091
18771,2083,2083
18772,2073,2073
18773,2063,2063
18774,2053,2053
18775,2039,2039
18776,2034,2034
18777,2029,2029
18778,2027,2027
18779,2027,2027
18780,2029,2029
18781,2031,2031
18782,2031,2031
18783,2031,2031
18784,2029,2029
18785,2023,2023
18786,2018,2018
18787,2016,2016
18788,2015,2015
18789,2019,2019
18790,2023,2023
18791,2028,2028
18792,2032,2032
18793,2036,2036
18794,2039,2039
18795,2043,2043
18796,2049,2049
18797,2055,2055
18798,2060,2060
18799,2062,2062
18800,2059,2059
18801,2057,2057
18802,2055,2055
18803,2057,2057
18804,2059,2059
18805,2060,2060
18806,2065,2065
18807,2071,2071
18808,2072,2072
18809,2071,2071
18810,2073,2073
18811,2076,2076
18812,2073,2073
18813,2069,2069
18814,2063,2063
18815,2060,2060
18816,2061,2061
18817,2064,2064
18818,2066,2066
18819,2070,2070
18820,2074,2074
18821,2079,2079
18822,2082,2082
18823,2082,2082
18824,2081,2081
18825,2077,2077
18826,2073,2073
18827,2072,2072
18828,2073,2073
18829,2073,2073
18830,2077,2077
18831,2079,2079
18832,2076,2076
18833,2073,2073
18834,2073,2073
18835,2071,2071
18836,2069,2069
18837,2065,2065
18838,2060,2060
18839,2055,2055
18840,2056,2056
18841,2055,2055
18842,2060,2060
18843,2057,2057
18844,2053,2053
18845,2045,2045
18846,2038,2038
18847,2033,2033
18848,2035,2035
18849,2042,2042
18850,2049,2049
18851,2059,2059
18852,2072,2072
18853,2079,2079
18854,2083,2083
18855,2083,2083
18856,2079,2079
18857,2074,2074
18858,2069,2069
18859,2068,2068
18860,2062,2062
18861,2062,2062
18862,2065,2065
18863,2071,2071
18864,2073,2073
18865,2078,2078
18866,2076,2076
18867,2075,2075
18868,2074,2074
18869,2071,2071
18870,2070,2070
18871,2067,2067
18872,2066,2066
18873,2065,2065
18874,2063,2063
18875,2062,2062
18876,2061,2061
18877,2062,2062
18878,2059,2059
18879,2059,2059
18880,2061,2061
18881,2063,2063
18882,2065,2065
18883,2064,2064
18884,2059,2059
18885,2059,2059
18886,2059,2059
18887,2063,2063
18888,2062,2062
18889,2061,2061
18890,2057,2057
18891,2053,2053
18892,2053,2053
18893,2059,2059
18894,2066,2066
18895,2077,2077
18896,2084,2084
18897,2090,2090
18898,2092,2092
18899,2093,2093
18900,2089,2089
18901,2087,2087
18902,2086,2086
18903,2083,2083
18904,2085,2085
18905,2089,2089
18906,2096,2096
18907,2101,2101
18908,2107,2107
18909,2112,2112
18910,2112,2112
18911,2111,2111
18912,2107,2107
18913,2104,2104
18914,2103,2103
18915,2101,2101
18916,2103,2103
18917,2101,2101
18918,2099,2099
18919,2100,2100
18920,2100,2100
18921,2099,2099
18922,2094,2094
18923,2081,2081
18924,2069,2069
18925,2062,2062
18926,2055,2055
18927,2050,2050
18928,2048,2048
18929,2049,2049
18930,2048,2048
18931,2048,2048
18932,2050,2050
18933,2053,2053
18934,2048,2048
18935,2049,2049
18936,2043,2043
18937,2039,2039
18938,2036,2036
18939,2034,2034
18940,2028,2028
18941,2021,2021
18942,2015,2015
18943,2006,2006
18944,2004,2004
18945,2006,2006
18946,2018,2018
18947,2031,2031
18948,2042,2042
18949,2053,2053
18950,2066,2066
18951,2075,2075
18952,2082,2082
18953,2081,2081
18954,2075,2075
18955,2068,2068
18956,2063,2063
18957,2060,2060
18958,2055,2055
18959,2052,2052
18960,2051,2051
18961,2054,2054
18962,2052,2052
18963,2054,2054
18964,2056,2056
18965,2058,2058
18966,2061,2061
18967,2062,2062
18968,2061,2061
18969,2064,2064
18970,2065,2065
18971,2069,2069
18972,2074,2074
18973,2075,2075
18974,2074,2074
18975,2073,2073
18976,2068,2068
18977,2066,2066
18978,2061,2061
18979,2059,2059
18980,2058,2058
18981,2057,2057
18982,2057,2057
18983,2061,2061
18984,2067,2067
18985,2073,2073
18986,2074,2074
18987,2073,2073
18988,2075,2075
18989,2075,2075
18990,2079,2079
18991,2087,2087
18992,2093,2093
18993,2098,2098
18994,2104,2104
18995,2103,2103
18996,2100,2100
18997,2093,2093
18998,2090,2090
18999,2083,2083
19000,2081,2081
19001,2078,2078
19002,2077,2077
19003,2086,2086
19004,2089,2089
19005,2097,2097
19006,2096,2096
19007,2095,2095
19008,2091,2091
19009,2086,2086
19010,2077,2077
19011,2066,2066
19012,2053,2053
19013,2043,2043
19014,2037,2037
19015,2034,2034
19016,2037,2037
19017,2040,2040
19018,2043,2043
19019,2047,2047
19020,2054,2054
19021,2056,2056
19022,2057,2057
19023,2054,2054
19024,2046,2046
19025,2037,2037
19026,2033,2033
19027,2025,2025
19028,2018,2018
19029,2008,2008
19030,2001,2001
19031,2003,2003
19032,2009,2009
19033,2014,2014
19034,2021,2021
19035,2025,2025
19036,2026,2026
19037,2026,2026
19038,2027,2027
19039,2023,2023
19040,2017,2017
19041,2019,2019
19042,2020,2020
19043,2027,2027
19044,2036,2036
19045,2051,2051
19046,2061,2061
19047,2067,2067
19048,2068,2068
19049,2064,2064
19050,2060,2060
19051,2057,2057
19052,2055,2055
19053,2053,2053
19054,2059,2059
19055,2062,2062
19056,2065,2065
19057,2063,2063
19058,2062,2062
19059,2061,2061
19060,2059,2059
19061,2056,2056
19062,2059,2059
19063,2067,2067
19064,2074,2074
19065,2080,2080
19066,2082,2082
19067,2078,2078
19068,2075,2075
19069,2073,2073
19070,2062,2062
19071,2053,2053
19072,2052,2052
19073,2052,2052
19074,2055,2055
19075,2064,2064
19076,2069,2069
19077,2073,2073
19078,2078,2078
19079,2084,2084
19080,2089,2089
19081,2091,2091
19082,2093,2093
19083,2093,2093
19084,2090,2090
19085,2090,2090
19086,2092,2092
19087,2097,2097
19088,2100,2100
19089,2103,2103
19090,2107,2107
19091,2106,2106
19092,2102,2102
19093,2101,2101
19094,2092,2092
19095,2085,2085
19096,2078,2078
19097,2078,2078
19098,2082,2082
19099,2085,2085
19100,2083,2083
19101,2082,2082
19102,2080,2080
19103,2077,2077
19104,2067,2067
19105,2056,2056
19106,2053,2053
19107,2051,2051
19108,2047,2047
19109,2043,2043
19110,2036,2036
19111,2033,2033
19112,2031,2031
19113,2029,2029
19114,2028,2028
19115,2031,2031
19116,2038,2038
19117,2046,2046
19118,2053,2053
19119,2055,2055
19120,2056,2056
19121,2053,2053
19122,2047,2047
19123,2039,2039
19124,2035,2035
19125,2031,2031
19126,2029,2029
19127,2032,2032
19128,2033,2033
19129,2037,2037
19130,2045,2045
19131,2047,2047
19132,2048,2048
19133,2045,2045
19134,2042,2042
19135,2044,2044
19136,2046,2046
19137,2044,2044
19138,2043,2043
19139,2043,2043
19140,2045,2045
19141,2047,2047
19142,2048,2048
19143,2048,2048
19144,2045,2045
19145,2039,2039
19146,2034,2034
19147,2033,2033
19148,2039,2039
19149,2047,2047
19150,2058,2058
19151,2067,2067
19152,2073,2073
19153,2080,2080
19154,2081,2081
19155,2083,2083
19156,2080,2080
19157,2081,2081
19158,2082,2082
19159,2081,2081
19160,2080,2080
19161,2082,2082
19162,2086,2086
19163,2094,2094
19164,2096,2096
19165,2095,2095
19166,2095,2095
19167,2097,2097
19168,2099,2099
19169,2103,2103
19170,2108,2108
19171,2112,2112
19172,2112,2112
19173,2108,2108
19174,2102,2102
19175,2097,2097
19176,2091,2091
19177,2083,2083
19178,2078,2078
19179,2078,2078
19180,2077,2077
19181,2075,2075
19182,2069,2069
19183,2061,2061
19184,2055,2055
19185,2052,2052
19186,2053,2053
19187,2057,2057
19188,2062,2062
19189,2063,2063
19190,2064,2064
19191,2061,2061
19192,2055,2055
19193,2047,2047
19194,2043,2043
19195,2037,2037
19196,2031,2031
19197,2029,2029
19198,2028,2028
19199,2034,2034
19200,2045,2045
19201,2053,2053
19202,2059,2059
19203,2057,2057
19204,2055,2055
19205,2050,2050
19206,2043,2043
19207,2037,2037
19208,2032,2032
19209,2031,2031
19210,2029,2029
19211,2034,2034
19212,2039,2039
19213,2043,2043
19214,2051,2051
19215,2054,2054
19216,2055,2055
19217,2052,2052
19218,2051,2051
19219,2049,2049
19220,2049,2049
19221,2045,2045
19222,2039,2039
19223,2036,2036
19224,2031,2031
19225,2030,2030
19226,2033,2033
19227,2035,2035
19228,2039,2039
19229,2047,2047
19230,2056,2056
19231,2060,2060
19232,2069,2069
19233,2073,2073
19234,2080,2080
19235,2084,2084
19236,2088,2088
19237,2090,2090
19238,2094,2094
19239,2098,2098
19240,2103,2103
19241,2106,2106
19242,2109,2109
19243,2113,2113
19244,2114,2114
19245,2120,2120
19246,2122,2122
19247,2124,2124
19248,2124,2124
19249,2125,2125
19250,2123,2123
19251,2120,2120
19252,2112,2112
19253,2107,2107
19254,2097,2097
19255,2091,2091
19256,2094,2094
19257,2099,2099
19258,2105,2105
19259,2103,2103
19260,2100,2100
19261,2095,2095
19262,2089,2089
19263,2075,2075
19264,2064,2064
19265,2056,2056
19266,2049,2049
19267,2043,2043
19268,2037,2037
19269,2031,2031
19270,2029,2029
19271,2026,2026
19272,2021,2021
19273,2019,2019
19274,2021,2021
19275,2025,2025
19276,2027,2027
19277,2021,2021
19278,2014,2014
19279,2007,2007
19280,2009,2009
19281,2013,2013
19282,2019,2019
19283,2027,2027
19284,2033,2033
19285,2040,2040
19286,2042,2042
19287,2041,2041
19288,2040,2040
19289,2041,2041
19290,2042,2042
19291,2043,2043
19292,2046,2046
19293,2049,2049
19294,2052,2052
19295,2053,2053
19296,2052,2052
19297,2055,2055
19298,2057,2057
19299,2061,2061
19300,2068,2068
19301,2076,2076
19302,2081,2081
19303,2085,2085
19304,2084,2084
19305,2082,2082
19306,2078,2078
19307,2076,2076
19308,2071,2071
19309,2066,2066
19310,2060,2060
19311,2056,2056
19312,2050,2050
19313,2043,2043
19314,2035,2035
19315,2028,2028
19316,2023,2023
19317,2023,2023
19318,2029,2029
19319,2041,2041
19320,2054,2054
19321,2063,2063
19322,2066,2066
19323,2065,2065
19324,2065,2065
19325,2069,2069
19326,2075,2075
19327,2085,2085
19328,2097,2097
19329,2110,2110
19330,2120,2120
19331,2129,2129
19332,2133,2133
19333,2135,2135
19334,2133,2133
19335,2131,2131
19336,2128,2128
19337,2119,2119
19338,2108,2108
19339,2103,2103
19340,2101,2101
19341,2098,2098
19342,2099,2099
19343,2100,2100
19344,2102,2102
19345,2100,2100
19346,2093,2093
19347,2080,2080
19348,2069,2069
19349,2057,2057
19350,2045,2045
19351,2034,2034
19352,2021,2021
19353,2015,2015
19354,2011,2011
19355,2010,2010
19356,2011,2011
19357,2013,2013
19358,2018,2018
19359,2019,2019
19360,2022,2022
19361,2024,2024
19362,2026,2026
19363,2029,2029
19364,2028,2028
19365,2023,2023
19366,2019,2019
19367,2013,2013
19368,2005,2005
19369,1999,1999
19370,1995,1995
19371,1996,1996
19372,2002,2002
19373,2009,2009
19374,2021,2021
19375,2031,2031
19376,2043,2043
19377,2054,2054
19378,2060,2060
19379,2065,2065
19380,2067,2067
19381,2069,2069
19382,2069,2069
19383,2072,2072
19384,2075,2075
19385,2075,2075
19386,2077,2077
19387,2081,2081
19388,2083,2083
19389,2087,2087
19390,2090,2090
19391,2096,2096
19392,2100,2100
19393,2101,2101
19394,2102,2102
19395,2101,2101
19396,2101,2101
19397,2102,2102
19398,2100,2100
19399,2098,2098
19400,2091,2091
19401,2092,2092
19402,2089,2089
19403,2094,2094
19404,2094,2094
19405,2093,2093
19406,2092,2092
19407,2088,2088
19408,2086,2086
19409,2081,2081
19410,2073,2073
19411,2065,2065
19412,2064,2064
19413,2064,2064
19414,2063,2063
19415,2067,2067
19416,2068,2068
19417,2065,2065
19418,2065,2065
19419,2058,2058
19420,2051,2051
19421,2046,2046
19422,2045,2045
19423,2043,2043
19424,2047,2047
19425,2057,2057
19426,2066,2066
19427,2076,2076
19428,2084,2084
19429,2088,2088
19430,2088,2088
19431,2090,2090
19432,2087,2087
19433,2081,2081
19434,2072,2072
19435,2075,2075
19436,2075,2075
19437,2074,2074
19438,2075,2075
19439,2078,2078
19440,2079,2079
19441,2079,2079
19442,2079,2079
19443,2075,2075
19444,2071,2071
19445,2059,2059
19446,2042,2042
19447,2029,2029
19448,2021,2021
19449,2018,2018
19450,2013,2013
19451,2009,2009
19452,2011,2011
19453,2015,2015
19454,2021,2021
19455,2027,2027
19456,2032,2032
19457,2039,2039
19458,2046,2046
19459,2054,2054
19460,2058,2058
19461,2062,2062
19462,2066,2066
19463,2070,2070
19464,2071,2071
19465,2066,2066
19466,2057,2057
19467,2055,2055
19468,2052,2052
19469,2050,2050
19470,2053,2053
19471,2057,2057
19472,2064,2064
19473,2071,2071
19474,2074,2074
19475,2076,2076
19476,2075,2075
19477,2077,2077
19478,2076,2076
19479,2068,2068
19480,2062,2062
19481,2050,2050
19482,2042,2042
19483,2039,2039
19484,2041,2041
19485,2042,2042
19486,2047,2047
19487,2056,2056
19488,2066,2066
19489,2076,2076
19490,2085,2085
19491,2090,2090
19492,2088,2088
19493,2084,2084
19494,2081,2081
19495,2081,2081
19496,2085,2085
19497,2087,2087
19498,2091,2091
19499,2098,2098
19500,2105,2105
19501,2107,2107
19502,2108,2108
19503,2108,2108
19504,2103,2103
19505,2101,2101
19506,2098,2098
19507,2098,2098
19508,2103,2103
19509,2107,2107
19510,2112,2112
19511,2118,2118
19512,2123,2123
19513,2127,2127
19514,2128,2128
19515,2124,2124
19516,2114,2114
19517,2099,2099
19518,2084,2084
19519,2076,2076
19520,2069,2069
19521,2067,2067
19522,2068,2068
19523,2073,2073
19524,2080,2080
19525,2081,2081
19526,2083,2083
19527,2077,2077
19528,2070,2070
19529,2064,2064
19530,2057,2057
19531,2042,2042
19532,2034,2034
19533,2024,2024
19534,2014,2014
19535,2007,2007
19536,1999,1999
19537,1999,1999
19538,2000,2000
19539,2005,2005
19540,2012,2012
19541,2023,2023
19542,2025,2025
19543,2033,2033
19544,2039,2039
19545,2044,2044
19546,2046,2046
19547,2047,2047
19548,2046,2046
19549,2049,2049
19550,2049,2049
19551,2050,2050
19552,2053,2053
19553,2061,2061
19554,2069,2069
19555,2075,2075
19556,2081,2081
19557,2083,2083
19558,2087,2087
19559,2087,2087
19560,2092,2092
19561,2096,2096
19562,2095,2095
19563,2091,2091
19564,2087,2087
19565,2083,2083
19566,2081,2081
19567,2075,2075
19568,2075,2075
19569,2073,2073
19570,2074,2074
19571,2077,2077
19572,2081,2081
19573,2087,2087
19574,2095,2095
19575,2099,2099
19576,2102,2102
19577,2101,2101
19578,2098,2098
19579,2091,2091
19580,2088,2088
19581,2090,2090
19582,2094,2094
19583,2098,2098
19584,2101,2101
19585,2102,2102
19586,2101,2101
19587,2097,2097
19588,2086,2086
19589,2077,2077
19590,2070,2070
19591,2065,2065
19592,2063,2063
19593,2059,2059
19594,2056,2056
19595,2057,2057
19596,2057,2057
19597,2058,2058
19598,2062,2062
19599,2069,2069
19600,2071,2071
19601,2071,2071
19602,2070,2070
19603,2067,2067
19604,2061,2061
19605,2057,2057
19606,2053,2053
19607,2049,2049
19608,2048,2048
19609,2053,2053
19610,2055,2055
19611,2062,2062
19612,2067,2067
19613,2073,2073
19614,2071,2071
19615,2072,2072
19616,2069,2069
19617,2064,2064
19618,2063,2063
19619,2057,2057
19620,2049,2049
19621,2039,2039
19622,2034,2034
19623,2029,2029
19624,2024,2024
19625,2029,2029
19626,2038,2038
19627,2048,2048
19628,2056,2056
19629,2061,2061
19630,2063,2063
19631,2069,2069
19632,2076,2076
19633,2076,2076
19634,2072,2072
19635,2071,2071
19636,2074,2074
19637,2072,2072
19638,2073,2073
19639,2070,2070
19640,2072,2072
19641,2068,2068
19642,2069,2069
19643,2077,2077
19644,2081,2081
19645,2086,2086
19646,2085,2085
19647,2086,2086
19648,2085,2085
19649,2083,2083
19650,2077,2077
19651,2066,2066
19652,2053,2053
19653,2041,2041
19654,2033,2033
19655,2030,2030
19656,2033,2033
19657,2037,2037
19658,2043,2043
19659,2051,2051
19660,2056,2056
19661,2059,2059
19662,2061,2061
19663,2057,2057
19664,2055,2055
19665,2048,2048
19666,2042,2042
19667,2040,2040
19668,2043,2043
19669,2053,2053
19670,2065,2065
19671,2077,2077
19672,2087,2087
19673,2093,2093
19674,2095,2095
19675,2091,2091
19676,2087,2087
19677,2082,2082
19678,2078,2078
19679,2078,2078
19680,2083,2083
19681,2094,2094
19682,2101,2101
19683,2100,2100
19684,2098,2098
19685,2091,2091
19686,2083,2083
19687,2073,2073
19688,2060,2060
19689,2045,2045
19690,2041,2041
19691,2038,2038
19692,2039,2039
19693,2039,2039
19694,2037,2037
19695,2036,2036
19696,2038,2038
19697,2040,2040
19698,2041,2041
19699,2043,2043
19700,2037,2037
19701,2031,2031
19702,2025,2025
19703,2021,2021
19704,2018,2018
19705,2018,2018
19706,2019,2019
19707,2021,2021
19708,2027,2027
19709,2033,2033
19710,2040,2040
19711,2048,2048
19712,2047,2047
19713,2043,2043
19714,2037,2037
19715,2029,2029
19716,2022,2022
19717,2014,2014
19718,2010,2010
19719,2007,2007
19720,2009,2009
19721,2009,2009
19722,2014,2014
19723,2021,2021
19724,2028,2028
19725,2038,2038
19726,2038,2038
19727,2041,2041
19728,2046,2046
19729,2054,2054
19730,2056,2056
19731,2060,2060
19732,2060,2060
19733,2062,2062
19734,2057,2057
19735,2060,2060
19736,2058,2058
19737,2053,2053
19738,2052,2052
19739,2052,2052
19740,2052,2052
19741,2055,2055
19742,2061,2061
19743,2065,2065
19744,2069,2069
19745,2072,2072
19746,2072,2072
19747,2069,2069
19748,2064,2064
19749,2058,2058
19750,2051,2051
19751,2052,2052
19752,2055,2055
19753,2062,2062
19754,2069,2069
19755,2077,2077
19756,2081,2081
19757,2083,2083
19758,2081,2081
19759,2080,2080
19760,2080,2080
19761,2074,2074
19762,2073,2073
19763,2071,2071
19764,2066,2066
19765,2067,2067
19766,2070,2070
19767,2068,2068
19768,2070,2070
19769,2074,2074
19770,2077,2077
19771,2084,2084
19772,2090,2090
19773,2097,2097
19774,2098,2098
19775,2096,2096
19776,2091,2091
19777,2081,2081
19778,2076,2076
19779,2069,2069
19780,2072,2072
19781,2072,2072
19782,2071,2071
19783,2070,2070
19784,2065,2065
19785,2055,2055
19786,2047,2047
19787,2030,2030
19788,2019,2019
19789,2015,2015
19790,2010,2010
19791,2011,2011
19792,2013,2013
19793,2016,2016
19794,2020,2020
19795,2027,2027
19796,2037,2037
19797,2044,2044
19798,2048,2048
19799,2055,2055
19800,2056,2056
19801,2059,2059
19802,2058,2058
19803,2056,2056
19804,2050,2050
19805,2045,2045
19806,2045,2045
19807,2042,2042
19808,2045,2045
19809,2048,2048
19810,2052,2052
19811,2054,2054
19812,2059,2059
19813,2065,2065
19814,2078,2078
19815,2085,2085
19816,2089,2089
19817,2090,2090
19818,2086,2086
19819,2083,2083
19820,2081,2081
19821,2078,2078
19822,2073,2073
19823,2069,2069
19824,2070,2070
19825,2070,2070
19826,2072,2072
19827,2072,2072
19828,2071,2071
19829,2067,2067
19830,2061,2061
19831,2056,2056
19832,2055,2055
19833,2056,2056
19834,2057,2057
19835,2053,2053
19836,2053,2053
19837,2053,2053
19838,2054,2054
19839,2055,2055
19840,2059,2059
19841,2063,2063
19842,2067,2067
19843,2071,2071
19844,2076,2076
19845,2079,2079
19846,2085,2085
19847,2083,2083
19848,2083,2083
19849,2085,2085
19850,2089,2089
19851,2087,2087
19852,2091,2091
19853,2093,2093
19854,2093,2093
19855,2095,2095
19856,2098,2098
19857,2101,2101
19858,2107,2107
19859,2113,2113
19860,2120,2120
19861,2124,2124
19862,2122,2122
19863,2113,2113
19864,2106,2106
19865,2099,2099
19866,2097,2097
19867,2092,2092
19868,2087,2087
19869,2085,2085
19870,2083,2083
19871,2082,2082
19872,2079,2079
19873,2076,2076
19874,2073,2073
19875,2070,2070
19876,2062,2062
19877,2062,2062
19878,2059,2059
19879,2053,2053
19880,2048,2048
19881,2043,2043
19882,2039,2039
19883,2039,2039
19884,2044,2044
19885,2049,2049
19886,2056,2056
19887,2054,2054
19888,2051,2051
19889,2045,2045
19890,2041,2041
19891,2043,2043
19892,2047,2047
19893,2058,2058
19894,2065,2065
19895,2072,2072
19896,2078,2078
19897,2075,2075
19898,2073,2073
19899,2070,2070
19900,2071,2071
19901,2071,2071
19902,2074,2074
19903,2080,2080
19904,2081,2081
19905,2085,2085
19906,2087,2087
19907,2084,2084
19908,2083,2083
19909,2077,2077
19910,2077,2077
19911,2081,2081
19912,2083,2083
19913,2084,2084
19914,2086,2086
19915,2087,2087
19916,2085,2085
19917,2082,2082
19918,2077,2077
19919,2073,2073
19920,2074,2074
19921,2075,2075
19922,2077,2077
19923,2081,2081
19924,2087,2087
19925,2096,2096
19926,2103,2103
19927,2107,2107
19928,2113,2113
19929,2116,2116
19930,2119,2119
19931,2117,2117
19932,2116,2116
19933,2114,2114
19934,2114,2114
19935,2112,2112
19936,2115,2115
19937,2118,2118
19938,2121,2121
19939,2123,2123
19940,2117,2117
19941,2107,2107
19942,2095,2095
19943,2079,2079
19944,2073,2073
19945,2070,2070
19946,2072,2072
19947,2076,2076
19948,2078,2078
19949,2080,2080
19950,2080,2080
19951,2075,2075
19952,2072,2072
19953,2071,2071
19954,2070,2070
19955,2069,2069
19956,2066,2066
19957,2062,2062
19958,2057,2057
19959,2053,2053
19960,2046,2046
19961,2037,2037
19962,2031,2031
19963,2029,2029
19964,2030,2030
19965,2038,2038
19966,2049,2049
19967,2058,2058
19968,2065,2065
19969,2063,2063
19970,2061,2061
19971,2056,2056
19972,2049,2049
19973,2037,2037
19974,2021,2021
19975,2007,2007
19976,1998,1998
19977,1993,1993
19978,1990,1990
19979,1993,1993
19980,1997,1997
19981,2004,2004
19982,2011,2011
19983,2020,2020
19984,2029,2029
19985,2039,2039
19986,2048,2048
19987,2054,2054
19988,2055,2055
19989,2057,2057
19990,2058,2058
19991,2059,2059
19992,2059,2059
19993,2053,2053
19994,2049,2049
19995,2047,2047
19996,2042,2042
19997,2041,2041
19998,2041,2041
19999,2039,2039
