n,adc_buffer_40k,dac_buffer_40k,dac_buffer_40k_unprocessed
0,2030,2028,2020
1,2033,2028,2015
2,2033,1948,1990
3,2027,1961,1968
4,2015,1982,1951
5,2017,2009,1941
6,2011,2074,1948
7,2018,2044,1947
8,2027,2111,1965
9,2036,2095,1979
10,2036,2086,1991
11,2039,2035,1987
12,2035,2018,1977
13,2038,2004,1961
14,2035,1991,1939
15,2029,2008,1922
16,2024,2026,1912
17,2013,2034,1905
18,2009,2049,1906
19,1995,2052,1909
20,1985,2048,1909
21,1979,2048,1909
22,1969,2043,1903
23,1973,2036,1881
24,1991,2041,1854
25,2009,2048,1847
26,2011,2047,1849
27,2006,2030,1883
28,1989,2025,1913
29,1988,2042,1919
30,2013,2045,1921
31,2049,2048,1921
32,2069,2017,1939
33,2079,2003,1962
34,2089,2026,1972
35,2113,2040,1975
36,2137,2042,1977
37,2156,2023,1986
38,2161,2030,1992
39,2155,2075,1983
40,2151,2170,1945
41,2156,2152,1914
42,2154,2188,1874
43,2138,2163,1842
44,2115,2118,1823
45,2084,2093,1811
46,2062,2067,1806
47,2053,2040,1808
48,2056,2008,1818
49,2075,1956,1841
50,2093,1900,1878
51,2103,1884,1919
52,2119,1936,1947
53,2141,2032,1951
54,2169,2078,1943
55,2195,2044,1944
56,2217,1947,1971
57,2228,1780,2045
58,2234,1627,2165
59,2231,1554,2311
60,2229,1552,2464
61,2215,1613,2605
62,2199,1733,2713
63,2177,1889,2771
64,2158,2050,2770
65,2138,2214,2699
66,2125,2378,2545
67,2113,2381,2372
68,2108,2349,2195
69,2105,2274,2041
70,2101,2171,1941
71,2099,2126,1862
72,2099,2078,1821
73,2093,2052,1812
74,2090,2040,1841
75,2085,2048,1908
76,2095,2072,2005
77,2101,2105,2120
78,2102,2140,2243
79,2099,2174,2370
80,2086,2201,2494
81,2080,2232,2619
82,2067,2196,2706
83,2055,2146,2757
84,2051,2060,2763
85,2054,1956,2724
86,2059,1790,2623
87,2058,1656,2480
88,2049,1549,2309
89,2037,1530,2141
90,2027,1582,1997
91,2011,1693,1892
92,1988,1778,1815
93,1979,1924,1781
94,1977,2066,1786
95,1984,2207,1828
96,2000,2330,1901
97,2019,2389,1988
98,2024,2385,2073
99,2018,2315,2140
100,2011,2223,2184
101,2007,2151,2210
102,2002,2063,2214
103,2000,1961,2192
104,1995,1823,2134
105,2000,1720,2048
106,2008,1650,1941
107,2013,1649,1831
108,2015,1736,1742
109,2018,1787,1665
110,2013,1873,1611
111,2011,1995,1594
112,2004,2068,1601
113,2014,2176,1648
114,2037,2257,1730
115,2069,2276,1827
116,2095,2236,1915
117,2119,2190,1989
118,2135,2145,2046
119,2143,2108,2087
120,2151,2075,2109
121,2144,2052,2114
122,2139,2036,2098
123,2113,2030,2064
124,2097,2037,2021
125,2083,2048,1973
126,2079,2057,1934
127,2077,2064,1901
128,2076,2066,1876
129,2101,2052,1871
130,2119,2030,1885
131,2136,2003,1915
132,2147,1966,1963
133,2158,1945,2016
134,2165,1940,2066
135,2167,1942,2111
136,2170,1961,2145
137,2171,1965,2175
138,2167,2015,2186
139,2153,2041,2188
140,2143,2080,2178
141,2132,2075,2170
142,2121,2107,2153
143,2105,2105,2137
144,2093,2021,2144
145,2085,2013,2153
146,2078,1982,2170
147,2079,1949,2195
148,2062,1932,2224
149,2064,1912,2258
150,2059,1944,2284
151,2057,1972,2303
152,2057,1968,2323
153,2048,1985,2339
154,2037,2013,2348
155,2033,2048,2348
156,2029,2126,2327
157,2021,2152,2298
158,2018,2202,2254
159,2012,2213,2205
160,2007,2193,2160
161,2010,2195,2112
162,2017,2170,2070
163,2022,2130,2040
164,2028,2086,2025
165,2033,2055,2022
166,2033,2011,2039
167,2027,2005,2061
168,2022,2000,2089
169,2025,2008,2116
170,2029,2018,2140
171,2035,2025,2163
172,2037,2038,2176
173,2033,2042,2186
174,2040,2047,2187
175,2031,2048,2173
176,2035,2040,2144
177,2027,2028,2105
178,2026,2011,2056
179,2029,1996,2004
180,2031,1992,1959
181,2029,1993,1922
182,2026,2003,1896
183,2025,2022,1883
184,2011,2037,1878
185,1998,2073,1889
186,1987,2111,1914
187,1977,2143,1949
188,1970,2164,1989
189,1969,2162,2026
190,1973,2138,2054
191,1989,2091,2067
192,1992,2086,2078
193,1999,2037,2075
194,2007,2021,2068
195,2009,2002,2056
196,2017,1986,2040
197,2020,1981,2023
198,2015,2008,2013
199,2012,1972,1994
200,2011,2020,1987
201,2007,1992,1973
202,2011,1996,1960
203,2016,2020,1953
204,2018,2024,1947
205,2024,2036,1944
206,2029,2092,1956
207,2032,2131,1979
208,2038,2156,2010
209,2034,2172,2047
210,2034,2151,2079
211,2029,2128,2105
212,2026,2100,2123
213,2021,2075,2133
214,2023,2048,2133
215,2017,2036,2128
216,2016,1996,2104
217,2010,2007,2083
218,2009,1990,2049
219,2009,2021,2031
220,2013,2033,2019
221,2020,2033,2004
222,2029,2049,2006
223,2039,2051,2013
224,2048,2050,2023
225,2052,2048,2033
226,2068,2045,2041
227,2074,2046,2043
228,2079,2053,2035
229,2077,2055,2027
230,2070,2062,2015
231,2061,2061,2006
232,2044,2049,2005
233,2035,2051,2003
234,2030,2060,1997
235,2028,2066,1989
236,2030,2086,1974
237,2029,2097,1956
238,2030,2082,1944
239,2020,2072,1936
240,2022,2064,1931
241,2023,2048,1931
242,2029,2044,1932
243,2037,2048,1932
244,2055,2029,1937
245,2069,2040,1939
246,2081,2032,1943
247,2092,2048,1943
248,2107,2071,1937
249,2113,2055,1935
250,2114,2063,1931
251,2115,2091,1920
252,2116,2051,1919
253,2114,2048,1919
254,2108,2048,1919
255,2107,1979,1937
256,2107,2010,1947
257,2112,2004,1959
258,2120,2026,1965
259,2129,2044,1966
260,2137,2051,1965
261,2139,2057,1962
262,2145,2045,1963
263,2142,2048,1963
264,2143,2040,1966
265,2140,2031,1973
266,2143,2048,1973
267,2140,2059,1967
268,2147,2061,1959
269,2149,2065,1947
270,2157,2062,1935
271,2156,2063,1919
272,2149,2056,1908
273,2142,2054,1896
274,2139,2051,1884
275,2135,2048,1875
276,2137,2046,1871
277,2132,2049,1874
278,2131,2068,1901
279,2126,2119,1973
280,2129,2212,2106
281,2136,2274,2260
282,2142,2315,2417
283,2152,2321,2559
284,2157,2305,2679
285,2159,2224,2754
286,2156,2111,2779
287,2143,1976,2753
288,2124,1762,2655
289,2111,1591,2507
290,2093,1530,2347
291,2079,1541,2197
292,2069,1609,2072
293,2067,1664,1966
294,2063,1717,1877
295,2067,1804,1813
296,2054,1900,1775
297,2059,2024,1769
298,2056,2206,1809
299,2051,2391,1895
300,2043,2555,2022
301,2041,2646,2172
302,2035,2686,2333
303,2036,2700,2499
304,2039,2613,2645
305,2037,2489,2761
306,2047,2278,2823
307,2050,2095,2836
308,2051,1914,2798
309,2051,1686,2691
310,2046,1562,2541
311,2046,1542,2377
312,2041,1578,2216
313,2040,1598,2052
314,2039,1688,1911
315,2037,1777,1796
316,2037,1876,1716
317,2035,1963,1672
318,2038,2024,1658
319,2035,2087,1685
320,2041,2133,1754
321,2046,2150,1857
322,2051,2128,1965
323,2056,2102,2074
324,2061,2071,2167
325,2065,2048,2237
326,2067,2038,2273
327,2068,2046,2276
328,2069,2072,2243
329,2074,2117,2173
330,2083,2171,2073
331,2097,2212,1961
332,2113,2218,1861
333,2138,2211,1776
334,2153,2193,1708
335,2166,2170,1656
336,2170,2121,1627
337,2171,2080,1615
338,2168,2013,1627
339,2162,1940,1662
340,2153,1847,1724
341,2145,1787,1801
342,2135,1718,1895
343,2121,1729,1983
344,2109,1735,2067
345,2098,1793,2134
346,2089,1858,2183
347,2085,1949,2208
348,2075,2044,2209
349,2071,2135,2187
350,2067,2223,2143
351,2063,2279,2085
352,2062,2282,2026
353,2073,2252,1974
354,2077,2199,1935
355,2082,2131,1913
356,2084,2111,1896
357,2084,2037,1899
358,2074,1984,1917
359,2067,1933,1951
360,2056,1886,2001
361,2051,1875,2057
362,2043,1846,2126
363,2036,1867,2192
364,2032,1879,2258
365,2029,1916,2314
366,2026,1942,2363
367,2031,1990,2393
368,2036,2036,2400
369,2041,2049,2399
370,2043,2077,2375
371,2049,2085,2337
372,2047,2086,2286
373,2043,2070,2242
374,2035,2057,2204
375,2031,2048,2171
376,2027,2042,2151
377,2025,2039,2135
378,2027,2039,2124
379,2033,2049,2126
380,2042,2054,2131
381,2055,2070,2146
382,2057,2080,2165
383,2058,2076,2180
384,2056,2065,2188
385,2053,2069,2197
386,2052,2048,2197
387,2046,2048,2197
388,2044,2033,2192
389,2045,2026,2185
390,2045,2015,2175
391,2045,2014,2165
392,2046,1970,2143
393,2049,2004,2131
394,2051,1962,2108
395,2050,2009,2098
396,2057,1958,2075
397,2059,1949,2050
398,2060,1928,2020
399,2060,1956,1997
400,2062,1960,1975
401,2067,1976,1957
402,2067,1976,1939
403,2061,1992,1925
404,2061,2032,1921
405,2055,2048,1921
406,2056,2074,1928
407,2056,2087,1939
408,2053,2090,1951
409,2052,2115,1971
410,2049,2115,1992
411,2045,2115,2014
412,2050,2106,2034
413,2056,2086,2048
414,2057,2076,2059
415,2060,2045,2058
416,2058,2041,2055
417,2055,2026,2044
418,2052,2025,2031
419,2053,2021,2013
420,2057,2034,2002
421,2055,2029,1983
422,2050,2041,1974
423,2044,2045,1969
424,2039,2046,1965
425,2036,2048,1971
426,2033,2044,1984
427,2037,2041,1996
428,2039,2039,2008
429,2037,2035,2021
430,2034,2031,2034
431,2026,2028,2047
432,2015,2025,2060
433,2011,2034,2067
434,2001,2037,2072
435,1997,2045,2073
436,2000,2045,2074
437,1996,2034,2079
438,1999,2033,2084
439,2000,2051,2083
440,1999,2064,2078
441,2002,2078,2069
442,2009,2132,2045
443,2015,2152,2016
444,2021,2152,1988
445,2033,2116,1970
446,2038,2102,1956
447,2048,2106,1941
448,2050,2044,1942
449,2052,2024,1948
450,2052,1972,1967
451,2049,1980,1984
452,2051,1976,2002
453,2051,1996,2015
454,2055,2017,2023
455,2064,2063,2019
456,2072,2070,2013
457,2074,2080,2004
458,2075,2097,1990
459,2075,2085,1979
460,2077,2067,1973
461,2080,2057,1970
462,2084,2062,1965
463,2091,2058,1961
464,2104,2068,1953
465,2116,2080,1939
466,2126,2082,1923
467,2130,2082,1905
468,2132,2075,1889
469,2123,2071,1873
470,2121,2050,1871
471,2115,2040,1879
472,2105,2037,1893
473,2099,2035,1917
474,2099,2041,1941
475,2104,2048,1954
476,2109,2053,1977
477,2121,2055,1991
478,2129,2054,2000
479,2139,2052,2005
480,2140,2044,2002
481,2137,2040,1997
482,2136,2042,1994
483,2140,2040,1990
484,2136,2037,1985
485,2136,2043,1983
486,2143,2037,1979
487,2153,2020,1969
488,2149,2015,1958
489,2145,2001,1943
490,2145,1992,1926
491,2143,2010,1915
492,2141,1995,1900
493,2142,2008,1889
494,2140,1995,1875
495,2140,2009,1865
496,2139,2040,1863
497,2134,2087,1873
498,2126,2206,1913
499,2113,2407,2003
500,2104,2559,2131
501,2093,2590,2267
502,2079,2555,2395
503,2075,2491,2508
504,2073,2373,2592
505,2072,2226,2639
506,2071,2085,2649
507,2073,1975,2629
508,2068,1834,2568
509,2060,1706,2467
510,2051,1734,2370
511,2045,1742,2271
512,2041,1782,2180
513,2039,1798,2089
514,2039,1831,2004
515,2038,1866,1927
516,2039,1910,1863
517,2039,1986,1831
518,2036,2051,1833
519,2037,2134,1892
520,2038,2169,1990
521,2034,2178,2121
522,2037,2154,2263
523,2041,2117,2402
524,2043,2078,2522
525,2043,2048,2621
526,2038,2030,2690
527,2037,2031,2723
528,2039,2050,2719
529,2049,2085,2681
530,2058,2143,2604
531,2075,2195,2504
532,2083,2255,2382
533,2089,2313,2244
534,2091,2358,2099
535,2090,2372,1961
536,2095,2366,1836
537,2086,2313,1739
538,2078,2220,1680
539,2075,2143,1649
540,2077,2028,1655
541,2085,1902,1698
542,2089,1757,1781
543,2091,1682,1882
544,2095,1642,1991
545,2088,1671,2090
546,2082,1734,2171
547,2069,1843,2223
548,2058,1909,2258
549,2046,2020,2265
550,2039,2107,2250
551,2039,2211,2209
552,2046,2305,2144
553,2059,2381,2059
554,2080,2427,1961
555,2092,2432,1860
556,2099,2382,1770
557,2105,2304,1699
558,2099,2251,1641
559,2095,2176,1603
560,2090,2109,1584
561,2077,2041,1586
562,2065,1951,1619
563,2054,1867,1685
564,2043,1823,1773
565,2037,1817,1871
566,2035,1827,1974
567,2039,1868,2067
568,2044,1915,2145
569,2043,1956,2207
570,2039,1994,2250
571,2031,2030,2268
572,2019,2049,2266
573,2016,2060,2241
574,2011,2061,2189
575,2010,2048,2135
576,2012,2032,2075
577,2010,2022,2025
578,2014,2011,1976
579,2015,2016,1944
580,2017,2005,1910
581,2018,2043,1907
582,2013,2048,1907
583,2015,2086,1927
584,2019,2138,1969
585,2025,2191,2030
586,2033,2218,2097
587,2038,2256,2173
588,2050,2255,2244
589,2058,2288,2322
590,2063,2280,2394
591,2071,2213,2443
592,2071,2170,2478
593,2065,2098,2492
594,2056,2040,2490
595,2047,1968,2469
596,2043,1869,2423
597,2035,1776,2354
598,2032,1714,2270
599,2035,1752,2196
600,2042,1788,2131
601,2053,1816,2073
602,2065,1889,2033
603,2074,1902,1996
604,2078,1982,1979
605,2081,2036,1976
606,2083,2088,1987
607,2085,2134,2011
608,2079,2167,2045
609,2079,2183,2085
610,2073,2183,2127
611,2073,2177,2169
612,2073,2167,2210
613,2072,2149,2247
614,2074,2109,2271
615,2079,2076,2283
616,2082,2041,2280
617,2079,2013,2262
618,2074,1971,2217
619,2073,1969,2164
620,2069,1962,2095
621,2061,1982,2029
622,2055,1998,1963
623,2050,2021,1910
624,2057,2037,1867
625,2056,2048,1833
626,2066,2052,1814
627,2067,2050,1810
628,2073,2043,1816
629,2080,2022,1842
630,2079,1998,1882
631,2083,1986,1924
632,2084,1974,1967
633,2081,1961,2012
634,2068,1953,2056
635,2060,1963,2092
636,2049,1986,2116
637,2042,2012,2129
638,2027,2068,2122
639,2021,2081,2111
640,2019,2132,2085
641,2018,2169,2049
642,2023,2156,2018
643,2026,2189,1979
644,2029,2137,1955
645,2030,2135,1932
646,2027,2098,1919
647,2026,2099,1906
648,2017,2055,1904
649,2009,2032,1908
650,1999,1988,1923
651,2001,1952,1947
652,2002,1905,1983
653,2007,1902,2020
654,2010,1924,2052
655,2009,1949,2078
656,2011,1973,2098
657,2012,2008,2109
658,2021,2030,2114
659,2020,2058,2111
660,2023,2083,2100
661,2031,2088,2087
662,2037,2100,2069
663,2046,2080,2057
664,2048,2091,2040
665,2051,2085,2024
666,2051,2084,2007
667,2054,2086,1987
668,2053,2090,1962
669,2045,2070,1947
670,2047,2061,1936
671,2051,2052,1931
672,2053,2046,1933
673,2057,2041,1946
674,2062,2043,1964
675,2067,2048,1979
676,2073,2052,1997
677,2083,2053,2008
678,2093,2055,2018
679,2101,2055,2026
680,2105,2054,2031
681,2110,2055,2036
682,2112,2048,2036
683,2107,2049,2037
684,2100,2028,2028
685,2094,2038,2024
686,2087,2025,2015
687,2092,1974,1988
688,2096,1951,1955
689,2104,1961,1927
690,2115,1973,1904
691,2117,2010,1893
692,2125,2026,1887
693,2127,2066,1892
694,2127,2074,1899
695,2126,2105,1914
696,2126,2113,1931
697,2123,2134,1953
698,2120,2135,1975
699,2117,2115,1992
700,2125,2099,2005
701,2132,2079,2013
702,2129,2063,2017
703,2131,2051,2018
704,2131,2028,2013
705,2127,2002,2001
706,2119,1992,1986
707,2111,1982,1968
708,2101,1984,1950
709,2097,1990,1933
710,2093,1983,1913
711,2092,1998,1897
712,2095,1992,1878
713,2099,2012,1865
714,2101,2025,1856
715,2102,2033,1850
716,2108,2060,1856
717,2112,2096,1881
718,2113,2158,1946
719,2110,2184,2039
720,2110,2197,2160
721,2106,2162,2275
722,2103,2131,2387
723,2102,2093,2477
724,2093,2065,2545
725,2089,2048,2582
726,2092,2045,2592
727,2083,2056,2576
728,2068,2077,2536
729,2064,2109,2474
730,2053,2148,2393
731,2044,2184,2300
732,2042,2218,2200
733,2041,2240,2100
734,2049,2251,2005
735,2059,2217,1933
736,2064,2160,1889
737,2069,2102,1869
738,2079,1995,1887
739,2091,1896,1936
740,2102,1766,2023
741,2107,1713,2122
742,2108,1662,2232
743,2105,1675,2335
744,2105,1679,2434
745,2099,1682,2530
746,2092,1772,2601
747,2082,1847,2652
748,2076,1952,2676
749,2073,2091,2665
750,2068,2199,2627
751,2066,2371,2546
752,2057,2484,2436
753,2045,2562,2305
754,2026,2559,2173
755,2011,2561,2038
756,2005,2468,1925
757,2003,2373,1835
758,2007,2258,1775
759,2014,2183,1735
760,2027,2093,1721
761,2042,2026,1728
762,2049,1934,1767
763,2051,1905,1819
764,2049,1887,1882
765,2043,1895,1947
766,2047,1906,2013
767,2047,1943,2067
768,2056,1964,2116
769,2063,1999,2149
770,2065,2018,2173
771,2067,2045,2176
772,2062,2053,2169
773,2060,2066,2132
774,2057,2062,2073
775,2052,2048,1996
776,2045,2029,1921
777,2041,2012,1850
778,2041,2002,1789
779,2043,1996,1737
780,2042,2003,1701
781,2048,2018,1681
782,2054,2039,1676
783,2059,2076,1691
784,2065,2127,1728
785,2069,2177,1783
786,2079,2195,1841
787,2085,2228,1907
788,2089,2199,1959
789,2091,2242,2022
790,2090,2235,2080
791,2083,2223,2132
792,2076,2212,2179
793,2066,2192,2219
794,2057,2144,2245
795,2049,2116,2263
796,2041,2024,2257
797,2051,1985,2241
798,2054,1932,2212
799,2058,1892,2173
800,2059,1868,2128
801,2061,1900,2091
802,2060,1921,2059
803,2058,1977,2041
804,2053,2013,2032
805,2059,2059,2035
806,2061,2088,2046
807,2068,2105,2062
808,2071,2142,2089
809,2069,2152,2120
810,2070,2180,2161
811,2066,2189,2207
812,2056,2193,2257
813,2045,2198,2312
814,2036,2183,2365
815,2029,2137,2403
816,2028,2103,2429
817,2023,2059,2435
818,2026,2032,2426
819,2036,1993,2389
820,2037,1977,2332
821,2043,1976,2260
822,2055,1994,2189
823,2063,2016,2126
824,2069,2034,2072
825,2076,2048,2027
826,2082,2057,1991
827,2081,2064,1959
828,2083,2056,1947
829,2086,2040,1955
830,2084,2018,1979
831,2076,2011,2004
832,2068,1990,2038
833,2061,1961,2083
834,2054,2002,2104
835,2050,1977,2134
836,2051,2014,2147
837,2055,1990,2168
838,2062,2056,2165
839,2065,2060,2161
840,2063,2060,2157
841,2061,2085,2146
842,2058,2107,2129
843,2061,2156,2099
844,2065,2185,2062
845,2069,2226,2015
846,2073,2218,1971
847,2075,2201,1932
848,2075,2202,1893
849,2069,2151,1867
850,2057,2099,1854
851,2050,2051,1853
852,2034,2004,1864
853,2017,1957,1887
854,2008,1962,1909
855,2005,1956,1933
856,2001,1969,1954
857,2001,1990,1970
858,2002,2002,1983
859,2007,1970,2006
860,2010,1986,2025
861,2015,1980,2047
862,2020,1975,2072
863,2029,2004,2088
864,2034,2027,2096
865,2039,2064,2089
866,2046,2067,2080
867,2048,2086,2060
868,2048,2092,2034
869,2043,2089,2006
870,2037,2070,1988
871,2027,2058,1977
872,2019,2049,1975
873,2011,2050,1971
874,2009,2044,1983
875,2017,2048,1979
876,2015,2048,1981
877,2028,2051,1987
878,2031,2051,1992
879,2043,2051,1996
880,2049,2055,2002
881,2045,2061,2011
882,2046,2068,2023
883,2048,2061,2030
884,2044,2063,2037
885,2048,2052,2039
886,2046,2037,2035
887,2048,2037,2031
888,2049,2042,2029
889,2054,2048,2029
890,2061,2080,2039
891,2070,2048,2039
892,2073,2033,2035
893,2083,2044,2034
894,2085,2029,2029
895,2094,2013,2020
896,2102,2013,2011
897,2117,1992,1997
898,2130,1976,1979
899,2144,1968,1959
900,2154,1960,1937
901,2161,2000,1925
902,2165,2012,1916
903,2164,2036,1913
904,2159,2063,1917
905,2151,2074,1924
906,2146,2074,1931
907,2137,2091,1943
908,2129,2086,1954
909,2119,2105,1971
910,2112,2119,1993
911,2111,2078,2003
912,2111,2074,2012
913,2125,2069,2020
914,2125,2063,2026
915,2135,2045,2025
916,2135,2009,2007
917,2137,2022,1994
918,2138,2039,1989
919,2133,2028,1976
920,2129,2012,1947
921,2132,2032,1931
922,2130,2070,1961
923,2126,2039,1944
924,2124,2044,1931
925,2121,2048,1919
926,2104,2040,1949
927,2085,2051,1943
928,2063,2052,1937
929,2041,2059,1925
930,2025,2010,1955
931,2008,2118,1907
932,2003,1962,1957
933,2004,2001,1981
934,2015,2099,1957
935,2028,1925,2009
936,2037,1986,2033
937,2048,2026,2041
938,2052,1995,2059
939,2054,1884,2112
940,2052,1860,2170
941,2050,1926,2206
942,2050,1851,2262
943,2039,1856,2315
944,2033,1917,2350
945,2029,1785,2419
946,2033,2009,2429
947,2041,2012,2438
948,2043,2063,2434
949,2045,2207,2394
950,2043,2235,2347
951,2037,2255,2295
952,2029,2393,2208
953,2023,2224,2163
954,2020,2354,2084
955,2023,2211,2041
956,2023,2178,2006
957,2030,2087,1995
958,2037,2016,2004
959,2047,1943,2035
960,2056,1860,2093
961,2071,1850,2157
962,2081,1884,2213
963,2094,1834,2291
964,2099,1872,2360
965,2097,1993,2383
966,2098,1915,2445
967,2093,1955,2493
968,2090,2003,2519
969,2085,1987,2560
970,2079,2029,2575
971,2080,2079,2543
972,2082,2095,2480
973,2089,2093,2389
974,2095,2075,2281
975,2094,2048,2157
976,2090,2021,2050
977,2086,1992,1940
978,2082,1997,1872
979,2066,1991,1815
980,2056,1996,1773
981,2048,2034,1764
982,2048,2049,1765
983,2049,2113,1799
984,2060,2183,1862
985,2065,2210,1931
986,2073,2211,1995
987,2081,2179,2043
988,2080,2126,2070
989,2076,2115,2092
990,2074,2109,2111
991,2067,2007,2099
992,2059,2048,2099
993,2057,2076,2107
994,2048,1969,2086
995,2045,1975,2067
996,2040,1931,2037
997,2040,2004,2026
998,2039,1928,1996
999,2037,1808,1936
1000,2031,1812,1877
1001,2031,1940,1850
1002,2034,1936,1822
1003,2038,1914,1788
1004,2045,2098,1801
1005,2050,2067,1806
1006,2055,2155,1835
1007,2060,2344,1917
1008,2064,2163,1950
1009,2061,2152,1981
1010,2061,2167,2018
1011,2053,2060,2022
1012,2043,2135,2052
1013,2035,2157,2092
1014,2033,2058,2096
1015,2026,2048,2096
1016,2021,2099,2120
1017,2025,2092,2143
1018,2028,2083,2164
1019,2029,2095,2196
1020,2034,2071,2215
1021,2040,2046,2213
1022,2041,2049,2215
1023,2039,2042,2204
1024,2042,2040,2174
1025,2055,2048,2153
1026,2066,2059,2106
1027,2082,2064,2073
1028,2091,2065,2050
1029,2099,2045,2053
1030,2105,2034,2064
1031,2103,2012,2088
1032,2103,1998,2117
1033,2097,1980,2152
1034,2092,1962,2192
1035,2089,1953,2232
1036,2086,1997,2252
1037,2096,1979,2277
1038,2106,2007,2291
1039,2104,2001,2306
1040,2096,1973,2329
1041,2090,2024,2336
1042,2084,2104,2320
1043,2078,2131,2297
1044,2070,2211,2253
1045,2057,2283,2191
1046,2050,2323,2120
1047,2051,2271,2063
1048,2053,2222,2019
1049,2058,2179,1986
1050,2058,2195,1949
1051,2057,2111,1933
1052,2052,2111,1917
1053,2050,2020,1924
1054,2046,1947,1950
1055,2047,1945,1977
1056,2050,1847,2031
1057,2053,1943,2060
1058,2056,2002,2073
1059,2056,2054,2071
1060,2064,2028,2077
1061,2068,2078,2067
1062,2064,2088,2053
1063,2061,2048,2053
1064,2056,2065,2046
1065,2056,2064,2039
1066,2056,2032,2046
1067,2061,2057,2041
1068,2057,2075,2025
1069,2050,2086,1999
1070,2044,2073,1978
1071,2031,2070,1955
1072,2022,2059,1939
1073,2013,2054,1927
1074,2003,2050,1919
1075,2002,2048,1913
1076,1996,2046,1907
1077,2001,2049,1909
1078,2004,2056,1921
1079,2008,2067,1941
1080,2017,2062,1953
1081,2029,2071,1969
1082,2038,2078,1987
1083,2047,2080,2004
1084,2051,2060,2010
1085,2054,2078,2023
1086,2054,2093,2041
1087,2053,2089,2056
1088,2053,2117,2080
1089,2047,2088,2093
1090,2044,2067,2099
1091,2039,2091,2112
1092,2041,2030,2107
1093,2043,2019,2099
1094,2051,2029,2094
1095,2059,1975,2075
1096,2064,1947,2049
1097,2072,1918,2016
1098,2074,1980,1999
1099,2083,2004,1988
1100,2087,2020,1981
1101,2088,2028,1976
1102,2089,2067,1981
1103,2088,2099,1994
1104,2090,2082,2003
1105,2092,2036,2000
1106,2093,2029,1995
1107,2095,2026,1989
1108,2095,2016,1980
1109,2098,2054,1982
1110,2108,2070,1989
1111,2110,2078,1999
1112,2106,2065,2005
1113,2116,2094,2022
1114,2120,2081,2035
1115,2122,2085,2051
1116,2119,2073,2063
1117,2116,2055,2067
1118,2111,2037,2061
1119,2105,2034,2052
1120,2092,2029,2037
1121,2097,2026,2015
1122,2093,2023,1982
1123,2091,2028,1943
1124,2092,2039,1910
1125,2092,2048,1891
1126,2094,2050,1880
1127,2092,2049,1877
1128,2091,2043,1883
1129,2089,2038,1893
1130,2085,2040,1899
1131,2082,2024,1915
1132,2080,2013,1935
1133,2088,2009,1955
1134,2089,1977,1988
1135,2091,1998,2009
1136,2087,1991,2031
1137,2083,1982,2055
1138,2079,2013,2067
1139,2071,2023,2075
1140,2069,2057,2072
1141,2056,2078,2063
1142,2049,2125,2041
1143,2044,2163,2009
1144,2039,2144,1983
1145,2030,2162,1953
1146,2028,2156,1925
1147,2021,2122,1906
1148,2016,2099,1893
1149,2015,2048,1893
1150,2015,2020,1900
1151,2021,2008,1910
1152,2029,1996,1923
1153,2036,1985,1939
1154,2043,1966,1960
1155,2052,1968,1981
1156,2056,1943,2009
1157,2062,1906,2048
1158,2069,1862,2101
1159,2076,1869,2154
1160,2076,1870,2209
1161,2079,1903,2256
1162,2076,1928,2297
1163,2076,1946,2334
1164,2072,1994,2355
1165,2069,2038,2359
1166,2069,2039,2363
1167,2067,2063,2355
1168,2069,2092,2329
1169,2071,2098,2295
1170,2075,2098,2254
1171,2073,2089,2212
1172,2071,2080,2169
1173,2065,2066,2132
1174,2058,2057,2094
1175,2062,2048,2070
1176,2066,2043,2052
1177,2073,2049,2054
1178,2083,2054,2063
1179,2090,2063,2079
1180,2092,2081,2106
1181,2092,2105,2145
1182,2099,2128,2192
1183,2088,2138,2239
1184,2086,2168,2295
1185,2083,2165,2345
1186,2081,2155,2387
1187,2081,2141,2421
1188,2082,2097,2438
1189,2081,2063,2443
1190,2075,2022,2435
1191,2074,1963,2410
1192,2071,1900,2368
1193,2068,1863,2317
1194,2072,1817,2255
1195,2075,1808,2192
1196,2080,1776,2122
1197,2084,1788,2056
1198,2084,1825,2000
1199,2080,1840,1948
1200,2076,1884,1907
1201,2071,1932,1878
1202,2065,1980,1861
1203,2063,2012,1852
1204,2063,2063,1856
1205,2064,2120,1875
1206,2060,2133,1898
1207,2056,2156,1928
1208,2049,2188,1968
1209,2043,2179,2007
1210,2033,2167,2044
1211,2029,2168,2083
1212,2021,2135,2113
1213,2017,2113,2137
1214,2018,2086,2152
1215,2013,2043,2150
1216,2017,2028,2141
1217,2018,1986,2109
1218,2018,1981,2070
1219,2021,1978,2023
1220,2025,1983,1971
1221,2027,2007,1930
1222,2034,2021,1895
1223,2037,2035,1871
1224,2041,2043,1855
1225,2041,2048,1846
1226,2036,2047,1849
1227,2032,2039,1865
1228,2035,2031,1887
1229,2037,2018,1917
1230,2042,2005,1951
1231,2051,2002,1982
1232,2056,1991,2015
1233,2061,1984,2048
1234,2065,1979,2080
1235,2066,1975,2111
1236,2062,2007,2127
1237,2061,1982,2151
1238,2066,1969,2178
1239,2070,2038,2181
1240,2076,2031,2186
1241,2084,2020,2194
1242,2093,2048,2194
1243,2097,2073,2187
1244,2105,2107,2171
1245,2108,2127,2150
1246,2106,2106,2135
1247,2100,2126,2115
1248,2094,2139,2092
1249,2086,2059,2089
1250,2075,2048,2089
1251,2072,2044,2090
1252,2071,2004,2101
1253,2076,1953,2125
1254,2080,2013,2134
1255,2093,2013,2143
1256,2099,2014,2152
1257,2099,2037,2155
1258,2097,2019,2163
1259,2092,2004,2176
1260,2080,2038,2179
1261,2075,2001,2194
1262,2072,2004,2209
1263,2068,2034,2214
1264,2070,2063,2208
1265,2071,2085,2192
1266,2072,2088,2173
1267,2070,2098,2147
1268,2061,2107,2112
1269,2056,2087,2085
1270,2058,2073,2064
1271,2054,2071,2040
1272,2051,2046,2042
1273,2049,2049,2040
1274,2051,2052,2023
1275,2050,2048,2015
1276,2054,2047,2012
1277,2059,2044,2005
1278,2064,2043,1999
1279,2073,2040,1991
1280,2079,2039,1984
1281,2080,2049,1985
1282,2072,2065,1995
1283,2060,2074,2009
1284,2050,2086,2027
1285,2033,2073,2038
1286,2019,2068,2046
1287,2009,2067,2053
1288,2007,2033,2048
1289,2012,2066,2054
1290,2015,2025,2047
1291,2020,2000,2033
1292,2029,2016,2024
1293,2038,2008,2013
1294,2045,2010,2003
1295,2051,2021,1996
1296,2057,2009,1986
1297,2068,1996,1973
1298,2074,2008,1963
1299,2074,2016,1955
1300,2072,2024,1949
1301,2070,2032,1945
1302,2068,2055,1947
1303,2066,2067,1952
1304,2064,2075,1959
1305,2061,2105,1974
1306,2060,2111,1991
1307,2054,2120,2011
1308,2049,2118,2031
1309,2048,2125,2054
1310,2050,2115,2075
1311,2049,2140,2105
1312,2049,2082,2117
1313,2043,2064,2123
1314,2052,2065,2130
1315,2060,2050,2131
1316,2072,2013,2115
1317,2086,2021,2101
1318,2087,2022,2086
1319,2090,1996,2051
1320,2095,2007,2018
1321,2092,2029,1999
1322,2093,2031,1977
1323,2089,2041,1965
1324,2081,2046,1958
1325,2076,2048,1955
1326,2075,2046,1959
1327,2068,2043,1968
1328,2071,2045,1971
1329,2074,2049,1969
1330,2081,2050,1967
1331,2082,2027,1981
1332,2081,2034,1989
1333,2077,2032,1997
1334,2074,2022,2009
1335,2073,2003,2028
1336,2068,2009,2043
1337,2078,2004,2059
1338,2074,2021,2068
1339,2079,2044,2069
1340,2082,2086,2057
1341,2089,2088,2045
1342,2089,2114,2026
1343,2083,2120,2006
1344,2076,2152,1978
1345,2069,2135,1955
1346,2063,2144,1930
1347,2056,2114,1913
1348,2048,2095,1901
1349,2048,2079,1893
1350,2046,2051,1892
1351,2049,2051,1891
1352,2050,2004,1902
1353,2045,2004,1913
1354,2043,1982,1930
1355,2037,2009,1940
1356,2038,1999,1953
1357,2039,2022,1960
1358,2045,2016,1969
1359,2061,2020,1977
1360,2069,2028,1983
1361,2078,2041,1985
1362,2083,2024,1993
1363,2086,2042,1995
1364,2091,2058,1991
1365,2092,2057,1987
1366,2089,2067,1978
1367,2083,2063,1970
1368,2078,2059,1963
1369,2075,2056,1957
1370,2075,2055,1951
1371,2073,2048,1951
1372,2074,2042,1959
1373,2075,2041,1972
1374,2082,2042,1993
1375,2084,2048,2030
1376,2089,2058,2073
1377,2088,2073,2123
1378,2085,2083,2171
1379,2076,2094,2218
1380,2070,2094,2256
1381,2063,2084,2281
1382,2064,2076,2298
1383,2064,2057,2303
1384,2064,2039,2299
1385,2064,2012,2284
1386,2059,1989,2261
1387,2063,1995,2242
1388,2065,1975,2217
1389,2067,1992,2199
1390,2069,1976,2177
1391,2080,1990,2160
1392,2076,1998,2146
1393,2083,2004,2134
1394,2083,2010,2124
1395,2074,2021,2117
1396,2085,2055,2119
1397,2081,2055,2121
1398,2079,2119,2139
1399,2073,2159,2167
1400,2070,2199,2205
1401,2068,2207,2245
1402,2075,2230,2291
1403,2075,2189,2327
1404,2077,2140,2351
1405,2075,2139,2375
1406,2070,2055,2377
1407,2064,2004,2365
1408,2060,1974,2344
1409,2058,1943,2313
1410,2056,1912,2271
1411,2053,1924,2231
1412,2051,1931,2191
1413,2048,1960,2159
1414,2047,1981,2133
1415,2047,1972,2101
1416,2044,1975,2067
1417,2039,1990,2037
1418,2036,1990,2003
1419,2029,2006,1975
1420,2028,2019,1952
1421,2029,2028,1932
1422,2035,2040,1922
1423,2042,2050,1927
1424,2045,2050,1937
1425,2042,2048,1951
1426,2041,2042,1971
1427,2036,2039,1988
1428,2032,2036,2004
1429,2029,2036,2016
1430,2033,2036,2025
1431,2041,2039,2031
1432,2049,2037,2037
1433,2055,2048,2037
1434,2065,2052,2035
1435,2075,2057,2031
1436,2078,2088,2015
1437,2080,2097,1997
1438,2081,2109,1976
1439,2080,2112,1955
1440,2085,2086,1943
1441,2079,2091,1930
1442,2081,2058,1927
1443,2080,2062,1923
1444,2071,2070,1917
1445,2080,2025,1923
1446,2077,2063,1919
1447,2091,1985,1935
1448,2097,1972,1954
1449,2099,1976,1972
1450,2096,1972,1991
1451,2095,1936,2019
1452,2087,1956,2042
1453,2081,1922,2074
1454,2078,1939,2102
1455,2077,1979,2120
1456,2080,1962,2143
1457,2086,1975,2163
1458,2092,2012,2173
1459,2099,2020,2181
1460,2097,2048,2181
1461,2096,2054,2179
1462,2093,2071,2171
1463,2090,2069,2163
1464,2081,2060,2158
1465,2074,2059,2153
1466,2068,2048,2153
1467,2062,2038,2158
1468,2061,2042,2161
1469,2063,2036,2169
1470,2059,2039,2176
1471,2055,2041,2183
1472,2052,2050,2180
1473,2050,2050,2176
1474,2049,2050,2167
1475,2050,2048,2164
1476,2048,2047,2163
1477,2046,2049,2165
1478,2052,2048,2165
1479,2054,2053,2171
1480,2056,2054,2176
1481,2057,2050,2178
1482,2058,2051,2180
1483,2056,2046,2179
1484,2055,2039,2175
1485,2052,2024,2165
1486,2057,2022,2155
1487,2054,2006,2140
1488,2060,2007,2126
1489,2062,1998,2110
1490,2064,2015,2100
1491,2062,2010,2089
1492,2060,1998,2075
1493,2055,1990,2059
1494,2052,2029,2054
1495,2044,2051,2055
1496,2037,2013,2046
1497,2032,2036,2043
1498,2027,2016,2035
1499,2023,2000,2023
1500,2015,2008,2013
1501,2012,1976,1995
1502,2008,1980,1978
1503,2010,2004,1967
1504,2013,2013,1958
1505,2015,2051,1959
1506,2023,2070,1965
1507,2033,2102,1980
1508,2041,2104,1996
1509,2049,2068,2002
1510,2059,2070,2009
1511,2067,2051,2010
1512,2073,2027,2003
1513,2072,2034,1998
1514,2070,2019,1987
1515,2071,2036,1982
1516,2055,2056,1986
1517,2065,2049,1987
1518,2059,2053,1990
1519,2061,2050,1992
1520,2057,2052,1996
1521,2057,2047,1995
1522,2059,2049,1997
1523,2062,2050,2001
1524,2068,2049,2005
1525,2069,2048,2007
1526,2068,2046,2011
1527,2065,2047,2012
1528,2062,2044,2017
1529,2065,2040,2025
1530,2066,2034,2036
1531,2066,2028,2049
1532,2067,2032,2058
1533,2063,2017,2074
1534,2062,2022,2086
1535,2060,2036,2091
1536,2061,2040,2094
1537,2062,2064,2088
1538,2067,2085,2075
1539,2071,2078,2065
1540,2077,2093,2051
1541,2078,2064,2046
1542,2075,2086,2035
1543,2073,2076,2027
1544,2073,2066,2022
1545,2074,2063,2018
1546,2074,2032,2022
1547,2084,2048,2022
1548,2094,2024,2028
1549,2096,2036,2031
1550,2098,2032,2035
1551,2093,2055,2033
1552,2086,2103,2019
1553,2081,2079,2011
1554,2077,2063,2007
1555,2071,2078,1999
1556,2068,2044,2000
1557,2061,2048,2000
1558,2054,2030,2005
1559,2053,2034,2009
1560,2041,2060,2005
1561,2037,2066,1999
1562,2037,2059,1995
1563,2042,2075,1985
1564,2048,2083,1971
1565,2057,2083,1956
1566,2063,2063,1949
1567,2066,2071,1937
1568,2065,2054,1933
1569,2059,2046,1934
1570,2053,2049,1933
1571,2054,2028,1953
1572,2054,2039,1964
1573,2055,2044,1970
1574,2061,2046,1975
1575,2061,2048,1976
1576,2067,2047,1975
1577,2065,2045,1971
1578,2061,2039,1959
1579,2059,2040,1951
1580,2056,2036,1942
1581,2051,2048,1942
1582,2051,2044,1940
1583,2052,2057,1945
1584,2054,2052,1947
1585,2059,2052,1949
1586,2059,2032,1943
1587,2059,2026,1935
1588,2052,2062,1940
1589,2046,2078,1950
1590,2030,2044,1949
1591,2037,2095,1963
1592,2038,2174,1999
1593,2034,2160,2030
1594,2033,2222,2077
1595,2034,2238,2127
1596,2040,2202,2167
1597,2033,2169,2198
1598,2035,2135,2220
1599,2046,2135,2242
1600,2061,2087,2252
1601,2071,2075,2259
1602,2084,2063,2263
1603,2099,2048,2263
1604,2103,2044,2262
1605,2109,1983,2245
1606,2108,1977,2226
1607,2100,1990,2210
1608,2097,1984,2192
1609,2092,1997,2177
1610,2095,2015,2167
1611,2093,2035,2163
1612,2091,2048,2163
1613,2090,2053,2165
1614,2092,2068,2173
1615,2083,2057,2177
1616,2073,2056,2181
1617,2064,2061,2188
1618,2058,2068,2200
1619,2051,2089,2228
1620,2045,2092,2264
1621,2047,2078,2295
1622,2049,2065,2318
1623,2052,2055,2333
1624,2062,2047,2332
1625,2068,2048,2325
1626,2072,2051,2313
1627,2078,2057,2295
1628,2080,2070,2265
1629,2082,2082,2230
1630,2080,2091,2195
1631,2079,2095,2163
1632,2080,2097,2134
1633,2077,2098,2108
1634,2074,2105,2081
1635,2069,2109,2055
1636,2064,2098,2035
1637,2063,2100,2016
1638,2059,2103,1997
1639,2057,2091,1983
1640,2046,2083,1972
1641,2039,2088,1960
1642,2038,2083,1950
1643,2040,2062,1946
1644,2044,2029,1951
1645,2057,2006,1962
1646,2055,2013,1971
1647,2058,1977,1989
1648,2061,1984,2005
1649,2063,1996,2018
1650,2063,2012,2027
1651,2059,2048,2027
1652,2055,2044,2028
1653,2041,2071,2022
1654,2056,2082,2013
1655,2063,2112,1996
1656,2065,2096,1983
1657,2077,2091,1971
1658,2077,2069,1965
1659,2075,2041,1967
1660,2075,2005,1980
1661,2080,2038,1983
1662,2072,2030,1989
1663,2079,2031,1995
1664,2069,2037,1999
1665,2072,2040,2002
1666,2064,2045,2003
1667,2066,2044,2005
1668,2065,2041,2009
1669,2066,2031,2020
1670,2069,2023,2040
1671,2077,2033,2055
1672,2082,2031,2077
1673,2085,2037,2098
1674,2090,2042,2119
1675,2089,2048,2131
1676,2080,2051,2143
1677,2067,2051,2150
1678,2058,2050,2154
1679,2050,2045,2151
1680,2046,2049,2152
1681,2048,2052,2155
1682,2050,2063,2164
1683,2057,2057,2169
1684,2063,2043,2167
1685,2065,2048,2167
1686,2063,2032,2161
1687,2060,2045,2160
1688,2060,2024,2152
1689,2061,2032,2147
1690,2062,2035,2143
1691,2068,2034,2139
1692,2069,2044,2138
1693,2080,2051,2139
1694,2084,2048,2139
1695,2088,2101,2153
1696,2077,2063,2157
1697,2079,2040,2155
1698,2068,2032,2151
1699,2061,2024,2145
1700,2063,2008,2135
1701,2043,2008,2125
1702,2035,1988,2110
1703,2037,2000,2098
1704,2039,2020,2091
1705,2047,2036,2088
1706,2056,2044,2087
1707,2064,2048,2087
1708,2077,2055,2089
1709,2080,2048,2089
1710,2081,2038,2086
1711,2076,2017,2076
1712,2079,2021,2067
1713,2080,2009,2053
1714,2079,2009,2038
1715,2073,2003,2019
1716,2064,2032,2012
1717,2065,2032,2004
1718,2063,2032,1995
1719,2065,2039,1989
1720,2067,2045,1987
1721,2066,2044,1983
1722,2067,2048,1983
1723,2066,2048,1983
1724,2070,2046,1978
1725,2075,2048,1975
1726,2073,2049,1971
1727,2072,2045,1975
1728,2072,2041,1984
1729,2074,2037,1995
1730,2073,2035,2005
1731,2076,2030,2017
1732,2068,2027,2029
1733,2066,2044,2031
1734,2063,2039,2035
1735,2067,2048,2035
1736,2071,2055,2032
1737,2079,2056,2029
1738,2076,2062,2024
1739,2076,2075,2015
1740,2072,2044,2016
1741,2073,2098,2001
1742,2078,2069,1995
1743,2083,2044,1996
1744,2085,2021,2003
1745,2089,2044,2004
1746,2092,2028,2009
1747,2093,2008,2019
1748,2084,2028,2024
1749,2084,2004,2035
1750,2071,2048,2035
1751,2066,2040,2037
1752,2072,2036,2040
1753,2060,2040,2042
1754,2057,2009,2052
1755,2048,2028,2057
1756,2022,2033,2061
1757,2039,2015,2070
1758,2035,2069,2064
1759,2028,2095,2050
1760,2027,2048,2050
1761,2030,2075,2041
1762,2035,2077,2031
1763,2039,2075,2021
1764,2045,2055,2018
1765,2051,2055,2015
1766,2045,2032,2022
1767,2043,2034,2029
1768,2036,2027,2041
1769,2042,2046,2042
1770,2044,2056,2035
1771,2048,2061,2021
1772,2052,2055,2011
1773,2058,2054,1999
1774,2069,2050,1990
1775,2073,2048,1985
1776,2072,2048,1988
1777,2068,2049,1991
1778,2057,2048,1992
1779,2048,2056,2001
1780,2041,2049,2002
1781,2043,2048,2002
1782,2045,2041,1998
1783,2049,2038,1993
1784,2049,2011,1976
1785,2036,2062,1982
1786,2045,2037,1978
1787,2040,2028,1971
1788,2036,2053,1973
1789,2036,2041,1971
1790,2038,2057,1974
1791,2043,2061,1978
1792,2050,2065,1983
1793,2060,2073,1990
1794,2061,2055,1992
1795,2073,2070,1998
1796,2071,2059,2001
1797,2065,2067,2006
1798,2072,2036,2003
1799,2064,2059,2006
1800,2062,2036,2003
1801,2061,2036,2000
1802,2059,2044,1999
1803,2055,2055,2001
1804,2055,2040,1999
1805,2060,2063,2003
1806,2068,2062,2007
1807,2066,2073,2014
1808,2065,2076,2022
1809,2069,2091,2035
1810,2071,2099,2051
1811,2079,2115,2073
1812,2087,2080,2084
1813,2086,2078,2095
1814,2087,2093,2113
1815,2088,2078,2126
1816,2089,2088,2145
1817,2085,2082,2163
1818,2080,2076,2180
1819,2069,2078,2201
1820,2073,2067,2217
1821,2071,2067,2237
1822,2069,2053,2244
1823,2069,2048,2244
1824,2068,2045,2235
1825,2073,2048,2224
1826,2077,2052,2207
1827,2075,2059,2185
1828,2071,2059,2169
1829,2073,2060,2156
1830,2073,2052,2152
1831,2075,2050,2150
1832,2079,2046,2151
1833,2085,2040,2155
1834,2085,2050,2154
1835,2084,2050,2153
1836,2080,2027,2161
1837,2075,2058,2157
1838,2059,2042,2159
1839,2055,2014,2170
1840,2051,2031,2175
1841,2055,2004,2188
1842,2054,1998,2202
1843,2060,2026,2208
1844,2056,2025,2214
1845,2055,2048,2214
1846,2052,2075,2207
1847,2051,2075,2200
1848,2054,2095,2188
1849,2059,2127,2168
1850,2068,2139,2145
1851,2079,2127,2125
1852,2082,2123,2106
1853,2092,2122,2087
1854,2092,2106,2072
1855,2087,2101,2058
1856,2079,2103,2043
1857,2073,2076,2035
1858,2069,2083,2025
1859,2061,2075,2017
1860,2060,2070,2010
1861,2059,2035,2014
1862,2059,2050,2013
1863,2059,2034,2018
1864,2057,2032,2024
1865,2058,2040,2027
1866,2048,2043,2029
1867,2043,2048,2029
1868,2038,2054,2025
1869,2043,2048,2025
1870,2045,2051,2022
1871,2060,2050,2019
1872,2069,2047,2020
1873,2072,2044,2026
1874,2077,2045,2035
1875,2074,2048,2042
1876,2073,2048,2045
1877,2072,2050,2049
1878,2073,2045,2046
1879,2073,2045,2043
1880,2076,2038,2035
1881,2074,2039,2029
1882,2074,2030,2019
1883,2061,2040,2015
1884,2057,2052,2017
1885,2060,2052,2019
1886,2065,2042,2017
1887,2075,2064,2023
1888,2089,2059,2027
1889,2097,2060,2031
1890,2100,2073,2039
1891,2100,2068,2045
1892,2092,2069,2051
1893,2091,2073,2058
1894,2081,2085,2068
1895,2081,2063,2072
1896,2077,2075,2079
1897,2073,2083,2088
1898,2071,2099,2101
1899,2065,2083,2110
1900,2061,2107,2125
1901,2061,2139,2148
1902,2061,2123,2167
1903,2060,2095,2179
1904,2055,2075,2186
1905,2054,2048,2186
1906,2054,2003,2174
1907,2066,1990,2158
1908,2076,1988,2141
1909,2087,1970,2118
1910,2094,1973,2095
1911,2093,1998,2079
1912,2097,2013,2067
1913,2093,2034,2062
1914,2065,2055,2065
1915,2080,2052,2067
1916,2074,2063,2074
1917,2068,2073,2087
1918,2067,2061,2095
1919,2062,2059,2103
1920,2062,2052,2107
1921,2060,2042,2101
1922,2056,2053,2109
1923,2049,2045,2104
1924,2047,2049,2110
1925,2038,2048,2119
1926,2036,2046,2124
1927,2046,2047,2125
1928,2045,2052,2119
1929,2035,2058,2108
1930,2045,2069,2091
1931,2044,2077,2071
1932,2050,2092,2045
1933,2056,2076,2030
1934,2064,2071,2019
1935,2069,2066,2011
1936,2073,2058,2007
1937,2075,2042,2009
1938,2073,2045,2010
1939,2075,2057,2007
1940,2077,2054,2005
1941,2081,2068,1999
1942,2085,2065,1994
1943,2087,2048,1994
1944,2085,2036,1997
1945,2082,2032,2001
1946,2086,2032,2005
1947,2075,2040,2007
1948,2070,2032,2011
1949,2059,2016,2019
1950,2050,2024,2025
1951,2045,2044,2026
1952,2046,2028,2031
1953,2052,2055,2029
1954,2054,2090,2018
1955,2060,2051,2017
1956,2071,2111,2000
1957,2080,2066,1995
1958,2087,2062,1991
1959,2086,2034,1995
1960,2081,2025,2002
1961,2083,2014,2013
1962,2077,2007,2027
1963,2073,2026,2035
1964,2067,2030,2042
1965,2067,2050,2041
1966,2060,2063,2034
1967,2061,2065,2025
1968,2063,2059,2018
1969,2063,2043,2021
1970,2064,2041,2026
1971,2067,2040,2034
1972,2057,2038,2047
1973,2059,2046,2050
1974,2051,2047,2052
1975,2049,2048,2052
1976,2047,2046,2046
1977,2043,2044,2039
1978,2044,2042,2032
1979,2049,2046,2030
1980,2050,2046,2029
1981,2049,2042,2025
1982,2046,2059,2032
1983,2044,2036,2026
1984,2042,2054,2029
1985,2043,2045,2028
1986,2050,2050,2029
1987,2050,2048,2029
1988,2043,2042,2027
1989,2044,2029,2021
1990,2037,2035,2017
1991,2031,2027,2011
1992,2019,2030,2006
1993,2028,2029,2001
1994,2067,2062,2005
1995,2043,2055,2007
1996,2052,2067,2012
1997,2055,2048,2012
1998,2057,2059,2015
1999,2061,2055,2017
2000,2061,2055,2019
2001,2059,2032,2015
2002,2065,2036,2012
2003,2066,2024,2006
2004,2071,2044,2005
2005,2078,2040,2003
2006,2080,2033,1999
2007,2079,2004,1987
2008,2077,2019,1979
2009,2073,2041,1977
2010,2068,2035,1973
2011,2067,2051,1974
2012,2065,2062,1979
2013,2064,2075,1989
2014,2066,2081,2002
2015,2072,2059,2007
2016,2079,2060,2013
2017,2076,2059,2019
2018,2072,2056,2024
2019,2069,2056,2030
2020,2066,2056,2037
2021,2070,2055,2045
2022,2069,2049,2047
2023,2077,2052,2055
2024,2077,2052,2071
2025,2078,2048,2080
2026,2078,2045,2091
2027,2082,2043,2099
2028,2089,2045,2103
2029,2091,2044,2107
2030,2089,2044,2110
2031,2078,2050,2108
2032,2080,2042,2111
2033,2072,2034,2118
2034,2064,2037,2123
2035,2055,2038,2127
2036,2053,2053,2125
2037,2057,2053,2123
2038,2064,2042,2125
2039,2069,2023,2133
2040,2078,2005,2146
2041,2068,1997,2161
2042,2060,2033,2165
2043,2055,1982,2183
2044,2048,2051,2182
2045,2049,2006,2193
2046,2053,2024,2199
2047,2061,2075,2192
2048,2073,2099,2179
2049,2083,2036,2182
2050,2083,2044,2183
2051,2085,2067,2178
2052,2086,2055,2176
2053,2083,2040,2178
2054,2080,2059,2175
2055,2078,2074,2168
2056,2073,2085,2158
2057,2069,2102,2143
2058,2065,2093,2130
2059,2065,2075,2122
2060,2066,2077,2113
2061,2071,2066,2107
2062,2074,2024,2115
2063,2069,2023,2124
2064,2066,2030,2131
2065,2061,2038,2135
2066,2060,2026,2145
2067,2052,2040,2149
2068,2050,2051,2147
2069,2050,2061,2138
2070,2047,2060,2128
2071,2052,2060,2115
2072,2051,2056,2104
2073,2059,2052,2095
2074,2067,2050,2084
2075,2071,2048,2070
2076,2077,2046,2063
2077,2083,2043,2054
2078,2082,2041,2045
2079,2081,2039,2036
2080,2075,2033,2024
2081,2071,2031,2013
2082,2059,2030,2003
2083,2051,2034,1996
2084,2049,2043,1994
2085,2054,2055,1997
2086,2055,2058,2001
2087,2058,2064,2007
2088,2055,2077,2017
2089,2056,2078,2027
2090,2053,2086,2039
2091,2051,2071,2046
2092,2045,2076,2054
2093,2043,2069,2060
2094,2040,2048,2060
2095,2039,2044,2059
2096,2049,2017,2051
2097,2064,1992,2037
2098,2065,1996,2024
2099,2064,2000,2012
2100,2067,2020,2005
2101,2062,2040,2003
2102,2067,2055,2005
2103,2075,2095,2017
2104,2075,2109,2033
2105,2077,2097,2046
2106,2080,2081,2055
2107,2088,2073,2062
2108,2096,2065,2067
2109,2100,2071,2074
2110,2096,2064,2079
2111,2090,2078,2089
2112,2083,2085,2102
2113,2070,2067,2109
2114,2073,2055,2112
2115,2071,2057,2116
2116,2071,2052,2118
2117,2071,2046,2117
2118,2075,2046,2116
2119,2083,2046,2115
2120,2086,2040,2109
2121,2091,2042,2103
2122,2094,2045,2099
2123,2090,2046,2097
2124,2085,2050,2105
2125,2083,2048,2115
2126,2078,2046,2121
2127,2080,2040,2136
2128,2082,2041,2145
2129,2088,2038,2155
2130,2092,2043,2159
2131,2091,2050,2157
2132,2094,2056,2152
2133,2089,2067,2142
2134,2086,2065,2134
2135,2084,2069,2125
2136,2072,2065,2118
2137,2057,2069,2110
2138,2052,2071,2102
2139,2041,2063,2097
2140,2038,2064,2092
2141,2034,2071,2085
2142,2037,2048,2085
2143,2043,2051,2084
2144,2038,2051,2083
2145,2026,2051,2082
2146,2038,2063,2078
2147,2037,2083,2069
2148,2041,2091,2058
2149,2036,2079,2050
2150,2042,2067,2045
2151,2042,2048,2045
2152,2041,2048,2045
2153,2047,2051,2044
2154,2055,2032,2048
2155,2057,2059,2045
2156,2063,2062,2041
2157,2065,2076,2033
2158,2058,2076,2025
2159,2051,2095,2011
2160,2039,2077,2002
2161,2031,2060,1998
2162,2031,2071,1990
2163,2028,2048,1990
2164,2034,2045,1991
2165,2040,2033,1997
2166,2049,2045,1998
2167,2049,2034,2005
2168,2051,2037,2011
2169,2047,2048,2011
2170,2043,2045,2013
2171,2046,2048,2013
2172,2052,2049,2011
2173,2056,2050,2007
2174,2066,2048,2004
2175,2073,2048,1996
2176,2079,2046,1990
2177,2081,2045,1985
2178,2075,2047,1984
2179,2068,2047,1983
2180,2062,2048,1983
2181,2054,2052,1986
2182,2050,2056,1991
2183,2048,2049,1992
2184,2048,2063,1999
2185,2047,2066,2007
2186,2045,2058,2011
2187,2048,2050,2012
2188,2050,2062,2017
2189,2057,2078,2027
2190,2053,2080,2037
2191,2064,2098,2052
2192,2068,2040,2050
2193,2068,2066,2055
2194,2067,2059,2058
2195,2069,2036,2055
2196,2067,2020,2048
2197,2059,2004,2037
2198,2056,2055,2039
2199,2050,2020,2032
2200,2049,2028,2027
2201,2047,2020,2020
2202,2048,2028,2015
2203,2049,2020,2008
2204,2039,2051,2009
2205,2053,2055,2011
2206,2052,2044,2010
2207,2051,2087,2021
2208,2050,2069,2027
2209,2050,2075,2035
2210,2052,2064,2040
2211,2055,2057,2043
2212,2059,2062,2048
2213,2067,2039,2045
2214,2071,2035,2040
2215,2075,2033,2034
2216,2079,2041,2031
2217,2081,2044,2029
2218,2082,2044,2027
2219,2084,2049,2028
2220,2081,2039,2021
2221,2083,2041,2014
2222,2076,2044,2009
2223,2070,2043,2001
2224,2060,2045,1992
2225,2067,2048,1987
2226,2068,2049,1983
2227,2068,2050,1979
2228,2073,2045,1982
2229,2075,2044,1986
2230,2075,2035,1996
2231,2075,2045,1998
2232,2079,2046,1999
2233,2085,2051,1997
2234,2086,2039,2001
2235,2087,2043,2003
2236,2073,2027,2011
2237,2081,2001,2028
2238,2079,2013,2040
2239,2082,2001,2055
2240,2081,1996,2071
2241,2090,2017,2080
2242,2094,2030,2085
2243,2089,2029,2090
2244,2091,2036,2093
2245,2087,2040,2095
2246,2077,2059,2092
2247,2074,2059,2089
2248,2061,2051,2088
2249,2069,2051,2087
2250,2068,2048,2087
2251,2067,2095,2075
2252,2063,2020,2082
2253,2048,2036,2085
2254,2042,2032,2089
2255,2041,2032,2093
2256,2031,2018,2101
2257,2033,2040,2103
2258,2034,1998,2117
2259,2034,2007,2129
2260,2041,2015,2139
2261,2037,2017,2149
2262,2042,2021,2158
2263,2045,2023,2167
2264,2048,2025,2176
2265,2050,2026,2185
2266,2048,2030,2193
2267,2063,2034,2200
2268,2070,2046,2201
2269,2084,2053,2197
2270,2091,2055,2191
2271,2096,2054,2184
2272,2102,2052,2178
2273,2107,2051,2171
2274,2109,2050,2161
2275,2105,2048,2160
2276,2098,2046,2155
2277,2090,2046,2153
2278,2080,2049,2155
2279,2072,2048,2156
2280,2069,2041,2151
2281,2062,2048,2151
2282,2065,2046,2150
2283,2062,2042,2147
2284,2056,2035,2141
2285,2056,2029,2133
2286,2050,2035,2128
2287,2043,2026,2120
2288,2040,2013,2108
2289,2046,2014,2097
2290,2051,2022,2089
2291,2058,2034,2085
2292,2065,2026,2079
2293,2068,2040,2077
2294,2071,2066,2082
2295,2075,2017,2074
2296,2065,2082,2083
2297,2060,2032,2079
2298,2060,2000,2067
2299,2061,2000,2055
2300,2059,1992,2041
2301,2056,2000,2029
2302,2057,2020,2022
2303,2055,2008,2012
2304,2053,2020,2005
2305,2051,2021,1998
2306,2056,2048,1998
2307,2063,2037,1995
2308,2070,2062,1999
2309,2081,2075,2007
2310,2074,2073,2015
2311,2083,2072,2023
2312,2077,2056,2026
2313,2073,2053,2028
2314,2071,2042,2026
2315,2065,2038,2022
2316,2065,2039,2018
2317,2044,2061,2025
2318,2066,2061,2033
2319,2063,2065,2045
2320,2064,2055,2051
2321,2062,2052,2056
2322,2065,2049,2058
2323,2068,2049,2060
2324,2059,2048,2061
2325,2060,2048,2060
2326,2062,2048,2059
2327,2059,2045,2063
2328,2064,2043,2069
2329,2063,2039,2078
2330,2072,2029,2093
2331,2071,2040,2098
2332,2073,2034,2106
2333,2076,2034,2113
2334,2073,2043,2115
2335,2070,2045,2116
2336,2073,2050,2115
2337,2071,2039,2118
2338,2071,2036,2122
2339,2073,2041,2124
2340,2074,2041,2126
2341,2071,2068,2120
2342,2079,2076,2112
2343,2075,2076,2104
2344,2074,2074,2097
2345,2069,2070,2091
2346,2064,2048,2091
2347,2061,2059,2088
2348,2058,2044,2089
2349,2056,2032,2093
2350,2059,2008,2103
2351,2060,2012,2112
2352,2062,2012,2121
2353,2063,1992,2135
2354,2069,2048,2135
2355,2072,2009,2145
2356,2069,2033,2149
2357,2067,2055,2147
2358,2067,2076,2139
2359,2069,2098,2124
2360,2071,2115,2103
2361,2073,2131,2076
2362,2073,2115,2053
2363,2080,2102,2033
2364,2064,2068,2025
2365,2057,2055,2022
2366,2052,2050,2021
2367,2047,2044,2023
2368,2048,2054,2019
2369,2042,2056,2013
2370,2042,2052,2009
2371,2047,2050,2006
2372,2049,2044,2011
2373,2051,2046,2014
2374,2053,2047,2016
2375,2055,2048,2027
2376,2059,2048,2027
2377,2064,2050,2031
2378,2067,2050,2035
2379,2072,2037,2024
2380,2074,2036,2015
2381,2070,2033,2005
2382,2077,2025,1992
2383,2077,2019,1977
2384,2078,2024,1966
2385,2075,2040,1963
2386,2071,2053,1965
2387,2069,2061,1970
2388,2060,2074,1979
2389,2058,2066,1985
2390,2055,2067,1991
2391,2049,2048,1991
2392,2054,2065,1996
2393,2059,2058,1999
2394,2061,2055,2001
2395,2068,2070,2007
2396,2074,2082,2016
2397,2070,2075,2023
2398,2062,2087,2033
2399,2061,2063,2037
2400,2058,2071,2043
2401,2057,2055,2045
2402,2055,2067,2050
2403,2054,2063,2054
2404,2055,2063,2058
2405,2055,2089,2069
2406,2059,2040,2067
2407,2057,2055,2069
2408,2063,2048,2069
2409,2059,2031,2064
2410,2052,2048,2064
2411,2060,2038,2061
2412,2039,2039,2058
2413,2039,2058,2062
2414,2039,2055,2065
2415,2039,2055,2068
2416,2046,2058,2073
2417,2054,2057,2078
2418,2059,2051,2080
2419,2058,2055,2085
2420,2058,2051,2088
2421,2057,2050,2091
2422,2050,2050,2094
2423,2050,2048,2094
2424,2049,2047,2091
2425,2041,2048,2081
2426,2052,2052,2063
2427,2052,2054,2051
2428,2059,2066,2026
2429,2062,2060,2013
2430,2071,2062,2001
2431,2067,2056,1995
2432,2061,2044,1997
2433,2048,2046,1998
2434,2056,2035,2004
2435,2054,2026,2013
2436,2047,2032,2019
2437,2049,2031,2025
2438,2058,2045,2026
2439,2071,2054,2024
2440,2075,2070,2017
2441,2078,2075,2009
2442,2085,2048,2009
2443,2088,2055,2007
2444,2097,2044,2008
2445,2082,2036,2011
2446,2081,2048,2011
2447,2062,2055,2009
2448,2071,2063,2005
2449,2065,2079,1997
2450,2067,2087,1987
2451,2070,2071,1981
2452,2066,2044,1982
2453,2069,2020,1989
2454,2067,2048,1989
2455,2065,1998,2002
2456,2061,1992,2017
2457,2063,2004,2029
2458,2071,2026,2035
2459,2079,2034,2039
2460,2084,2048,2039
2461,2091,2029,2045
2462,2097,2065,2039
2463,2097,2039,2042
2464,2092,2048,2042
2465,2081,2043,2044
2466,2080,2035,2050
2467,2076,2030,2059
2468,2072,2022,2074
2469,2069,2040,2079
2470,2065,2034,2090
2471,2069,2035,2103
2472,2067,2039,2115
2473,2059,2043,2123
2474,2050,2046,2128
2475,2044,2048,2136
2476,2039,2051,2148
2477,2039,2052,2156
2478,2042,2059,2171
2479,2050,2058,2182
2480,2063,2061,2193
2481,2072,2059,2201
2482,2079,2058,2207
2483,2086,2051,2209
2484,2085,2052,2211
2485,2088,2015,2197
2486,2079,1991,2175
2487,2076,2045,2174
2488,2075,2042,2172
2489,2075,2020,2163
2490,2067,2051,2164
2491,2057,2048,2164
2492,2053,2040,2162
2493,2052,2029,2157
2494,2049,2033,2153
2495,2049,2009,2143
2496,2049,2009,2133
2497,2052,2004,2122
2498,2055,2020,2115
2499,2049,2051,2116
2500,2054,2079,2124
2501,2056,2079,2132
2502,2059,2083,2141
2503,2061,2044,2140
2504,2066,2036,2137
2505,2067,2032,2133
2506,2072,2014,2124
2507,2071,2004,2112
2508,2069,2002,2099
2509,2067,2027,2093
2510,2081,1996,2077
2511,2054,2048,2077
2512,2049,2030,2071
2513,2041,2031,2065
2514,2055,2030,2058
2515,2054,2036,2053
2516,2059,2041,2050
2517,2066,2048,2050
2518,2066,2039,2045
2519,2063,2039,2039
2520,2089,2045,2037
2521,2061,2048,2037
2522,2058,2050,2041
2523,2059,2046,2039
2524,2059,2046,2035
2525,2063,2048,2031
2526,2064,2049,2027
2527,2065,2050,2023
2528,2064,2045,2027
2529,2061,2042,2033
2530,2051,2043,2037
2531,2048,2033,2047
2532,2044,2041,2051
2533,2041,2046,2052
2534,2043,2054,2049
2535,2052,2045,2050
2536,2055,2040,2053
2537,2059,2034,2058
2538,2061,2042,2060
2539,2068,2048,2060
2540,2071,2041,2062
2541,2080,2044,2063
2542,2088,2040,2065
2543,2088,2029,2070
2544,2097,2040,2072
2545,2099,2044,2073
2546,2095,2055,2071
2547,2091,2063,2067
2548,2083,2048,2067
2549,2078,2044,2068
2550,2077,2051,2067
2551,2076,2040,2069
2552,2078,2048,2069
2553,2079,2055,2067
2554,2076,2032,2071
2555,2073,2044,2072
2556,2071,2029,2077
2557,2065,2055,2075
2558,2061,2040,2077
2559,2057,2014,2087
2560,2061,2048,2087
2561,2057,2032,2092
2562,2060,2027,2099
2563,2067,2039,2102
2564,2091,2045,2103
2565,2070,2052,2101
2566,2067,2060,2095
2567,2063,2055,2091
2568,2063,2054,2087
2569,2058,2050,2085
2570,2059,2054,2080
2571,2049,2051,2076
2572,2045,2045,2080
2573,2045,2053,2069
2574,2044,2049,2064
2575,2055,2048,2063
2576,2065,2047,2062
2577,2067,2047,2061
2578,2074,2044,2056
2579,2075,2050,2059
2580,2074,2046,2058
2581,2072,2052,2061
2582,2074,2044,2059
2583,2071,2026,2048
2584,2070,2030,2040
2585,2067,2036,2035
2586,2059,2042,2033
2587,2058,2037,2029
2588,2055,2053,2031
2589,2056,2063,2036
2590,2059,2051,2037
2591,2057,2041,2035
2592,2057,2030,2030
2593,2063,2029,2025
2594,2070,2036,2022
2595,2072,2021,2015
2596,2084,2032,2011
2597,2067,2067,2016
2598,2069,2087,2026
2599,2061,2095,2038
2600,2065,2067,2043
2601,2066,2071,2049
2602,2068,2048,2049
2603,2069,2059,2052
2604,2075,2032,2048
2605,2081,2028,2043
2606,2084,1999,2030
2607,2076,2058,2033
2608,2081,2051,2034
2609,2068,2037,2031
2610,2065,2083,2042
2611,2059,2032,2037
2612,2050,2050,2038
2613,2047,2053,2040
2614,2046,2058,2044
2615,2049,2050,2045
2616,2047,2048,2045
2617,2053,2038,2040
2618,2051,2042,2037
2619,2056,2037,2030
2620,2065,2040,2024
2621,2064,2048,2025
2622,2075,2049,2027
2623,2080,2051,2033
2624,2078,2049,2039
2625,2068,2048,2048
2626,2062,2046,2055
2627,2057,2047,2056
2628,2055,2044,2061
2629,2056,2066,2042
2630,2068,2044,2045
2631,2077,2058,2038
2632,2080,2053,2035
2633,2083,2044,2037
2634,2075,2037,2042
2635,2065,2026,2051
2636,2054,2040,2054
2637,2046,2031,2060
2638,2036,2042,2062
2639,2029,2041,2064
2640,2035,2057,2061
2641,2025,2061,2057
2642,2019,2058,2054
2643,2027,2062,2050
2644,2028,2055,2048
2645,2031,2086,2038
2646,2038,2086,2028
2647,2039,2103,2014
2648,2037,2075,2007
2649,2046,2083,1998
2650,2059,2055,1996
2651,2052,2040,1998
2652,2068,2032,2002
2653,2074,2028,2007
2654,2081,2028,2012
2655,2081,2009,2022
2656,2076,2025,2028
2657,2075,2044,2029
2658,2074,2019,2037
2659,2067,2041,2039
2660,2065,2035,2043
2661,2068,2035,2047
2662,2062,2033,2052
2663,2071,2039,2055
2664,2065,2045,2056
2665,2075,2062,2050
2666,2080,2063,2043
2667,2081,2059,2037
2668,2072,2066,2026
2669,2071,2053,2022
2670,2063,2059,2013
2671,2060,2050,2010
2672,2051,2048,2009
2673,2053,2048,2009
2674,2047,2048,2009
2675,2058,2048,2016
2676,2058,2050,2024
2677,2060,2054,2037
2678,2056,2056,2048
2679,2063,2060,2061
2680,2057,2048,2061
2681,2058,2080,2083
2682,2069,2076,2100
2683,2049,2044,2098
2684,2049,2060,2104
2685,2049,2069,2113
2686,2055,2078,2125
2687,2062,2069,2133
2688,2065,2071,2141
2689,2066,2072,2149
2690,2063,2060,2153
2691,2061,2034,2149
2692,2062,2009,2138
2693,2069,2011,2128
2694,2071,2007,2117
2695,2071,2021,2110
2696,2068,2044,2109
2697,2066,2067,2114
2698,2066,2091,2125
2699,2061,2099,2138
2700,2058,2091,2149
2701,2063,2071,2155
2702,2068,2075,2162
2703,2073,2059,2165
2704,2072,2051,2166
2705,2073,2036,2163
2706,2075,2048,2163
2707,2071,2029,2158
2708,2070,2040,2156
2709,2072,2024,2149
2710,2077,2031,2144
2711,2089,2048,2144
2712,2083,2027,2137
2713,2086,2026,2129
2714,2072,2032,2123
2715,2080,2031,2116
2716,2080,2041,2113
2717,2081,2032,2105
2718,2083,2046,2104
2719,2086,2040,2099
2720,2089,2045,2097
2721,2091,2051,2101
2722,2100,2044,2096
2723,2096,2045,2092
2724,2093,2046,2085
2725,2086,2048,2077
2726,2080,2049,2071
2727,2074,2051,2065
2728,2067,2055,2055
2729,2068,2049,2053
2730,2072,2052,2049
2731,2076,2059,2041
2732,2080,2053,2038
2733,2085,2057,2033
2734,2085,2065,2025
2735,2083,2059,2020
2736,2078,2042,2022
2737,2073,2067,2015
2738,2060,2018,2025
2739,2063,2069,2018
2740,2058,2041,2020
2741,2049,2031,2025
2742,2046,2016,2034
2743,2046,2037,2037
2744,2046,2036,2040
2745,2059,2036,2043
2746,2057,2028,2048
2747,2062,2032,2052
2748,2072,2044,2053
2749,2078,2040,2055
2750,2077,2063,2051
2751,2073,2055,2049
2752,2068,2051,2048
2753,2067,2051,2047
2754,2069,2051,2046
2755,2070,2048,2046
2756,2067,2036,2049
2757,2062,2022,2056
2758,2056,2012,2066
2759,2051,2020,2074
2760,2039,2044,2075
2761,2043,2038,2078
2762,2044,2056,2075
2763,2048,2050,2074
2764,2056,2065,2067
2765,2057,2057,2063
2766,2059,2058,2058
2767,2060,2034,2065
2768,2061,2037,2071
2769,2065,2037,2078
2770,2097,2044,2081
2771,2090,2053,2075
2772,2092,2048,2075
2773,2101,2051,2069
2774,2098,2046,2076
2775,2092,2048,2084
2776,2085,2049,2088
2777,2077,2048,2089
2778,2065,2050,2093
2779,2058,2048,2093
2780,2048,2043,2089
2781,2044,2053,2093
2782,2043,2042,2090
2783,2050,2042,2087
2784,2048,2043,2085
2785,2056,2055,2088
2786,2066,2058,2092
2787,2069,2050,2093
2788,2068,2059,2097
2789,2069,2041,2095
2790,2065,2015,2085
2791,2065,2014,2075
2792,2064,1988,2058
2793,2062,1993,2043
2794,2066,1995,2029
2795,2060,2017,2021
2796,2062,2020,2014
2797,2069,2048,2014
2798,2074,2079,2022
2799,2074,2103,2036
2800,2074,2095,2048
2801,2075,2083,2057
2802,2073,2067,2062
2803,2067,2051,2063
2804,2063,2020,2056
2805,2064,2032,2052
2806,2054,2025,2046
2807,2052,2044,2045
2808,2059,2044,2044
2809,2065,2034,2040
2810,2067,2041,2038
2811,2071,2060,2042
2812,2069,2056,2045
2813,2054,2048,2045
2814,2048,2058,2049
2815,2043,2045,2048
2816,2042,2026,2038
2817,2043,2026,2027
2818,2054,2024,2013
2819,2060,2036,2005
2820,2066,2044,2002
2821,2062,2055,2010
2822,2077,2049,2012
2823,2071,2050,2017
2824,2069,2050,2027
2825,2065,2048,2038
2826,2060,2045,2047
2827,2059,2045,2051
2828,2057,2050,2047
2829,2077,2055,2039
2830,2064,2051,2036
2831,2056,2043,2039
2832,2061,2044,2041
2833,2050,2028,2051
2834,2052,2026,2061
2835,2045,2024,2071
2836,2044,2032,2077
2837,2046,2045,2078
2838,2050,2071,2070
2839,2056,2081,2059
2840,2051,2086,2047
2841,2054,2088,2035
2842,2049,2076,2027
2843,2042,2044,2028
2844,2040,2021,2035
2845,2037,2002,2047
2846,2038,1993,2061
2847,2042,2004,2072
2848,2043,2000,2084
2849,2044,2020,2091
2850,2040,2040,2093
2851,2023,2048,2093
2852,2035,2048,2093
2853,2039,2032,2097
2854,2043,2051,2096
2855,2047,2051,2095
2856,2055,2051,2094
2857,2059,2058,2091
2858,2063,2044,2092
2859,2066,2058,2089
2860,2072,2051,2088
2861,2069,2075,2079
2862,2062,2059,2075
2863,2061,2064,2069
2864,2056,2070,2060
2865,2061,2064,2053
2866,2060,2065,2045
2867,2055,2049,2044
2868,2047,2053,2041
2869,2057,2045,2043
2870,2054,2044,2046
2871,2055,2046,2048
2872,2052,2048,2048
2873,2054,2047,2049
2874,2055,2049,2043
2875,2057,2048,2040
2876,2066,2046,2034
2877,2078,2047,2033
2878,2084,2044,2028
2879,2085,2044,2024
2880,2085,2046,2023
2881,2085,2048,2023
2882,2085,2051,2025
2883,2088,2046,2024
2884,2082,2052,2026
2885,2090,2059,2031
2886,2083,2060,2036
2887,2074,2064,2042
2888,2068,2039,2039
2889,2059,2060,2043
2890,2056,2054,2045
2891,2051,2061,2049
2892,2051,2069,2055
2893,2053,2069,2061
2894,2050,2081,2070
2895,2051,2051,2071
2896,2052,2024,2065
2897,2057,2016,2057
2898,2065,2024,2051
2899,2070,2036,2048
2900,2072,2044,2047
2901,2073,2079,2055
2902,2067,2091,2066
2903,2059,2091,2077
2904,2056,2090,2088
2905,2055,2078,2096
2906,2052,2092,2108
2907,2050,2040,2106
2908,2049,2051,2107
2909,2053,2048,2107
2910,2056,2064,2112
2911,2057,2072,2120
2912,2059,2077,2130
2913,2063,2080,2142
2914,2064,2063,2148
2915,2069,2059,2153
2916,2074,2039,2149
2917,2077,2036,2143
2918,2080,2036,2136
2919,2076,2034,2127
2920,2082,2034,2116
2921,2081,2044,2112
2922,2072,2045,2109
2923,2081,2051,2115
2924,2080,2049,2119
2925,2078,2048,2125
2926,2080,2046,2132
2927,2073,2049,2130
2928,2072,2048,2130
2929,2068,2045,2133
2930,2069,2043,2137
2931,2077,2050,2135
2932,2069,2054,2131
2933,2075,2061,2124
2934,2077,2060,2118
2935,2085,2064,2111
2936,2095,2060,2106
2937,2102,2056,2103
2938,2099,2050,2102
2939,2088,2084,2090
2940,2081,2025,2097
2941,2076,2061,2093
2942,2062,2065,2088
2943,2055,2058,2085
2944,2045,2092,2073
2945,2043,2074,2066
2946,2031,2090,2055
2947,2030,2028,2060
2948,2029,2071,2054
2949,2031,2044,2055
2950,2037,2048,2055
2951,2048,2048,2055
2952,2058,2044,2056
2953,2075,2048,2056
2954,2087,2051,2055
2955,2094,2028,2060
2956,2097,2066,2055
2957,2106,2066,2050
2958,2107,2048,2050
2959,2104,2054,2048
2960,2098,2048,2048
2961,2096,2054,2046
2962,2091,2050,2045
2963,2086,2042,2047
2964,2079,2048,2047
2965,2075,2043,2049
2966,2073,2054,2046
2967,2071,2048,2046
2968,2068,2056,2041
2969,2064,2050,2039
2970,2057,2052,2035
2971,2053,2049,2033
2972,2041,2049,2031
2973,2041,2045,2035
2974,2050,2045,2043
2975,2043,2048,2047
2976,2051,2049,2052
2977,2057,2044,2045
2978,2063,2042,2037
2979,2068,2038,2027
2980,2073,2043,2023
2981,2066,2036,2015
2982,2062,2046,2014
2983,2055,2057,2019
2984,2050,2060,2025
2985,2047,2062,2031
2986,2049,2083,2045
2987,2054,2069,2053
2988,2054,2080,2064
2989,2059,2072,2072
2990,2077,2064,2077
2991,2080,2058,2080
2992,2081,2051,2081
2993,2081,2048,2081
2994,2077,2033,2077
2995,2079,2055,2079
2996,2081,2055,2081
2997,2072,2012,2072
2998,2067,2028,2067
2999,2065,2040,2065
3000,2065,2048,2065
3001,2061,2032,2061
3002,2061,2048,2061
3003,2063,2055,2063
3004,2066,2059,2066
3005,2073,2074,2073
3006,2081,2077,2081
3007,2087,2069,2087
3008,2091,2062,2091
3009,2088,2037,2088
3010,2085,2038,2085
3011,2077,2023,2077
3012,2072,2033,2072
3013,2072,2048,2072
3014,2075,2055,2075
3015,2085,2071,2085
3016,2079,2035,2079
3017,2081,2051,2081
3018,2081,2048,2081
3019,2082,2049,2082
3020,2085,2051,2085
3021,2085,2048,2085
3022,2087,2049,2087
3023,2093,2051,2093
3024,2089,2046,2089
3025,2085,2048,2085
3026,2080,2049,2080
3027,2068,2054,2068
3028,2055,2057,2055
3029,2045,2057,2045
3030,2047,2045,2047
3031,2033,2068,2033
3032,2031,2051,2031
3033,2029,2051,2029
3034,2034,2037,2034
3035,2039,2036,2039
3036,2049,2022,2049
3037,2057,2026,2057
3038,2055,2053,2055
3039,2060,2032,2060
3040,2064,2035,2064
3041,2065,2044,2065
3042,2063,2055,2063
3043,2060,2058,2060
3044,2054,2070,2054
3045,2046,2078,2046
3046,2048,2040,2048
3047,2057,2012,2057
3048,2058,2044,2058
3049,2063,2028,2063
3050,2067,2032,2067
3051,2066,2051,2066
3052,2062,2063,2062
3053,2054,2079,2054
3054,2046,2078,2046
3055,2039,2074,2039
3056,2032,2074,2032
3057,2027,2066,2027
3058,2031,2033,2031
3059,2024,2071,2024
3060,2025,2044,2025
3061,2028,2038,2028
3062,2031,2039,2031
3063,2036,2034,2036
3064,2039,2040,2039
3065,2042,2040,2042
3066,2041,2050,2041
3067,2045,2040,2045
3068,2047,2044,2047
3069,2047,2048,2047
3070,2053,2040,2053
3071,2060,2041,2060
3072,2067,2042,2067
3073,2070,2046,2070
3074,2071,2047,2071
3075,2070,2048,2070
3076,2065,2046,2065
3077,2062,2046,2062
3078,2051,2039,2051
3079,2047,2044,2047
3080,2047,2048,2047
3081,2049,2050,2049
3082,2058,2063,2058
3083,2064,2059,2064
3084,2072,2065,2072
3085,2077,2059,2077
3086,2076,2045,2076
3087,2075,2045,2075
3088,2075,2048,2075
3089,2067,2023,2067
3090,2057,2015,2057
3091,2049,2020,2049
3092,2038,2009,2038
3093,2033,2029,2033
3094,2033,2048,2033
3095,2030,2036,2030
3096,2022,2017,2022
3097,2019,2036,2019
3098,2019,2048,2019
3099,2023,2063,2023
3100,2025,2055,2025
3101,2024,2044,2024
3102,2026,2055,2026
3103,2031,2067,2031
3104,2033,2055,2033
3105,2035,2055,2035
3106,2041,2070,2041
3107,2041,2048,2041
3108,2053,2090,2053
3109,2061,2075,2061
3110,2061,2048,2061
3111,2058,2038,2058
3112,2060,2053,2060
3113,2058,2042,2058
3114,2055,2040,2055
3115,2052,2040,2052
3116,2055,2054,2055
3117,2060,2057,2060
3118,2064,2054,2064
3119,2066,2050,2066
3120,2068,2050,2068
3121,2071,2050,2071
3122,2069,2046,2069
3123,2069,2048,2069
3124,2067,2047,2067
3125,2067,2048,2067
3126,2073,2046,2073
3127,2081,2043,2081
3128,2087,2043,2087
3129,2092,2043,2092
3130,2098,2040,2098
3131,2103,2040,2103
3132,2114,2029,2114
3133,2118,2040,2118
3134,2122,2039,2122
3135,2125,2040,2125
3136,2123,2053,2123
3137,2123,2048,2123
3138,2123,2048,2123
3139,2128,2032,2128
3140,2133,2031,2133
3141,2135,2041,2135
3142,2136,2044,2136
3143,2127,2080,2127
3144,2126,2051,2126
3145,2120,2070,2120
3146,2112,2078,2112
3147,2107,2067,2107
3148,2105,2055,2105
3149,2101,2063,2101
3150,2103,2040,2103
3151,2107,2032,2107
3152,2112,2028,2112
3153,2122,2008,2122
3154,2125,2036,2125
3155,2127,2040,2127
3156,2126,2051,2126
3157,2121,2066,2121
3158,2116,2065,2116
3159,2105,2085,2105
3160,2089,2099,2089
3161,2078,2081,2078
3162,2072,2065,2072
3163,2071,2050,2071
3164,2067,2058,2067
3165,2065,2052,2065
3166,2062,2054,2062
3167,2056,2059,2056
3168,2049,2059,2049
3169,2046,2052,2046
3170,2035,2061,2035
3171,2028,2054,2028
3172,2026,2049,2026
3173,2025,2048,2025
3174,2020,2049,2020
3175,2025,2048,2025
3176,2019,2046,2019
3177,2025,2051,2025
3178,2023,2046,2023
3179,2016,2041,2016
3180,2012,2043,2012
3181,2014,2050,2014
3182,2021,2059,2021
3183,2022,2049,2022
3184,2027,2058,2027
3185,2035,2066,2035
3186,2045,2073,2045
3187,2050,2061,2050
3188,2053,2056,2053
3189,2053,2048,2053
3190,2053,2048,2053
3191,2053,2048,2053
3192,2048,2030,2048
3193,2051,2058,2051
3194,2052,2051,2052
3195,2056,2063,2056
3196,2061,2067,2061
3197,2063,2055,2063
3198,2064,2051,2064
3199,2071,2075,2071
3200,2074,2059,2074
3201,2075,2051,2075
3202,2074,2044,2074
3203,2077,2059,2077
3204,2080,2059,2080
3205,2081,2051,2081
3206,2082,2051,2082
3207,2087,2066,2087
3208,2091,2062,2091
3209,2090,2044,2090
3210,2088,2041,2088
3211,2086,2041,2086
3212,2086,2048,2086
3213,2086,2048,2086
3214,2082,2037,2082
3215,2079,2040,2079
3216,2077,2043,2077
3217,2076,2046,2076
3218,2076,2048,2076
3219,2075,2046,2075
3220,2069,2040,2069
3221,2069,2048,2069
3222,2068,2047,2068
3223,2070,2049,2070
3224,2070,2048,2070
3225,2071,2048,2071
3226,2070,2048,2070
3227,2071,2047,2071
3228,2065,2052,2065
3229,2060,2052,2060
3230,2057,2051,2057
3231,2060,2043,2060
3232,2066,2037,2066
3233,2070,2040,2070
3234,2071,2045,2071
3235,2068,2055,2068
3236,2065,2055,2065
3237,2054,2078,2054
3238,2044,2077,2044
3239,2039,2063,2039
3240,2032,2070,2032
3241,2028,2061,2028
3242,2029,2044,2029
3243,2034,2029,2034
3244,2038,2033,2038
3245,2041,2036,2041
3246,2049,2017,2049
3247,2037,2095,2037
3248,2037,2048,2037
3249,2033,2063,2033
3250,2032,2051,2032
3251,2033,2044,2033
3252,2036,2036,2036
3253,2030,2071,2030
3254,2032,2040,2032
3255,2031,2051,2031
3256,2027,2062,2027
3257,2027,2048,2027
3258,2027,2048,2027
3259,2026,2051,2026
3260,2028,2041,2028
3261,2030,2041,2030
3262,2029,2050,2029
3263,2036,2028,2036
3264,2030,2063,2030
3265,2029,2050,2029
3266,2037,2030,2037
3267,2045,2032,2045
3268,2055,2030,2055
3269,2065,2033,2065
3270,2068,2044,2068
3271,2067,2048,2067
3272,2068,2047,2068
3273,2066,2049,2066
3274,2068,2047,2068
3275,2068,2048,2068
3276,2064,2046,2064
3277,2063,2047,2063
3278,2065,2049,2065
3279,2065,2048,2065
3280,2067,2050,2067
3281,2064,2043,2064
3282,2065,2049,2065
3283,2059,2036,2059
3284,2063,2056,2063
3285,2049,2015,2049
3286,2043,2032,2043
3287,2042,2045,2042
3288,2035,2027,2035
3289,2042,2069,2042
3290,2049,2070,2049
3291,2059,2081,2059
3292,2066,2072,2066
3293,2073,2073,2073
3294,2078,2066,2078
3295,2081,2059,2081
3296,2081,2048,2081
3297,2081,2048,2081
3298,2077,2032,2077
3299,2070,2020,2070
3300,2063,2020,2063
3301,2057,2024,2057
3302,2051,2024,2051
3303,2052,2051,2052
3304,2050,2040,2050
3305,2047,2036,2047
3306,2049,2055,2049
3307,2051,2055,2051
3308,2057,2069,2057
3309,2051,2027,2051
3310,2054,2057,2054
3311,2056,2054,2056
3312,2060,2059,2060
3313,2067,2067,2067
3314,2073,2063,2073
3315,2076,2055,2076
3316,2077,2050,2077
3317,2073,2040,2073
3318,2068,2039,2068
3319,2058,2033,2058
3320,2054,2043,2054
3321,2045,2039,2045
3322,2041,2045,2041
3323,2037,2045,2037
3324,2035,2047,2035
3325,2039,2048,2039
3326,2044,2046,2044
3327,2049,2045,2049
3328,2056,2042,2056
3329,2052,2051,2052
3330,2057,2041,2057
3331,2058,2046,2058
3332,2060,2044,2060
3333,2058,2051,2058
3334,2062,2039,2062
3335,2063,2045,2063
3336,2063,2048,2063
3337,2063,2048,2063
3338,2067,2036,2067
3339,2064,2057,2064
3340,2061,2057,2061
3341,2060,2051,2060
3342,2057,2058,2057
3343,2059,2040,2059
3344,2064,2029,2064
3345,2074,2009,2074
3346,2082,2017,2082
3347,2091,2012,2091
3348,2104,1996,2104
3349,2111,2020,2111
3350,2125,1992,2125
3351,2117,2079,2117
3352,2111,2071,2111
3353,2109,2055,2109
3354,2103,2071,2103
3355,2095,2078,2095
3356,2087,2077,2087
3357,2089,2040,2089
3358,2085,2062,2085
3359,2088,2037,2088
3360,2087,2051,2087
3361,2084,2057,2084
3362,2077,2068,2077
3363,2067,2075,2067
3364,2057,2073,2057
3365,2053,2057,2053
3366,2058,2037,2058
3367,2064,2036,2064
3368,2075,2029,2075
3369,2080,2040,2080
3370,2084,2043,2084
3371,2086,2046,2086
3372,2091,2044,2091
3373,2094,2046,2094
3374,2093,2048,2093
3375,2092,2048,2092
3376,2092,2048,2092
3377,2090,2046,2090
3378,2093,2050,2093
3379,2096,2050,2096
3380,2099,2051,2099
3381,2097,2045,2097
3382,2092,2039,2092
3383,2085,2034,2085
3384,2073,2022,2073
3385,2064,2026,2064
3386,2050,2012,2050
3387,2037,2012,2037
3388,2034,2039,2034
3389,2033,2044,2033
3390,2033,2048,2033
3391,2034,2051,2034
3392,2042,2076,2042
3393,2048,2069,2048
3394,2052,2062,2052
3395,2058,2070,2058
3396,2067,2082,2067
3397,2064,2036,2064
3398,2061,2036,2061
3399,2064,2059,2064
3400,2065,2051,2065
3401,2065,2048,2065
3402,2067,2055,2067
3403,2066,2044,2066
3404,2065,2044,2065
3405,2065,2048,2065
3406,2061,2033,2061
3407,2057,2033,2057
3408,2051,2026,2051
3409,2046,2031,2046
3410,2043,2038,2043
3411,2042,2044,2042
3412,2042,2048,2042
3413,2038,2037,2038
3414,2054,2088,2054
3415,2061,2064,2061
3416,2068,2063,2068
3417,2072,2055,2072
3418,2077,2056,2077
3419,2080,2052,2080
3420,2079,2046,2079
3421,2077,2046,2077
3422,2069,2042,2069
3423,2049,2037,2049
3424,2051,2048,2051
3425,2046,2048,2046
3426,2046,2048,2046
3427,2051,2045,2051
3428,2050,2048,2050
3429,2057,2041,2057
3430,2068,2034,2068
3431,2077,2034,2077
3432,2087,2030,2087
3433,2087,2048,2087
3434,2089,2043,2089
3435,2088,2050,2088
3436,2084,2058,2084
3437,2083,2050,2083
3438,2089,2030,2089
3439,2083,2066,2083
3440,2083,2048,2083
3441,2081,2054,2081
3442,2078,2058,2078
3443,2077,2051,2077
3444,2075,2055,2075
3445,2071,2063,2071
3446,2068,2059,2068
3447,2070,2040,2070
3448,2072,2040,2072
3449,2076,2032,2076
3450,2080,2032,2080
3451,2082,2040,2082
3452,2080,2055,2080
3453,2077,2059,2077
3454,2081,2032,2081
3455,2086,2028,2086
3456,2085,2051,2085
3457,2081,2062,2081
3458,2076,2065,2076
3459,2070,2068,2070
3460,2067,2057,2067
3461,2061,2066,2061
3462,2069,2024,2069
3463,2074,2034,2074
3464,2078,2037,2078
3465,2085,2031,2085
3466,2087,2043,2087
3467,2087,2048,2087
3468,2085,2051,2085
3469,2076,2061,2076
3470,2065,2061,2065
3471,2053,2059,2053
3472,2044,2054,2044
3473,2036,2052,2036
3474,2025,2050,2025
3475,2026,2048,2026
3476,2031,2049,2031
3477,2033,2049,2033
3478,2036,2050,2036
3479,2035,2047,2035
3480,2037,2050,2037
3481,2036,2046,2036
3482,2046,2065,2046
3483,2044,2044,2044
3484,2045,2050,2045
3485,2049,2057,2049
3486,2058,2070,2058
3487,2055,2039,2055
3488,2054,2045,2054
3489,2054,2048,2054
3490,2053,2044,2053
3491,2050,2037,2050
3492,2042,2019,2042
3493,2037,2029,2037
3494,2039,2055,2039
3495,2040,2051,2040
3496,2041,2051,2041
3497,2045,2063,2045
3498,2051,2071,2051
3499,2051,2048,2051
3500,2060,2083,2060
3501,2064,2063,2064
3502,2054,2008,2054
3503,2048,2024,2048
3504,2037,2005,2037
3505,2031,2025,2031
3506,2031,2048,2031
3507,2037,2069,2037
3508,2047,2083,2047
3509,2057,2081,2057
3510,2069,2086,2069
3511,2083,2091,2083
3512,2089,2065,2089
3513,2091,2053,2091
3514,2092,2050,2092
3515,2091,2045,2091
3516,2082,2028,2082
3517,2093,2069,2093
3518,2100,2059,2100
3519,2092,2036,2092
3520,2084,2038,2084
3521,2089,2052,2089
3522,2081,2042,2081
3523,2075,2044,2075
3524,2066,2045,2066
3525,2061,2048,2061
3526,2060,2048,2060
3527,2057,2049,2057
3528,2057,2048,2057
3529,2061,2044,2061
3530,2065,2043,2065
3531,2072,2037,2072
3532,2074,2044,2074
3533,2071,2053,2071
3534,2071,2048,2071
3535,2074,2040,2074
3536,2068,2063,2068
3537,2069,2045,2069
3538,2072,2039,2072
3539,2074,2041,2074
3540,2068,2067,2068
3541,2057,2085,2057
3542,2059,2040,2059
3543,2054,2066,2054
3544,2052,2055,2052
3545,2055,2036,2055
3546,2056,2044,2056
3547,2053,2059,2053
3548,2054,2044,2054
3549,2052,2055,2052
3550,2047,2067,2047
3551,2039,2079,2039
3552,2033,2071,2033
3553,2031,2055,2031
3554,2036,2028,2036
3555,2043,2021,2043
3556,2049,2025,2049
3557,2055,2026,2055
3558,2058,2037,2058
3559,2061,2037,2061
3560,2059,2054,2059
3561,2059,2048,2059
3562,2063,2036,2063
3563,2067,2037,2067
3564,2073,2032,2073
3565,2070,2055,2070
3566,2071,2045,2071
3567,2075,2040,2075
3568,2077,2044,2077
3569,2072,2055,2072
3570,2069,2051,2069
3571,2070,2047,2070
3572,2073,2045,2073
3573,2073,2048,2073
3574,2075,2047,2075
3575,2077,2048,2077
3576,2078,2048,2078
3577,2076,2046,2076
3578,2073,2045,2073
3579,2070,2045,2070
3580,2068,2045,2068
3581,2069,2049,2069
3582,2066,2042,2066
3583,2068,2051,2068
3584,2070,2052,2070
3585,2075,2059,2075
3586,2073,2042,2073
3587,2072,2045,2072
3588,2069,2039,2069
3589,2062,2026,2062
3590,2058,2035,2058
3591,2054,2034,2054
3592,2055,2051,2055
3593,2061,2069,2061
3594,2069,2077,2069
3595,2077,2078,2077
3596,2081,2063,2081
3597,2086,2067,2086
3598,2089,2059,2089
3599,2091,2055,2091
3600,2094,2059,2094
3601,2091,2036,2091
3602,2086,2028,2086
3603,2084,2040,2084
3604,2081,2036,2081
3605,2073,2017,2073
3606,2070,2036,2070
3607,2055,1993,2055
3608,2048,2023,2048
3609,2045,2037,2045
3610,2043,2041,2043
3611,2043,2048,2043
3612,2049,2065,2049
3613,2057,2069,2057
3614,2063,2063,2063
3615,2065,2052,2065
3616,2064,2045,2064
3617,2067,2053,2067
3618,2066,2046,2066
3619,2071,2055,2071
3620,2071,2048,2071
3621,2077,2053,2077
3622,2077,2048,2077
3623,2080,2049,2080
3624,2082,2048,2082
3625,2078,2048,2078
3626,2074,2049,2074
3627,2067,2051,2067
3628,2061,2052,2061
3629,2054,2054,2054
3630,2048,2055,2048
3631,2039,2061,2039
3632,2037,2051,2037
3633,2037,2048,2037
3634,2041,2039,2041
3635,2051,2024,2051
3636,2059,2027,2059
3637,2071,2015,2071
3638,2073,2042,2073
3639,2070,2057,2070
3640,2072,2041,2072
3641,2073,2044,2073
3642,2065,2076,2065
3643,2063,2055,2063
3644,2061,2055,2061
3645,2063,2040,2063
3646,2065,2040,2065
3647,2067,2040,2067
3648,2065,2055,2065
3649,2068,2036,2068
3650,2072,2032,2072
3651,2077,2028,2077
3652,2079,2040,2079
3653,2081,2040,2081
3654,2081,2048,2081
3655,2077,2063,2077
3656,2079,2040,2079
3657,2079,2048,2079
3658,2076,2058,2076
3659,2085,2017,2085
3660,2086,2044,2086
3661,2083,2057,2083
3662,2080,2056,2080
3663,2078,2053,2078
3664,2078,2048,2078
3665,2073,2059,2073
3666,2069,2056,2069
3667,2065,2055,2065
3668,2060,2056,2060
3669,2057,2052,2057
3670,2058,2046,2058
3671,2058,2048,2058
3672,2065,2042,2065
3673,2071,2044,2071
3674,2073,2047,2073
3675,2078,2048,2078
3676,2079,2048,2079
3677,2083,2050,2083
3678,2079,2045,2079
3679,2077,2046,2077
3680,2078,2049,2078
3681,2078,2048,2078
3682,2080,2051,2080
3683,2086,2059,2086
3684,2086,2048,2086
3685,2094,2066,2094
3686,2089,2035,2089
3687,2083,2031,2083
3688,2075,2024,2075
3689,2068,2026,2068
3690,2065,2038,2065
3691,2061,2034,2061
3692,2064,2058,2064
3693,2058,2026,2058
3694,2053,2029,2053
3695,2051,2040,2051
3696,2043,2017,2043
3697,2036,2020,2036
3698,2035,2044,2035
3699,2037,2055,2037
3700,2036,2044,2036
3701,2040,2063,2040
3702,2050,2087,2050
3703,2060,2087,2060
3704,2066,2071,2066
3705,2067,2051,2067
3706,2070,2059,2070
3707,2072,2055,2072
3708,2069,2037,2069
3709,2065,2034,2065
3710,2061,2035,2061
3711,2049,2011,2049
3712,2054,2062,2054
3713,2052,2042,2052
3714,2042,2022,2042
3715,2040,2043,2040
3716,2035,2037,2035
3717,2031,2040,2031
3718,2027,2041,2027
3719,2021,2039,2021
3720,2019,2045,2019
3721,2019,2048,2019
3722,2024,2051,2024
3723,2026,2049,2026
3724,2033,2049,2033
3725,2034,2048,2034
3726,2037,2047,2037
3727,2043,2044,2043
3728,2052,2041,2052
3729,2061,2039,2061
3730,2071,2035,2071
3731,2076,2040,2076
3732,2083,2036,2083
3733,2089,2036,2089
3734,2095,2035,2095
3735,2099,2038,2099
3736,2107,2027,2107
3737,2102,2061,2102
3738,2101,2050,2101
3739,2095,2066,2095
3740,2094,2051,2094
3741,2094,2048,2094
3742,2091,2058,2091
3743,2088,2058,2088
3744,2082,2070,2082
3745,2078,2063,2078
3746,2078,2048,2078
3747,2077,2051,2077
3748,2078,2044,2078
3749,2083,2028,2083
3750,2079,2063,2079
3751,2078,2051,2078
3752,2069,2083,2069
3753,2062,2075,2062
3754,2056,2071,2056
3755,2048,2078,2048
3756,2041,2074,2041
3757,2041,2048,2041
3758,2042,2044,2042
3759,2043,2044,2043
3760,2049,2028,2049
3761,2052,2038,2052
3762,2051,2050,2051
3763,2055,2037,2055
3764,2055,2048,2055
3765,2054,2050,2054
3766,2052,2052,2052
3767,2046,2059,2046
3768,2048,2044,2048
3769,2049,2046,2049
3770,2053,2043,2053
3771,2056,2045,2056
3772,2061,2044,2061
3773,2058,2049,2058
3774,2058,2048,2058
3775,2061,2048,2061
3776,2064,2048,2064
3777,2063,2047,2063
3778,2069,2052,2069
3779,2068,2047,2068
3780,2069,2049,2069
3781,2066,2043,2066
3782,2058,2034,2058
3783,2051,2034,2051
3784,2047,2039,2047
3785,2045,2043,2045
3786,2049,2058,2049
3787,2055,2064,2055
3788,2060,2062,2060
3789,2064,2060,2064
3790,2063,2044,2063
3791,2059,2034,2059
3792,2049,2012,2049
3793,2047,2040,2047
3794,2047,2048,2047
3795,2049,2055,2049
3796,2057,2078,2057
3797,2063,2071,2063
3798,2070,2075,2070
3799,2075,2067,2075
3800,2081,2071,2081
3801,2082,2051,2082
3802,2086,2063,2086
3803,2099,2099,2099
3804,2089,2009,2089
3805,2088,2044,2088
3806,2083,2029,2083
3807,2079,2033,2079
3808,2071,2019,2071
3809,2070,2044,2070
3810,2064,2028,2064
3811,2062,2041,2062
3812,2059,2039,2059
3813,2060,2050,2060
3814,2062,2053,2062
3815,2068,2062,2068
3816,2072,2056,2072
3817,2074,2051,2074
3818,2073,2046,2073
3819,2073,2048,2073
3820,2072,2046,2072
3821,2073,2048,2073
3822,2071,2046,2071
3823,2080,2052,2080
3824,2075,2046,2075
3825,2084,2048,2084
3826,2083,2048,2083
3827,2089,2044,2089
3828,2089,2048,2089
3829,2080,2056,2080
3830,2073,2056,2073
3831,2068,2055,2068
3832,2067,2049,2067
3833,2064,2053,2064
3834,2057,2063,2057
3835,2052,2059,2052
3836,2050,2053,2050
3837,2048,2053,2048
3838,2052,2036,2052
3839,2059,2026,2059
3840,2067,2022,2067
3841,2070,2037,2070
3842,2077,2023,2077
3843,2081,2033,2081
3844,2086,2029,2086
3845,2083,2059,2083
3846,2086,2036,2086
3847,2091,2028,2091
3848,2101,2008,2101
3849,2110,2012,2110
3850,2114,2032,2114
3851,2110,2063,2110
3852,2101,2083,2101
3853,2089,2095,2089
3854,2069,2125,2069
3855,2053,2108,2053
3856,2042,2088,2042
3857,2039,2058,2039
3858,2045,2026,2045
3859,2062,1990,2062
3860,2074,2009,2074
3861,2085,2014,2085
3862,2092,2027,2092
3863,2093,2045,2093
3864,2088,2060,2088
3865,2079,2069,2079
3866,2076,2054,2076
3867,2066,2067,2066
3868,2064,2051,2064
3869,2063,2049,2063
3870,2065,2045,2065
3871,2072,2041,2072
3872,2072,2048,2072
3873,2076,2045,2076
3874,2079,2047,2079
3875,2075,2048,2075
3876,2070,2046,2070
3877,2064,2044,2064
3878,2056,2042,2056
3879,2053,2045,2053
3880,2048,2041,2048
3881,2048,2048,2048
3882,2052,2054,2052
3883,2054,2051,2054
3884,2062,2065,2062
3885,2054,2029,2054
3886,2066,2078,2066
3887,2061,2034,2061
3888,2065,2059,2065
3889,2061,2035,2061
3890,2054,2025,2054
3891,2048,2027,2048
3892,2043,2030,2043
3893,2040,2037,2040
3894,2042,2055,2042
3895,2045,2059,2045
3896,2046,2051,2046
3897,2049,2059,2049
3898,2052,2059,2052
3899,2055,2059,2055
3900,2054,2044,2054
3901,2053,2044,2053
3902,2056,2059,2056
3903,2063,2075,2063
3904,2065,2055,2065
3905,2072,2074,2072
3906,2077,2066,2077
3907,2078,2051,2078
3908,2083,2065,2083
3909,2084,2051,2084
3910,2083,2044,2083
3911,2081,2041,2081
3912,2081,2048,2081
3913,2083,2053,2083
3914,2081,2042,2081
3915,2075,2033,2075
3916,2072,2041,2072
3917,2067,2038,2067
3918,2061,2037,2061
3919,2056,2040,2056
3920,2057,2049,2057
3921,2062,2052,2062
3922,2069,2053,2069
3923,2079,2053,2079
3924,2085,2049,2085
3925,2089,2048,2089
3926,2087,2048,2087
3927,2081,2051,2081
3928,2075,2052,2075
3929,2069,2053,2069
3930,2063,2055,2063
3931,2060,2052,2060
3932,2059,2049,2059
3933,2057,2051,2057
3934,2060,2041,2060
3935,2059,2050,2059
3936,2052,2065,2052
3937,2059,2028,2059
3938,2058,2050,2058
3939,2051,2069,2051
3940,2051,2048,2051
3941,2052,2044,2052
3942,2047,2065,2047
3943,2042,2066,2042
3944,2038,2062,2038
3945,2035,2059,2035
3946,2037,2040,2037
3947,2037,2048,2037
3948,2035,2055,2035
3949,2037,2040,2037
3950,2042,2028,2042
3951,2047,2028,2047
3952,2051,2032,2051
3953,2054,2036,2054
3954,2058,2032,2058
3955,2060,2040,2060
3956,2058,2055,2058
3957,2056,2055,2056
3958,2055,2051,2055
3959,2056,2044,2056
3960,2060,2035,2060
3961,2065,2032,2065
3962,2066,2045,2066
3963,2066,2048,2066
3964,2062,2058,2062
3965,2061,2050,2061
3966,2058,2054,2058
3967,2055,2053,2055
3968,2054,2049,2054
3969,2062,2036,2062
3970,2066,2043,2066
3971,2065,2048,2065
3972,2064,2048,2064
3973,2061,2049,2061
3974,2061,2048,2061
3975,2062,2048,2062
3976,2061,2047,2061
3977,2063,2049,2063
3978,2067,2050,2067
3979,2068,2048,2068
3980,2076,2057,2076
3981,2070,2039,2070
3982,2066,2041,2066
3983,2065,2046,2065
3984,2058,2032,2058
3985,2056,2043,2056
3986,2052,2037,2052
3987,2053,2050,2053
3988,2051,2042,2051
3989,2052,2051,2052
3990,2056,2060,2056
3991,2063,2071,2063
3992,2062,2044,2062
3993,2066,2062,2066
3994,2066,2048,2066
3995,2066,2048,2066
3996,2060,2024,2060
3997,2054,2024,2054
3998,2051,2036,2051
3999,2048,2036,2048
4000,2049,2051,2049
4001,2053,2063,2053
4002,2056,2059,2056
4003,2058,2055,2058
4004,2058,2048,2058
4005,2057,2044,2057
4006,2055,2040,2055
4007,2053,2040,2053
4008,2059,2069,2059
4009,2064,2064,2064
4010,2068,2060,2068
4011,2075,2069,2075
4012,2080,2062,2080
4013,2085,2061,2085
4014,2088,2055,2088
4015,2090,2052,2090
4016,2089,2045,2089
4017,2087,2044,2087
4018,2085,2044,2085
4019,2082,2043,2082
4020,2075,2039,2075
4021,2075,2048,2075
4022,2069,2043,2069
4023,2062,2044,2062
4024,2054,2045,2054
4025,2049,2048,2049
4026,2046,2048,2046
4027,2043,2049,2043
4028,2041,2049,2041
4029,2045,2044,2045
4030,2047,2045,2047
4031,2054,2037,2054
4032,2061,2036,2061
4033,2072,2026,2072
4034,2077,2037,2077
4035,2077,2048,2077
4036,2077,2048,2077
4037,2074,2056,2074
4038,2076,2042,2076
4039,2070,2066,2070
4040,2067,2057,2067
4041,2063,2061,2063
4042,2062,2051,2062
4043,2067,2029,2067
4044,2064,2059,2064
4045,2066,2040,2066
4046,2063,2059,2063
4047,2056,2075,2056
4048,2059,2036,2059
4049,2064,2028,2064
4050,2068,2032,2068
4051,2071,2036,2071
4052,2069,2055,2069
4053,2069,2048,2069
4054,2069,2048,2069
4055,2065,2063,2065
4056,2059,2070,2059
4057,2052,2073,2052
4058,2050,2055,2050
4059,2055,2031,2055
4060,2059,2035,2059
4061,2062,2038,2062
4062,2066,2036,2066
4063,2071,2034,2071
4064,2070,2050,2070
4065,2070,2048,2070
4066,2073,2041,2073
4067,2071,2051,2071
4068,2080,2032,2080
4069,2088,2036,2088
4070,2091,2044,2091
4071,2095,2044,2095
4072,2094,2048,2094
4073,2093,2048,2093
4074,2091,2048,2091
4075,2088,2048,2088
4076,2083,2046,2083
4077,2080,2046,2080
4078,2079,2047,2079
4079,2084,2052,2084
4080,2087,2051,2087
4081,2084,2043,2084
4082,2081,2042,2081
4083,2078,2042,2078
4084,2073,2037,2073
4085,2070,2040,2070
4086,2063,2030,2063
4087,2055,2026,2055
4088,2051,2036,2051
4089,2050,2044,2050
4090,2049,2044,2049
4091,2053,2061,2053
4092,2045,2019,2045
4093,2043,2040,2043
4094,2048,2066,2048
4095,2054,2070,2054
4096,2059,2067,2059
4097,2061,2055,2061
4098,2069,2079,2069
4099,2073,2063,2073
4100,2075,2055,2075
4101,2079,2063,2079
4102,2080,2051,2080
4103,2084,2063,2084
4104,2079,2028,2079
4105,2072,2021,2072
4106,2065,2021,2065
4107,2056,2015,2056
4108,2047,2016,2047
4109,2041,2027,2041
4110,2040,2044,2040
4111,2040,2048,2040
4112,2046,2065,2046
4113,2052,2064,2052
4114,2057,2060,2057
4115,2059,2052,2059
4116,2057,2043,2057
4117,2055,2044,2055
4118,2063,2061,2063
4119,2061,2045,2061
4120,2067,2055,2067
4121,2063,2044,2063
4122,2063,2048,2063
4123,2059,2045,2059
4124,2057,2047,2057
4125,2053,2048,2053
4126,2051,2048,2051
4127,2048,2049,2048
4128,2047,2048,2047
4129,2049,2046,2049
4130,2053,2043,2053
4131,2059,2039,2059
4132,2061,2044,2061
4133,2064,2042,2064
4134,2071,2032,2071
4135,2075,2038,2075
4136,2083,2027,2083
4137,2079,2058,2079
4138,2071,2071,2071
4139,2069,2054,2069
4140,2065,2060,2065
4141,2058,2071,2058
4142,2051,2072,2051
4143,2041,2084,2041
4144,2037,2062,2037
4145,2037,2048,2037
4146,2044,2020,2044
4147,2055,2004,2055
4148,2063,2016,2063
4149,2068,2028,2068
4150,2075,2020,2075
4151,2076,2044,2076
4152,2081,2028,2081
4153,2082,2044,2082
4154,2082,2048,2082
4155,2081,2051,2081
4156,2080,2051,2080
4157,2080,2048,2080
4158,2073,2072,2073
4159,2069,2061,2069
4160,2064,2064,2064
4161,2056,2072,2056
4162,2049,2068,2049
4163,2045,2058,2045
4164,2041,2058,2041
4165,2038,2055,2038
4166,2032,2060,2032
4167,2033,2046,2033
4168,2034,2046,2034
4169,2040,2039,2040
4170,2050,2035,2050
4171,2058,2040,2058
4172,2070,2039,2070
4173,2077,2044,2077
4174,2079,2047,2079
4175,2081,2048,2081
4176,2084,2048,2084
4177,2081,2046,2081
4178,2079,2046,2079
4179,2076,2045,2076
4180,2073,2044,2073
4181,2075,2050,2075
4182,2075,2048,2075
4183,2075,2048,2075
4184,2077,2052,2077
4185,2071,2033,2071
4186,2069,2042,2069
4187,2070,2050,2070
4188,2068,2042,2068
4189,2072,2060,2072
4190,2074,2054,2074
4191,2071,2037,2071
4192,2068,2037,2068
4193,2064,2033,2064
4194,2064,2048,2064
4195,2070,2070,2070
4196,2075,2067,2075
4197,2083,2079,2083
4198,2087,2063,2087
4199,2091,2063,2091
4200,2093,2055,2093
4201,2089,2032,2089
4202,2089,2048,2089
4203,2085,2032,2085
4204,2074,2005,2074
4205,2066,2017,2066
4206,2060,2025,2060
4207,2052,2019,2052
4208,2053,2051,2053
4209,2054,2051,2054
4210,2056,2054,2056
4211,2058,2054,2058
4212,2063,2062,2063
4213,2063,2048,2063
4214,2063,2048,2063
4215,2063,2048,2063
4216,2063,2048,2063
4217,2061,2044,2061
4218,2061,2048,2061
4219,2061,2048,2061
4220,2065,2052,2065
4221,2067,2049,2067
4222,2069,2049,2069
4223,2069,2048,2069
4224,2071,2048,2071
4225,2076,2048,2076
4226,2081,2046,2081
4227,2087,2044,2087
4228,2088,2047,2088
4229,2085,2050,2085
4230,2085,2048,2085
4231,2081,2053,2081
4232,2075,2058,2075
4233,2070,2057,2070
4234,2062,2065,2062
4235,2060,2052,2060
4236,2057,2055,2057
4237,2057,2048,2057
4238,2055,2053,2055
4239,2057,2041,2057
4240,2062,2031,2062
4241,2055,2071,2055
4242,2059,2033,2059
4243,2065,2026,2065
4244,2065,2048,2065
4245,2069,2032,2069
4246,2073,2032,2073
4247,2073,2048,2073
4248,2073,2048,2073
4249,2067,2071,2067
4250,2061,2071,2061
4251,2054,2075,2054
4252,2054,2048,2054
4253,2055,2044,2055
4254,2051,2063,2051
4255,2050,2051,2050
4256,2051,2044,2051
4257,2060,2015,2060
4258,2056,2062,2056
4259,2055,2051,2055
4260,2060,2031,2060
4261,2067,2026,2067
4262,2068,2045,2068
4263,2073,2034,2073
4264,2076,2040,2076
4265,2079,2040,2079
4266,2081,2043,2081
4267,2079,2051,2079
4268,2077,2051,2077
4269,2079,2045,2079
4270,2072,2056,2072
4271,2067,2052,2067
4272,2061,2052,2061
4273,2052,2052,2052
4274,2051,2048,2051
4275,2043,2048,2043
4276,2046,2048,2046
4277,2045,2047,2045
4278,2053,2053,2053
4279,2057,2051,2057
4280,2055,2045,2055
4281,2055,2048,2055
4282,2056,2049,2056
4283,2055,2046,2055
4284,2056,2050,2056
4285,2061,2059,2061
4286,2066,2060,2066
4287,2064,2042,2064
4288,2065,2050,2065
4289,2069,2060,2069
4290,2076,2070,2076
4291,2082,2068,2082
4292,2086,2062,2086
4293,2088,2055,2088
4294,2083,2029,2083
4295,2078,2028,2078
4296,2072,2024,2072
4297,2067,2028,2067
4298,2064,2036,2064
4299,2065,2051,2065
4300,2078,2099,2078
4301,2085,2075,2085
4302,2093,2079,2093
4303,2094,2051,2094
4304,2091,2036,2091
4305,2089,2040,2089
4306,2084,2029,2084
4307,2080,2033,2080
4308,2071,2016,2071
4309,2057,2000,2057
4310,2056,2044,2056
4311,2046,2017,2046
4312,2048,2053,2048
4313,2054,2064,2054
4314,2063,2070,2063
4315,2072,2069,2072
4316,2077,2058,2077
4317,2081,2055,2081
4318,2083,2051,2083
4319,2081,2045,2081
4320,2083,2050,2083
4321,2088,2052,2088
4322,2091,2050,2091
4323,2095,2050,2095
4324,2093,2047,2093
4325,2091,2048,2091
4326,2084,2049,2084
4327,2075,2052,2075
4328,2063,2056,2063
4329,2055,2055,2055
4330,2049,2055,2049
4331,2045,2053,2045
4332,2047,2044,2047
4333,2048,2046,2048
4334,2051,2041,2051
4335,2053,2043,2053
4336,2051,2053,2051
4337,2053,2042,2053
4338,2055,2042,2055
4339,2055,2048,2055
4340,2061,2028,2061
4341,2067,2027,2067
4342,2079,2005,2079
4343,2081,2040,2081
4344,2085,2033,2085
4345,2090,2028,2090
4346,2093,2036,2093
4347,2093,2048,2093
4348,2093,2048,2093
4349,2093,2048,2093
4350,2083,2087,2083
4351,2072,2091,2072
4352,2059,2099,2059
4353,2049,2087,2049
4354,2039,2086,2039
4355,2035,2063,2035
4356,2032,2059,2032
4357,2032,2048,2032
4358,2035,2037,2035
4359,2037,2041,2037
4360,2037,2048,2037
4361,2036,2051,2036
4362,2037,2045,2037
4363,2038,2045,2038
4364,2041,2040,2041
4365,2047,2033,2047
4366,2050,2041,2050
4367,2053,2042,2053
4368,2057,2041,2057
4369,2059,2045,2059
4370,2058,2049,2058
4371,2057,2048,2057
4372,2054,2050,2054
4373,2052,2049,2052
4374,2051,2048,2051
4375,2054,2048,2054
4376,2055,2048,2055
4377,2058,2049,2058
4378,2057,2047,2057
4379,2053,2044,2053
4380,2050,2044,2050
4381,2046,2042,2046
4382,2047,2049,2047
4383,2037,2028,2037
4384,2035,2043,2035
4385,2036,2050,2036
4386,2036,2048,2036
4387,2037,2050,2037
4388,2039,2053,2039
4389,2044,2063,2044
4390,2047,2057,2047
4391,2054,2071,2054
4392,2061,2072,2061
4393,2069,2076,2069
4394,2081,2092,2081
4395,2087,2070,2087
4396,2093,2071,2093
4397,2091,2040,2091
4398,2089,2040,2089
4399,2084,2028,2084
4400,2080,2032,2080
4401,2077,2036,2077
4402,2075,2040,2075
4403,2075,2048,2075
4404,2069,2024,2069
4405,2067,2040,2067
4406,2062,2029,2062
4407,2059,2037,2059
4408,2054,2030,2054
4409,2048,2027,2048
4410,2050,2054,2050
4411,2050,2048,2050
4412,2051,2050,2051
4413,2057,2064,2057
4414,2059,2053,2059
4415,2069,2071,2069
4416,2073,2056,2073
4417,2069,2040,2069
4418,2061,2034,2061
4419,2059,2045,2059
4420,2056,2044,2056
4421,2052,2044,2052
4422,2049,2045,2049
4423,2049,2048,2049
4424,2050,2048,2050
4425,2055,2048,2055
4426,2062,2046,2062
4427,2068,2044,2068
4428,2071,2045,2071
4429,2067,2051,2067
4430,2061,2055,2061
4431,2061,2048,2061
4432,2060,2049,2060
4433,2069,2030,2069
4434,2079,2026,2079
4435,2082,2040,2082
4436,2087,2035,2087
4437,2084,2056,2084
4438,2081,2056,2081
4439,2075,2066,2075
4440,2071,2060,2071
4441,2064,2071,2064
4442,2062,2055,2062
4443,2059,2058,2059
4444,2055,2062,2055
4445,2052,2059,2052
4446,2049,2059,2049
4447,2049,2048,2049
4448,2047,2055,2047
4449,2051,2032,2051
4450,2056,2028,2056
4451,2061,2028,2061
4452,2067,2024,2067
4453,2073,2024,2073
4454,2074,2044,2074
4455,2077,2036,2077
4456,2080,2036,2080
4457,2085,2029,2085
4458,2086,2044,2086
4459,2090,2034,2090
4460,2084,2067,2084
4461,2080,2060,2080
4462,2076,2059,2076
4463,2071,2061,2071
4464,2064,2065,2064
4465,2061,2055,2061
4466,2054,2063,2054
4467,2050,2055,2050
4468,2051,2046,2051
4469,2051,2048,2051
4470,2050,2049,2050
4471,2056,2042,2056
4472,2062,2043,2062
4473,2068,2044,2068
4474,2070,2047,2070
4475,2070,2048,2070
4476,2068,2047,2068
4477,2066,2046,2066
4478,2063,2045,2063
4479,2064,2048,2064
4480,2064,2048,2064
4481,2065,2049,2065
4482,2065,2048,2065
4483,2063,2044,2063
4484,2062,2045,2062
4485,2061,2045,2061
4486,2061,2048,2061
4487,2057,2037,2057
4488,2052,2033,2052
4489,2054,2054,2054
4490,2060,2067,2060
4491,2064,2061,2064
4492,2071,2072,2071
4493,2072,2051,2072
4494,2075,2059,2075
4495,2073,2040,2073
4496,2068,2028,2068
4497,2057,2004,2057
4498,2046,2004,2046
4499,2042,2032,2042
4500,2035,2020,2035
4501,2036,2051,2036
4502,2035,2044,2035
4503,2038,2059,2038
4504,2039,2051,2039
4505,2044,2067,2044
4506,2051,2074,2051
4507,2061,2084,2061
4508,2067,2069,2067
4509,2070,2058,2070
4510,2073,2057,2073
4511,2078,2063,2078
4512,2085,2068,2085
4513,2085,2048,2085
4514,2087,2053,2087
4515,2085,2043,2085
4516,2083,2043,2083
4517,2085,2051,2085
4518,2083,2044,2083
4519,2081,2045,2081
4520,2081,2048,2081
4521,2078,2045,2078
4522,2075,2045,2075
4523,2065,2042,2065
4524,2057,2045,2057
4525,2049,2048,2049
4526,2049,2048,2049
4527,2050,2047,2050
4528,2051,2047,2051
4529,2053,2046,2053
4530,2066,2031,2066
4531,2074,2036,2074
4532,2077,2042,2077
4533,2083,2036,2083
4534,2086,2041,2086
4535,2085,2050,2085
4536,2086,2045,2086
4537,2085,2050,2085
4538,2084,2050,2084
4539,2087,2038,2087
4540,2084,2057,2084
4541,2081,2058,2081
4542,2080,2051,2080
4543,2072,2076,2072
4544,2069,2059,2069
4545,2065,2063,2065
4546,2063,2055,2063
4547,2061,2055,2061
4548,2060,2051,2060
4549,2059,2051,2059
4550,2062,2036,2062
4551,2064,2040,2064
4552,2064,2048,2064
4553,2069,2028,2069
4554,2067,2055,2067
4555,2068,2044,2068
4556,2067,2051,2067
4557,2073,2026,2073
4558,2079,2026,2079
4559,2084,2031,2084
4560,2085,2044,2085
4561,2081,2060,2081
4562,2077,2059,2077
4563,2078,2045,2078
4564,2071,2065,2071
4565,2064,2064,2064
4566,2059,2058,2059
4567,2053,2059,2053
4568,2050,2053,2050
4569,2045,2055,2045
4570,2045,2048,2045
4571,2049,2044,2049
4572,2049,2048,2049
4573,2051,2046,2051
4574,2048,2048,2048
4575,2046,2048,2046
4576,2045,2047,2045
4577,2043,2046,2043
4578,2046,2050,2046
4579,2045,2047,2045
4580,2043,2045,2043
4581,2040,2043,2040
4582,2037,2042,2037
4583,2033,2040,2033
4584,2032,2045,2032
4585,2034,2052,2034
4586,2033,2045,2033
4587,2037,2058,2037
4588,2042,2062,2042
4589,2045,2057,2045
4590,2046,2051,2046
4591,2044,2041,2044
4592,2043,2044,2043
4593,2042,2044,2042
4594,2041,2044,2041
4595,2041,2048,2041
4596,2048,2075,2048
4597,2051,2059,2051
4598,2051,2048,2051
4599,2069,2119,2069
4600,2073,2063,2073
4601,2083,2087,2083
4602,2080,2036,2080
4603,2077,2036,2077
4604,2072,2028,2072
4605,2068,2032,2068
4606,2066,2040,2066
4607,2060,2026,2060
4608,2061,2051,2061
4609,2060,2044,2060
4610,2063,2057,2063
4611,2061,2041,2061
4612,2056,2033,2056
4613,2055,2045,2055
4614,2050,2035,2050
4615,2052,2052,2052
4616,2055,2054,2055
4617,2062,2061,2062
4618,2069,2059,2069
4619,2073,2053,2073
4620,2076,2051,2076
4621,2078,2049,2078
4622,2083,2051,2083
4623,2085,2049,2085
4624,2084,2047,2084
4625,2080,2048,2080
4626,2074,2049,2074
4627,2065,2052,2065
4628,2057,2053,2057
4629,2053,2051,2053
4630,2049,2052,2049
4631,2050,2046,2050
4632,2054,2041,2054
4633,2061,2034,2061
4634,2065,2039,2065
4635,2070,2036,2070
4636,2067,2055,2067
4637,2062,2061,2062
4638,2057,2062,2057
4639,2054,2057,2054
4640,2053,2051,2053
4641,2052,2051,2052
4642,2057,2030,2057
4643,2057,2048,2057
4644,2065,2018,2065
4645,2066,2044,2066
4646,2065,2051,2065
4647,2064,2051,2064
4648,2058,2071,2058
4649,2059,2044,2059
4650,2063,2032,2063
4651,2066,2036,2066
4652,2069,2036,2069
4653,2073,2032,2073
4654,2073,2048,2073
4655,2074,2044,2074
4656,2080,2025,2080
4657,2082,2040,2082
4658,2084,2040,2084
4659,2081,2058,2081
4660,2079,2054,2079
4661,2071,2072,2071
4662,2064,2068,2064
4663,2059,2061,2059
4664,2054,2060,2054
4665,2053,2050,2053
4666,2049,2056,2049
4667,2050,2046,2050
4668,2047,2053,2047
4669,2049,2045,2049
4670,2050,2046,2050
4671,2046,2051,2046
4672,2043,2050,2043
4673,2043,2048,2043
4674,2045,2047,2045
4675,2055,2048,2055
4676,2066,2050,2066
4677,2071,2050,2071
4678,2083,2056,2083
4679,2091,2055,2091
4680,2101,2060,2101
4681,2103,2050,2103
4682,2103,2048,2103
4683,2097,2036,2097
4684,2084,2020,2084
4685,2081,2040,2081
4686,2071,2022,2071
4687,2068,2039,2068
4688,2066,2042,2066
4689,2064,2041,2064
4690,2060,2035,2060
4691,2056,2034,2056
4692,2049,2023,2049
4693,2049,2048,2049
4694,2054,2066,2054
4695,2060,2070,2060
4696,2067,2075,2067
4697,2069,2055,2069
4698,2071,2055,2071
4699,2072,2051,2072
4700,2072,2048,2072
4701,2070,2040,2070
4702,2071,2051,2071
4703,2071,2048,2071
4704,2072,2051,2072
4705,2071,2044,2071
4706,2071,2048,2071
4707,2068,2037,2068
4708,2064,2033,2064
4709,2056,2020,2056
4710,2050,2028,2050
4711,2048,2041,2048
4712,2048,2048,2048
4713,2047,2045,2047
4714,2049,2053,2049
4715,2048,2045,2048
4716,2049,2050,2049
4717,2045,2040,2045
4718,2044,2046,2044
4719,2037,2037,2037
4720,2037,2048,2037
4721,2037,2048,2037
4722,2045,2053,2045
4723,2056,2053,2056
4724,2073,2052,2073
4725,2081,2048,2081
4726,2093,2044,2093
4727,2097,2045,2097
4728,2098,2047,2098
4729,2095,2050,2095
4730,2091,2052,2091
4731,2087,2053,2087
4732,2083,2054,2083
4733,2079,2055,2079
4734,2079,2048,2079
4735,2079,2048,2079
4736,2081,2042,2081
4737,2080,2050,2080
4738,2083,2039,2083
4739,2085,2041,2085
4740,2084,2051,2084
4741,2084,2048,2084
4742,2087,2037,2087
4743,2086,2051,2086
4744,2083,2059,2083
4745,2080,2059,2080
4746,2075,2067,2075
4747,2068,2075,2068
4748,2062,2071,2062
4749,2062,2048,2062
4750,2063,2044,2063
4751,2062,2051,2062
4752,2059,2059,2059
4753,2062,2036,2062
4754,2067,2028,2067
4755,2052,2105,2052
4756,2051,2051,2051
4757,2050,2051,2050
4758,2050,2048,2050
4759,2053,2037,2053
4760,2058,2031,2058
4761,2062,2035,2062
4762,2069,2027,2069
4763,2071,2042,2071
4764,2076,2035,2076
4765,2084,2029,2084
4766,2088,2039,2088
4767,2093,2038,2093
4768,2098,2039,2098
4769,2094,2053,2094
4770,2093,2049,2093
4771,2084,2056,2084
4772,2071,2057,2071
4773,2061,2053,2061
4774,2053,2050,2053
4775,2043,2048,2043
4776,2041,2047,2041
4777,2039,2046,2039
4778,2043,2050,2043
4779,2044,2048,2044
4780,2049,2054,2049
4781,2052,2052,2052
4782,2055,2053,2055
4783,2057,2051,2057
4784,2055,2043,2055
4785,2053,2043,2053
4786,2051,2042,2051
4787,2049,2042,2049
4788,2050,2050,2050
4789,2053,2057,2053
4790,2057,2060,2057
4791,2060,2058,2060
4792,2061,2051,2061
4793,2061,2048,2061
4794,2067,2070,2067
4795,2069,2055,2069
4796,2071,2055,2071
4797,2074,2059,2074
4798,2075,2051,2075
4799,2076,2051,2076
4800,2071,2028,2071
4801,2068,2036,2068
4802,2066,2040,2066
4803,2068,2055,2068
4804,2069,2051,2069
4805,2073,2063,2073
4806,2073,2048,2073
4807,2071,2040,2071
4808,2064,2023,2064
4809,2061,2037,2061
4810,2054,2025,2054
4811,2050,2035,2050
4812,2048,2042,2048
4813,2046,2042,2046
4814,2045,2045,2045
4815,2045,2048,2045
4816,2045,2048,2045
4817,2045,2048,2045
4818,2045,2048,2045
4819,2043,2045,2043
4820,2040,2044,2040
4821,2036,2044,2036
4822,2041,2051,2041
4823,2043,2049,2043
4824,2049,2049,2049
4825,2057,2048,2057
4826,2067,2045,2067
4827,2068,2047,2068
4828,2070,2046,2070
4829,2064,2053,2064
4830,2060,2052,2060
4831,2058,2050,2058
4832,2055,2053,2055
4833,2058,2042,2058
4834,2057,2050,2057
4835,2060,2040,2060
4836,2059,2050,2059
4837,2054,2061,2054
4838,2051,2056,2051
4839,2049,2054,2049
4840,2055,2028,2055
4841,2049,2068,2049
4842,2056,2023,2056
4843,2064,2019,2064
4844,2071,2021,2071
4845,2078,2021,2078
4846,2082,2032,2082
4847,2083,2044,2083
4848,2083,2048,2083
4849,2082,2051,2082
4850,2082,2048,2082
4851,2082,2048,2082
4852,2080,2055,2080
4853,2089,2012,2089
4854,2081,2078,2081
4855,2079,2055,2079
4856,2077,2055,2077
4857,2077,2048,2077
4858,2081,2033,2081
4859,2082,2044,2082
4860,2085,2038,2085
4861,2086,2044,2086
4862,2085,2050,2085
4863,2083,2053,2083
4864,2081,2053,2081
4865,2076,2059,2076
4866,2067,2067,2067
4867,2070,2042,2070
4868,2070,2048,2070
4869,2075,2040,2075
4870,2078,2044,2078
4871,2079,2047,2079
4872,2077,2049,2077
4873,2071,2051,2071
4874,2063,2050,2063
4875,2058,2048,2058
4876,2055,2047,2055
4877,2049,2044,2049
4878,2048,2047,2048
4879,2049,2048,2049
4880,2050,2049,2050
4881,2050,2048,2050
4882,2053,2053,2053
4883,2053,2048,2053
4884,2054,2050,2054
4885,2054,2048,2054
4886,2053,2045,2053
4887,2057,2058,2057
4888,2058,2050,2058
4889,2057,2044,2057
4890,2057,2048,2057
4891,2056,2044,2056
4892,2060,2062,2060
4893,2063,2058,2063
4894,2065,2055,2065
4895,2064,2044,2064
4896,2059,2028,2059
4897,2054,2028,2054
4898,2049,2028,2049
4899,2042,2020,2042
4900,2043,2051,2043
4901,2048,2067,2048
4902,2063,2107,2063
4903,2071,2079,2071
4904,2075,2063,2075
4905,2075,2048,2075
4906,2073,2040,2073
4907,2076,2058,2076
4908,2069,2023,2069
4909,2067,2041,2067
4910,2065,2041,2065
4911,2063,2041,2063
4912,2065,2053,2065
4913,2065,2048,2065
4914,2071,2063,2071
4915,2080,2069,2080
4916,2071,2028,2071
4917,2065,2036,2065
4918,2055,2030,2055
4919,2050,2040,2050
4920,2046,2043,2046
4921,2050,2051,2050
4922,2047,2045,2047
4923,2045,2046,2045
4924,2045,2048,2045
4925,2053,2048,2053
4926,2059,2046,2059
4927,2067,2043,2067
4928,2073,2043,2073
4929,2079,2042,2079
4930,2082,2044,2082
4931,2086,2042,2086
4932,2088,2044,2088
4933,2091,2042,2091
4934,2085,2060,2085
4935,2082,2055,2082
4936,2080,2053,2080
4937,2073,2067,2073
4938,2071,2053,2071
4939,2072,2044,2072
4940,2071,2051,2071
4941,2073,2041,2073
4942,2073,2048,2073
4943,2071,2055,2071
4944,2062,2081,2062
4945,2059,2059,2059
4946,2055,2063,2055
4947,2057,2040,2057
4948,2058,2044,2058
4949,2060,2040,2060
4950,2063,2036,2063
4951,2061,2055,2061
4952,2062,2044,2062
4953,2064,2040,2064
4954,2064,2048,2064
4955,2067,2036,2067
4956,2069,2040,2069
4957,2073,2033,2073
4958,2071,2055,2071
4959,2064,2071,2064
4960,2061,2057,2061
4961,2053,2072,2053
4962,2054,2045,2054
4963,2052,2053,2052
4964,2066,2012,2066
4965,2065,2050,2065
4966,2068,2041,2068
4967,2074,2036,2074
4968,2071,2053,2071
4969,2068,2052,2068
4970,2068,2048,2068
4971,2067,2048,2067
4972,2062,2051,2062
4973,2067,2045,2067
4974,2071,2046,2071
4975,2071,2048,2071
4976,2074,2048,2074
4977,2080,2051,2080
4978,2087,2053,2087
4979,2088,2048,2088
4980,2087,2046,2087
4981,2081,2039,2081
4982,2076,2039,2076
4983,2072,2040,2072
4984,2071,2045,2071
4985,2070,2045,2070
4986,2071,2050,2071
4987,2071,2048,2071
4988,2071,2048,2071
4989,2071,2048,2071
4990,2072,2051,2072
4991,2067,2031,2067
4992,2066,2044,2066
4993,2064,2040,2064
4994,2065,2051,2065
4995,2065,2048,2065
4996,2067,2055,2067
4997,2063,2032,2063
4998,2059,2032,2059
4999,2058,2044,2058
5000,2053,2028,2053
5001,2050,2036,2050
5002,2046,2032,2046
5003,2044,2040,2044
5004,2049,2067,2049
5005,2051,2055,2051
5006,2053,2055,2053
5007,2054,2051,2054
5008,2054,2048,2054
5009,2057,2058,2057
5010,2066,2077,2066
5011,2071,2063,2071
5012,2077,2065,2077
5013,2080,2056,2080
5014,2070,2022,2070
5015,2063,2031,2063
5016,2052,2024,2052
5017,2038,2021,2038
5018,2026,2027,2026
5019,2023,2043,2023
5020,2019,2043,2019
5021,2020,2048,2020
5022,2020,2048,2020
5023,2031,2053,2031
5024,2035,2049,2035
5025,2046,2048,2046
5026,2055,2045,2055
5027,2069,2040,2069
5028,2078,2041,2078
5029,2082,2044,2082
5030,2083,2046,2083
5031,2077,2056,2077
5032,2066,2066,2066
5033,2062,2055,2062
5034,2057,2058,2057
5035,2052,2059,2052
5036,2050,2053,2050
5037,2053,2039,2053
5038,2058,2033,2058
5039,2064,2029,2064
5040,2064,2048,2064
5041,2062,2054,2062
5042,2060,2055,2060
5043,2056,2062,2056
5044,2049,2074,2049
5045,2043,2070,2043
5046,2039,2063,2039
5047,2037,2055,2037
5048,2041,2032,2041
5049,2047,2024,2047
5050,2053,2024,2053
5051,2061,2016,2061
5052,2065,2032,2065
5053,2068,2036,2068
5054,2073,2028,2073
5055,2076,2036,2076
5056,2077,2044,2077
5057,2074,2058,2074
5058,2072,2055,2072
5059,2069,2058,2069
5060,2068,2051,2068
5061,2065,2057,2065
5062,2071,2030,2071
5063,2067,2058,2067
5064,2071,2037,2071
5065,2080,2026,2080
5066,2087,2032,2087
5067,2093,2036,2093
5068,2097,2041,2097
5069,2097,2048,2097
5070,2092,2054,2092
5071,2093,2047,2093
5072,2089,2050,2089
5073,2080,2052,2080
5074,2068,2051,2068
5075,2067,2048,2067
5076,2062,2046,2062
5077,2061,2047,2061
5078,2059,2046,2059
5079,2060,2048,2060
5080,2062,2050,2062
5081,2062,2048,2062
5082,2064,2051,2064
5083,2068,2055,2068
5084,2069,2050,2069
5085,2069,2048,2069
5086,2064,2035,2064
5087,2052,2015,2052
5088,2047,2033,2047
5089,2046,2044,2046
5090,2050,2060,2050
5091,2054,2061,2054
5092,2063,2079,2063
5093,2067,2062,2067
5094,2071,2062,2071
5095,2073,2055,2073
5096,2074,2051,2074
5097,2072,2040,2072
5098,2079,2075,2079
5099,2079,2048,2079
5100,2076,2036,2076
5101,2078,2055,2078
5102,2079,2051,2079
5103,2080,2051,2080
5104,2079,2044,2079
5105,2077,2040,2077
5106,2074,2036,2074
5107,2069,2029,2069
5108,2070,2051,2070
5109,2063,2024,2063
5110,2059,2035,2059
5111,2053,2029,2053
5112,2047,2030,2047
5113,2043,2037,2043
5114,2051,2068,2051
5115,2057,2062,2057
5116,2059,2052,2059
5117,2065,2059,2065
5118,2070,2056,2070
5119,2072,2050,2072
5120,2076,2052,2076
5121,2076,2048,2076
5122,2075,2047,2075
5123,2076,2048,2076
5124,2077,2048,2077
5125,2084,2048,2084
5126,2086,2047,2086
5127,2093,2044,2093
5128,2096,2045,2096
5129,2099,2045,2099
5130,2103,2043,2103
5131,2105,2045,2105
5132,2101,2054,2101
5133,2098,2053,2098
5134,2087,2071,2087
5135,2082,2059,2082
5136,2080,2053,2080
5137,2079,2050,2079
5138,2075,2059,2075
5139,2078,2038,2078
5140,2074,2060,2074
5141,2076,2041,2076
5142,2074,2055,2074
5143,2079,2029,2079
5144,2078,2051,2078
5145,2075,2059,2075
5146,2073,2055,2073
5147,2074,2044,2074
5148,2068,2071,2068
5149,2068,2048,2068
5150,2062,2071,2062
5151,2056,2071,2056
5152,2050,2071,2050
5153,2051,2044,2051
5154,2051,2048,2051
5155,2058,2021,2058
5156,2061,2036,2061
5157,2062,2044,2062
5158,2065,2037,2065
5159,2063,2054,2063
5160,2058,2064,2058
5161,2054,2060,2054
5162,2048,2065,2048
5163,2044,2058,2044
5164,2042,2053,2042
5165,2042,2048,2042
5166,2042,2048,2042
5167,2043,2046,2043
5168,2043,2048,2043
5169,2039,2053,2039
5170,2043,2043,2043
5171,2046,2045,2046
5172,2051,2044,2051
5173,2059,2043,2059
5174,2063,2046,2063
5175,2077,2048,2077
5176,2087,2050,2087
5177,2096,2052,2096
5178,2096,2048,2096
5179,2102,2053,2102
5180,2103,2049,2103
5181,2091,2030,2091
5182,2089,2044,2089
5183,2086,2042,2086
5184,2080,2035,2080
5185,2076,2038,2076
5186,2075,2045,2075
5187,2072,2039,2072
5188,2072,2048,2072
5189,2074,2054,2074
5190,2077,2057,2077
5191,2079,2054,2079
5192,2079,2048,2079
5193,2077,2040,2077
5194,2073,2033,2073
5195,2074,2051,2074
5196,2070,2032,2070
5197,2069,2044,2069
5198,2069,2048,2069
5199,2075,2071,2075
5200,2082,2075,2082
5201,2086,2063,2086
5202,2086,2048,2086
5203,2085,2044,2085
5204,2082,2036,2082
5205,2075,2021,2075
5206,2067,2018,2067
5207,2065,2040,2065
5208,2061,2033,2061
5209,2062,2051,2062
5210,2061,2044,2061
5211,2064,2057,2064
5212,2071,2068,2071
5213,2074,2056,2074
5214,2077,2055,2077
5215,2077,2048,2077
5216,2078,2050,2078
5217,2074,2040,2074
5218,2067,2036,2067
5219,2058,2034,2058
5220,2058,2048,2058
5221,2054,2044,2054
5222,2057,2050,2057
5223,2059,2049,2059
5224,2061,2048,2061
5225,2070,2048,2070
5226,2067,2048,2067
5227,2064,2049,2064
5228,2057,2053,2057
5229,2049,2055,2049
5230,2044,2054,2044
5231,2045,2046,2045
5232,2045,2048,2045
5233,2054,2030,2054
5234,2061,2032,2061
5235,2069,2029,2069
5236,2074,2035,2074
5237,2074,2048,2074
5238,2067,2068,2067
5239,2062,2063,2062
5240,2056,2067,2056
5241,2052,2061,2052
5242,2053,2044,2053
5243,2058,2029,2058
5244,2066,2018,2066
5245,2068,2040,2068
5246,2070,2040,2070
5247,2064,2071,2064
5248,2059,2067,2059
5249,2049,2087,2049
5250,2043,2071,2043
5251,2041,2055,2041
5252,2042,2044,2042
5253,2045,2036,2045
5254,2050,2028,2050
5255,2055,2028,2055
5256,2054,2051,2054
5257,2059,2029,2059
5258,2063,2033,2063
5259,2066,2037,2066
5260,2071,2031,2071
5261,2075,2035,2075
5262,2077,2042,2077
5263,2077,2048,2077
5264,2077,2048,2077
5265,2075,2052,2075
5266,2070,2058,2070
5267,2061,2065,2061
5268,2058,2053,2058
5269,2058,2048,2058
5270,2062,2043,2062
5271,2058,2051,2058
5272,2068,2040,2068
5273,2066,2049,2066
5274,2070,2046,2070
5275,2067,2048,2067
5276,2060,2046,2060
5277,2054,2044,2054
5278,2050,2045,2050
5279,2043,2041,2043
5280,2044,2049,2044
5281,2040,2042,2040
5282,2049,2063,2049
5283,2048,2046,2048
5284,2053,2058,2053
5285,2055,2052,2055
5286,2059,2058,2059
5287,2068,2072,2068
5288,2071,2056,2071
5289,2074,2057,2074
5290,2069,2031,2069
5291,2067,2041,2067
5292,2064,2037,2064
5293,2065,2051,2065
5294,2068,2059,2068
5295,2071,2059,2071
5296,2069,2040,2069
5297,2073,2063,2073
5298,2076,2059,2076
5299,2072,2032,2072
5300,2067,2028,2067
5301,2061,2024,2061
5302,2053,2016,2053
5303,2048,2028,2048
5304,2046,2040,2046
5305,2047,2051,2047
5306,2053,2070,2053
5307,2063,2084,2063
5308,2070,2072,2070
5309,2073,2058,2073
5310,2074,2051,2074
5311,2071,2038,2071
5312,2070,2045,2070
5313,2069,2045,2069
5314,2069,2048,2069
5315,2066,2040,2066
5316,2068,2052,2068
5317,2069,2049,2069
5318,2069,2048,2069
5319,2066,2043,2066
5320,2063,2044,2063
5321,2059,2044,2059
5322,2054,2044,2054
5323,2052,2046,2052
5324,2051,2047,2051
5325,2053,2048,2053
5326,2053,2048,2053
5327,2056,2046,2056
5328,2054,2049,2054
5329,2063,2039,2063
5330,2063,2048,2063
5331,2065,2045,2065
5332,2071,2037,2071
5333,2066,2057,2066
5334,2068,2043,2068
5335,2069,2045,2069
5336,2071,2042,2071
5337,2074,2039,2074
5338,2085,2015,2085
5339,2085,2048,2085
5340,2093,2022,2093
5341,2096,2037,2096
5342,2102,2026,2102
5343,2104,2040,2104
5344,2103,2051,2103
5345,2097,2070,2097
5346,2091,2071,2091
5347,2080,2091,2080
5348,2067,2099,2067
5349,2059,2079,2059
5350,2053,2071,2053
5351,2049,2063,2049
5352,2048,2051,2048
5353,2049,2044,2049
5354,2046,2059,2046
5355,2045,2051,2045
5356,2045,2048,2045
5357,2049,2033,2049
5358,2055,2026,2055
5359,2063,2020,2063
5360,2076,2005,2076
5361,2077,2044,2077
5362,2081,2036,2081
5363,2085,2037,2085
5364,2080,2060,2080
5365,2073,2064,2073
5366,2065,2065,2065
5367,2056,2065,2056
5368,2050,2058,2050
5369,2048,2050,2048
5370,2043,2054,2043
5371,2050,2041,2050
5372,2058,2042,2058
5373,2059,2047,2059
5374,2057,2048,2057
5375,2055,2048,2055
5376,2050,2046,2050
5377,2047,2046,2047
5378,2046,2047,2046
5379,2039,2041,2039
5380,2039,2048,2039
5381,2040,2049,2040
5382,2041,2049,2041
5383,2045,2055,2045
5384,2046,2050,2046
5385,2053,2064,2053
5386,2058,2060,2058
5387,2067,2072,2067
5388,2066,2045,2066
5389,2068,2054,2068
5390,2067,2044,2067
5391,2064,2037,2064
5392,2062,2040,2062
5393,2059,2037,2059
5394,2055,2033,2055
5395,2059,2063,2059
5396,2061,2055,2061
5397,2069,2079,2069
5398,2073,2063,2073
5399,2077,2063,2077
5400,2074,2036,2074
5401,2071,2036,2071
5402,2069,2040,2069
5403,2071,2055,2071
5404,2069,2040,2069
5405,2069,2048,2069
5406,2074,2066,2074
5407,2073,2044,2073
5408,2073,2048,2073
5409,2075,2054,2075
5410,2077,2054,2077
5411,2074,2038,2074
5412,2073,2045,2073
5413,2067,2031,2067
5414,2061,2032,2061
5415,2047,2015,2047
5416,2052,2058,2052
5417,2057,2057,2057
5418,2055,2044,2055
5419,2055,2048,2055
5420,2054,2046,2054
5421,2053,2047,2053
5422,2056,2050,2056
5423,2061,2050,2061
5424,2061,2048,2061
5425,2057,2048,2057
5426,2056,2048,2056
5427,2052,2050,2052
5428,2055,2045,2055
5429,2055,2048,2055
5430,2065,2035,2065
5431,2068,2043,2068
5432,2067,2049,2067
5433,2059,2063,2059
5434,2052,2063,2052
5435,2047,2059,2047
5436,2039,2068,2039
5437,2036,2056,2036
5438,2033,2056,2033
5439,2032,2051,2032
5440,2042,2015,2042
5441,2043,2044,2043
5442,2048,2030,2048
5443,2052,2033,2052
5444,2055,2036,2055
5445,2059,2032,2059
5446,2064,2028,2064
5447,2068,2032,2068
5448,2073,2028,2073
5449,2079,2024,2079
5450,2081,2040,2081
5451,2074,2075,2074
5452,2071,2059,2071
5453,2065,2071,2065
5454,2059,2071,2059
5455,2055,2063,2055
5456,2059,2033,2059
5457,2063,2033,2063
5458,2075,2005,2075
5459,2070,2064,2070
5460,2069,2051,2069
5461,2068,2051,2068
5462,2068,2048,2068
5463,2071,2039,2071
5464,2065,2063,2065
5465,2069,2038,2069
5466,2071,2043,2071
5467,2073,2044,2073
5468,2077,2041,2077
5469,2081,2042,2081
5470,2079,2050,2079
5471,2076,2050,2076
5472,2075,2048,2075
5473,2073,2049,2073
5474,2077,2046,2077
5475,2080,2048,2080
5476,2082,2048,2082
5477,2087,2050,2087
5478,2080,2042,2080
5479,2077,2045,2077
5480,2068,2036,2068
5481,2070,2050,2070
5482,2065,2039,2065
5483,2062,2042,2062
5484,2062,2048,2062
5485,2058,2038,2058
5486,2069,2076,2069
5487,2074,2061,2074
5488,2073,2045,2073
5489,2076,2057,2076
5490,2073,2038,2073
5491,2069,2034,2069
5492,2063,2026,2063
5493,2048,1993,2048
5494,2045,2036,2045
5495,2040,2028,2040
5496,2039,2044,2039
5497,2039,2048,2039
5498,2046,2075,2046
5499,2052,2071,2052
5500,2062,2087,2062
5501,2070,2079,2070
5502,2074,2063,2074
5503,2073,2044,2073
5504,2067,2024,2067
5505,2061,2025,2061
5506,2056,2029,2056
5507,2055,2044,2055
5508,2057,2055,2057
5509,2064,2071,2064
5510,2070,2067,2070
5511,2077,2069,2077
5512,2087,2077,2087
5513,2090,2056,2090
5514,2093,2055,2093
5515,2090,2040,2090
5516,2085,2037,2085
5517,2075,2028,2075
5518,2062,2025,2062
5519,2054,2036,2054
5520,2060,2055,2060
5521,2052,2040,2052
5522,2065,2057,2065
5523,2064,2047,2064
5524,2067,2048,2067
5525,2075,2048,2075
5526,2080,2046,2080
5527,2082,2046,2082
5528,2084,2046,2084
5529,2081,2050,2081
5530,2079,2050,2079
5531,2076,2052,2076
5532,2077,2046,2077
5533,2078,2046,2078
5534,2081,2041,2081
5535,2077,2057,2077
5536,2080,2040,2080
5537,2075,2061,2075
5538,2069,2065,2069
5539,2055,2091,2055
5540,2053,2054,2053
5541,2044,2078,2044
5542,2042,2055,2042
5543,2043,2044,2043
5544,2044,2044,2044
5545,2045,2044,2045
5546,2049,2032,2049
5547,2051,2040,2051
5548,2055,2032,2055
5549,2055,2048,2055
5550,2055,2048,2055
5551,2051,2063,2051
5552,2048,2059,2048
5553,2047,2051,2047
5554,2048,2044,2048
5555,2055,2021,2055
5556,2057,2040,2057
5557,2063,2026,2063
5558,2066,2037,2066
5559,2071,2031,2071
5560,2069,2054,2069
5561,2072,2038,2072
5562,2073,2045,2073
5563,2073,2048,2073
5564,2076,2040,2076
5565,2080,2038,2080
5566,2082,2043,2082
5567,2085,2042,2085
5568,2072,2070,2072
5569,2065,2058,2065
5570,2059,2055,2059
5571,2054,2052,2054
5572,2047,2053,2047
5573,2045,2049,2045
5574,2050,2046,2050
5575,2053,2048,2053
5576,2061,2050,2061
5577,2066,2050,2066
5578,2066,2048,2066
5579,2066,2048,2066
5580,2066,2048,2066
5581,2067,2049,2067
5582,2066,2046,2066
5583,2066,2048,2066
5584,2065,2045,2065
5585,2069,2057,2069
5586,2066,2040,2066
5587,2064,2042,2064
5588,2062,2042,2062
5589,2063,2051,2063
5590,2066,2057,2066
5591,2071,2064,2071
5592,2077,2069,2077
5593,2078,2051,2078
5594,2075,2036,2075
5595,2075,2048,2075
5596,2075,2048,2075
5597,2069,2024,2069
5598,2062,2020,2062
5599,2059,2036,2059
5600,2055,2032,2055
5601,2056,2051,2056
5602,2059,2059,2059
5603,2064,2067,2064
5604,2069,2067,2069
5605,2074,2067,2074
5606,2077,2059,2077
5607,2068,2015,2068
5608,2071,2058,2071
5609,2068,2037,2068
5610,2069,2051,2069
5611,2066,2038,2066
5612,2063,2039,2063
5613,2069,2064,2069
5614,2072,2055,2072
5615,2075,2055,2075
5616,2078,2054,2078
5617,2075,2042,2075
5618,2073,2044,2073
5619,2075,2050,2075
5620,2074,2046,2074
5621,2079,2052,2079
5622,2082,2050,2082
5623,2081,2047,2081
5624,2080,2047,2080
5625,2079,2048,2079
5626,2081,2047,2081
5627,2078,2049,2078
5628,2076,2049,2076
5629,2075,2048,2075
5630,2075,2048,2075
5631,2067,2059,2067
5632,2059,2061,2059
5633,2053,2059,2053
5634,2041,2073,2041
5635,2039,2052,2039
5636,2045,2032,2045
5637,2049,2037,2049
5638,2059,2018,2059
5639,2063,2035,2063
5640,2068,2031,2068
5641,2070,2041,2070
5642,2073,2037,2073
5643,2073,2048,2073
5644,2073,2048,2073
5645,2074,2044,2074
5646,2076,2040,2076
5647,2074,2055,2074
5648,2073,2051,2073
5649,2075,2040,2075
5650,2070,2067,2070
5651,2063,2075,2063
5652,2058,2067,2058
5653,2053,2067,2053
5654,2051,2055,2051
5655,2047,2063,2047
5656,2045,2055,2045
5657,2044,2051,2044
5658,2041,2058,2041
5659,2040,2051,2040
5660,2040,2048,2040
5661,2042,2041,2042
5662,2045,2039,2045
5663,2049,2037,2049
5664,2049,2048,2049
5665,2045,2057,2045
5666,2046,2045,2046
5667,2049,2042,2049
5668,2057,2034,2057
5669,2062,2040,2062
5670,2071,2036,2071
5671,2079,2040,2079
5672,2086,2042,2086
5673,2096,2042,2096
5674,2102,2046,2102
5675,2105,2048,2105
5676,2112,2049,2112
5677,2107,2045,2107
5678,2103,2045,2103
5679,2091,2036,2091
5680,2081,2035,2081
5681,2069,2030,2069
5682,2060,2032,2060
5683,2055,2038,2055
5684,2051,2039,2051
5685,2044,2031,2044
5686,2041,2040,2041
5687,2039,2042,2039
5688,2047,2071,2047
5689,2052,2063,2052
5690,2061,2077,2061
5691,2066,2064,2066
5692,2070,2062,2070
5693,2067,2037,2067
5694,2072,2066,2072
5695,2073,2051,2073
5696,2071,2040,2071
5697,2063,2016,2063
5698,2061,2040,2061
5699,2061,2048,2061
5700,2060,2044,2060
5701,2062,2055,2062
5702,2060,2040,2060
5703,2063,2059,2063
5704,2057,2024,2057
5705,2051,2025,2051
5706,2043,2018,2043
5707,2041,2040,2041
5708,2039,2040,2039
5709,2034,2031,2034
5710,2033,2044,2033
5711,2036,2057,2036
5712,2043,2068,2043
5713,2055,2080,2055
5714,2064,2070,2064
5715,2066,2052,2066
5716,2067,2050,2067
5717,2069,2051,2069
5718,2067,2044,2067
5719,2068,2049,2068
5720,2069,2049,2069
5721,2069,2048,2069
5722,2073,2050,2073
5723,2073,2048,2073
5724,2070,2047,2070
5725,2067,2048,2067
5726,2065,2048,2065
5727,2063,2049,2063
5728,2063,2048,2063
5729,2064,2047,2064
5730,2067,2044,2067
5731,2072,2040,2072
5732,2082,2030,2082
5733,2082,2048,2082
5734,2093,2024,2093
5735,2084,2069,2084
5736,2079,2060,2079
5737,2071,2069,2071
5738,2069,2053,2069
5739,2066,2057,2066
5740,2066,2048,2066
5741,2065,2051,2065
5742,2064,2051,2064
5743,2067,2037,2067
5744,2065,2055,2065
5745,2067,2040,2067
5746,2067,2048,2067
5747,2068,2044,2068
5748,2068,2048,2068
5749,2068,2048,2068
5750,2065,2059,2065
5751,2063,2055,2063
5752,2064,2044,2064
5753,2065,2044,2065
5754,2070,2028,2070
5755,2069,2051,2069
5756,2065,2062,2065
5757,2059,2069,2059
5758,2058,2051,2058
5759,2066,2020,2066
5760,2064,2054,2064
5761,2071,2026,2071
5762,2073,2042,2073
5763,2077,2037,2077
5764,2074,2055,2074
5765,2072,2052,2072
5766,2065,2063,2065
5767,2058,2061,2058
5768,2055,2053,2055
5769,2053,2050,2053
5770,2054,2046,2054
5771,2057,2045,2057
5772,2058,2047,2058
5773,2057,2048,2057
5774,2058,2047,2058
5775,2057,2048,2057
5776,2051,2046,2051
5777,2050,2047,2050
5778,2055,2051,2055
5779,2049,2042,2049
5780,2049,2048,2049
5781,2047,2045,2047
5782,2048,2049,2048
5783,2051,2053,2051
5784,2053,2052,2053
5785,2055,2052,2055
5786,2063,2068,2063
5787,2072,2072,2072
5788,2080,2071,2080
5789,2089,2075,2089
5790,2090,2051,2090
5791,2087,2037,2087
5792,2088,2051,2088
5793,2090,2055,2090
5794,2089,2044,2089
5795,2088,2044,2088
5796,2088,2048,2088
5797,2087,2044,2087
5798,2086,2044,2086
5799,2092,2071,2092
5800,2084,2016,2084
5801,2080,2032,2080
5802,2078,2040,2078
5803,2078,2048,2078
5804,2077,2044,2077
5805,2077,2048,2077
5806,2079,2055,2079
5807,2076,2037,2076
5808,2080,2062,2080
5809,2077,2037,2077
5810,2075,2041,2075
5811,2078,2057,2078
5812,2075,2039,2075
5813,2073,2042,2073
5814,2072,2045,2072
5815,2073,2050,2073
5816,2065,2030,2065
5817,2060,2038,2060
5818,2056,2041,2056
5819,2052,2042,2052
5820,2050,2045,2050
5821,2052,2049,2052
5822,2057,2051,2057
5823,2060,2049,2060
5824,2062,2048,2062
5825,2057,2048,2057
5826,2053,2049,2053
5827,2048,2050,2048
5828,2047,2048,2047
5829,2045,2049,2045
5830,2052,2039,2052
5831,2058,2039,2058
5832,2062,2041,2062
5833,2066,2040,2066
5834,2066,2048,2066
5835,2070,2038,2070
5836,2072,2042,2072
5837,2064,2069,2064
5838,2069,2033,2069
5839,2062,2069,2062
5840,2066,2035,2066
5841,2066,2048,2066
5842,2063,2058,2063
5843,2065,2040,2065
5844,2067,2040,2067
5845,2070,2036,2070
5846,2075,2028,2075
5847,2074,2051,2074
5848,2077,2036,2077
5849,2077,2048,2077
5850,2075,2055,2075
5851,2073,2055,2073
5852,2069,2063,2069
5853,2069,2048,2069
5854,2061,2078,2061
5855,2055,2070,2055
5856,2049,2070,2049
5857,2045,2062,2045
5858,2040,2065,2040
5859,2042,2041,2042
5860,2047,2031,2047
5861,2055,2023,2055
5862,2063,2024,2063
5863,2070,2028,2070
5864,2076,2032,2076
5865,2084,2029,2084
5866,2090,2035,2090
5867,2091,2046,2091
5868,2089,2051,2089
5869,2081,2059,2081
5870,2071,2060,2071
5871,2067,2051,2067
5872,2051,2059,2051
5873,2045,2051,2045
5874,2036,2050,2036
5875,2032,2048,2032
5876,2028,2046,2028
5877,2035,2051,2035
5878,2037,2049,2037
5879,2044,2054,2044
5880,2051,2056,2051
5881,2059,2059,2059
5882,2059,2048,2059
5883,2057,2044,2057
5884,2057,2048,2057
5885,2061,2057,2061
5886,2066,2060,2066
5887,2073,2067,2073
5888,2081,2071,2081
5889,2085,2060,2085
5890,2086,2051,2086
5891,2082,2034,2082
5892,2069,2002,2069
5893,2058,2008,2058
5894,2046,2003,2046
5895,2037,2013,2037
5896,2030,2020,2030
5897,2033,2059,2033
5898,2035,2055,2035
5899,2041,2071,2041
5900,2044,2059,2044
5901,2045,2051,2045
5902,2048,2059,2048
5903,2046,2040,2046
5904,2047,2051,2047
5905,2047,2048,2047
5906,2045,2040,2045
5907,2046,2051,2046
5908,2047,2051,2047
5909,2047,2048,2047
5910,2051,2060,2051
5911,2046,2032,2046
5912,2050,2059,2050
5913,2051,2050,2051
5914,2054,2055,2054
5915,2056,2052,2056
5916,2059,2054,2059
5917,2053,2036,2053
5918,2044,2032,2044
5919,2042,2045,2042
5920,2030,2033,2030
5921,2046,2063,2046
5922,2055,2054,2055
5923,2063,2052,2063
5924,2071,2050,2071
5925,2077,2048,2077
5926,2087,2045,2087
5927,2091,2045,2091
5928,2090,2048,2090
5929,2087,2050,2087
5930,2076,2061,2076
5931,2067,2061,2067
5932,2061,2058,2061
5933,2055,2059,2055
5934,2052,2054,2052
5935,2057,2036,2057
5936,2058,2045,2058
5937,2059,2045,2059
5938,2065,2030,2065
5939,2069,2035,2069
5940,2068,2051,2068
5941,2070,2041,2070
5942,2070,2048,2070
5943,2084,1997,2084
5944,2074,2085,2074
5945,2071,2059,2071
5946,2074,2036,2074
5947,2073,2051,2073
5948,2070,2059,2070
5949,2071,2044,2071
5950,2072,2044,2072
5951,2071,2051,2071
5952,2073,2040,2073
5953,2067,2071,2067
5954,2057,2086,2057
5955,2050,2074,2050
5956,2044,2070,2044
5957,2044,2048,2044
5958,2051,2023,2051
5959,2063,2007,2063
5960,2075,2009,2075
5961,2086,2014,2086
5962,2091,2033,2091
5963,2090,2050,2090
5964,2087,2055,2087
5965,2075,2076,2075
5966,2069,2060,2069
5967,2061,2063,2061
5968,2057,2054,2057
5969,2058,2046,2058
5970,2055,2051,2055
5971,2059,2044,2059
5972,2063,2045,2063
5973,2067,2045,2067
5974,2071,2046,2071
5975,2077,2048,2077
5976,2067,2045,2067
5977,2074,2051,2074
5978,2061,2038,2061
5979,2061,2048,2061
5980,2058,2044,2058
5981,2056,2045,2056
5982,2059,2053,2059
5983,2057,2044,2057
5984,2057,2048,2057
5985,2059,2052,2059
5986,2057,2042,2057
5987,2058,2050,2058
5988,2059,2050,2059
5989,2060,2051,2060
5990,2063,2057,2063
5991,2062,2044,2062
5992,2060,2040,2060
5993,2065,2066,2065
5994,2065,2048,2065
5995,2066,2051,2066
5996,2064,2040,2064
5997,2063,2044,2063
5998,2066,2059,2066
5999,2065,2044,2065
6000,2063,2040,2063
6001,2064,2051,2064
6002,2065,2051,2065
6003,2064,2044,2064
6004,2065,2051,2065
6005,2065,2048,2065
6006,2067,2055,2067
6007,2070,2058,2070
6008,2069,2044,2069
6009,2069,2048,2069
6010,2063,2028,2063
6011,2059,2035,2059
6012,2059,2048,2059
6013,2061,2053,2061
6014,2067,2063,2067
6015,2064,2040,2064
6016,2075,2071,2075
6017,2066,2030,2066
6018,2074,2061,2074
6019,2070,2042,2070
6020,2059,2034,2059
6021,2055,2044,2055
6022,2057,2049,2057
6023,2063,2051,2063
6024,2069,2049,2069
6025,2077,2048,2077
6026,2087,2045,2087
6027,2092,2045,2092
6028,2096,2045,2096
6029,2092,2051,2092
6030,2090,2050,2090
6031,2085,2055,2085
6032,2074,2066,2074
6033,2065,2065,2065
6034,2057,2065,2057
6035,2057,2048,2057
6036,2056,2050,2056
6037,2057,2045,2057
6038,2057,2048,2057
6039,2056,2051,2056
6040,2053,2057,2053
6041,2053,2048,2053
6042,2045,2076,2045
6043,2039,2069,2039
6044,2035,2062,2035
6045,2036,2044,2036
6046,2033,2059,2033
6047,2034,2044,2034
6048,2037,2036,2037
6049,2045,2016,2045
6050,2049,2032,2049
6051,2049,2048,2049
6052,2050,2044,2050
6053,2050,2048,2050
6054,2051,2044,2051
6055,2055,2032,2055
6056,2055,2048,2055
6057,2053,2055,2053
6058,2053,2048,2053
6059,2051,2054,2051
6060,2057,2028,2057
6061,2063,2029,2063
6062,2070,2027,2070
6063,2078,2026,2078
6064,2083,2035,2083
6065,2081,2052,2081
6066,2082,2045,2082
6067,2080,2051,2080
6068,2075,2056,2075
6069,2076,2046,2076
6070,2076,2048,2076
6071,2076,2048,2076
6072,2074,2049,2074
6073,2069,2050,2069
6074,2068,2048,2068
6075,2063,2048,2063
6076,2057,2046,2057
6077,2051,2044,2051
6078,2046,2044,2046
6079,2046,2048,2046
6080,2051,2054,2051
6081,2049,2045,2049
6082,2053,2054,2053
6083,2052,2046,2052
6084,2054,2052,2054
6085,2057,2055,2057
6086,2059,2053,2059
6087,2066,2067,2066
6088,2069,2056,2069
6089,2072,2057,2072
6090,2073,2051,2073
6091,2073,2048,2073
6092,2073,2048,2073
6093,2074,2051,2074
6094,2073,2044,2073
6095,2071,2040,2071
6096,2068,2036,2068
6097,2066,2040,2066
6098,2063,2036,2063
6099,2062,2044,2062
6100,2058,2032,2058
6101,2057,2044,2057
6102,2055,2040,2055
6103,2056,2051,2056
6104,2059,2059,2059
6105,2050,2013,2050
6106,2058,2077,2058
6107,2059,2051,2059
6108,2053,2026,2053
6109,2053,2048,2053
6110,2055,2054,2055
6111,2059,2060,2059
6112,2063,2059,2063
6113,2066,2056,2066
6114,2067,2050,2067
6115,2072,2059,2072
6116,2075,2054,2075
6117,2079,2055,2079
6118,2078,2046,2078
6119,2074,2042,2074
6120,2067,2039,2067
6121,2066,2047,2066
6122,2061,2044,2061
6123,2052,2043,2052
6124,2051,2047,2051
6125,2052,2048,2052
6126,2054,2047,2054
6127,2056,2046,2056
6128,2064,2042,2064
6129,2071,2041,2071
6130,2075,2043,2075
6131,2075,2048,2075
6132,2077,2044,2077
6133,2074,2053,2074
6134,2073,2050,2073
6135,2078,2036,2078
6136,2068,2073,2068
6137,2062,2064,2062
6138,2069,2027,2069
6139,2069,2048,2069
6140,2070,2044,2070
6141,2079,2017,2079
6142,2076,2058,2076
6143,2083,2022,2083
6144,2086,2036,2086
6145,2085,2051,2085
6146,2082,2059,2082
6147,2075,2075,2075
6148,2072,2059,2072
6149,2072,2048,2072
6150,2077,2028,2077
6151,2082,2028,2082
6152,2084,2040,2084
6153,2081,2059,2081
6154,2081,2048,2081
6155,2077,2063,2077
6156,2069,2077,2069
6157,2061,2076,2061
6158,2049,2090,2049
6159,2039,2081,2039
6160,2039,2048,2039
6161,2045,2029,2045
6162,2060,2004,2060
6163,2070,2020,2070
6164,2082,2017,2082
6165,2087,2036,2087
6166,2090,2041,2090
6167,2086,2055,2086
6168,2081,2056,2081
6169,2073,2059,2073
6170,2066,2056,2066
6171,2067,2047,2067
6172,2067,2048,2067
6173,2074,2044,2074
6174,2082,2045,2082
6175,2089,2048,2089
6176,2093,2049,2093
6177,2091,2046,2091
6178,2087,2045,2087
6179,2078,2039,2078
6180,2072,2040,2072
6181,2068,2042,2068
6182,2067,2046,2067
6183,2072,2057,2072
6184,2074,2052,2074
6185,2071,2040,2071
6186,2077,2063,2077
6187,2072,2034,2072
6188,2069,2039,2069
6189,2067,2041,2067
6190,2063,2035,2063
6191,2056,2024,2056
6192,2054,2040,2054
6193,2051,2037,2051
6194,2056,2066,2056
6195,2057,2051,2057
6196,2057,2048,2057
6197,2054,2036,2054
6198,2053,2044,2053
6199,2051,2040,2051
6200,2049,2040,2049
6201,2048,2044,2048
6202,2041,2020,2041
6203,2037,2032,2037
6204,2035,2040,2035
6205,2035,2048,2035
6206,2037,2055,2037
6207,2047,2084,2047
6208,2052,2065,2052
6209,2057,2064,2057
6210,2063,2067,2063
6211,2063,2048,2063
6212,2062,2045,2062
6213,2058,2037,2058
6214,2052,2032,2052
6215,2047,2036,2047
6216,2045,2043,2045
6217,2040,2038,2040
6218,2041,2049,2041
6219,2045,2053,2045
6220,2048,2051,2048
6221,2052,2051,2052
6222,2060,2053,2060
6223,2056,2045,2056
6224,2055,2047,2055
6225,2051,2048,2051
6226,2052,2047,2052
6227,2054,2046,2054
6228,2059,2044,2059
6229,2065,2042,2065
6230,2067,2045,2067
6231,2073,2039,2073
6232,2073,2048,2073
6233,2075,2044,2075
6234,2070,2058,2070
6235,2066,2057,2066
6236,2056,2073,2056
6237,2059,2039,2059
6238,2051,2071,2051
6239,2060,2020,2060
6240,2058,2054,2058
6241,2059,2044,2059
6242,2055,2062,2055
6243,2050,2066,2050
6244,2057,2021,2057
6245,2054,2059,2054
6246,2057,2036,2057
6247,2064,2020,2064
6248,2071,2020,2071
6249,2075,2032,2075
6250,2075,2048,2075
6251,2071,2063,2071
6252,2067,2063,2067
6253,2064,2059,2064
6254,2064,2048,2064
6255,2069,2028,2069
6256,2075,2025,2075
6257,2082,2022,2082
6258,2084,2040,2084
6259,2089,2031,2089
6260,2089,2048,2089
6261,2089,2048,2089
6262,2085,2059,2085
6263,2077,2069,2077
6264,2071,2063,2071
6265,2069,2052,2069
6266,2067,2052,2067
6267,2065,2051,2065
6268,2061,2054,2061
6269,2056,2055,2056
6270,2054,2050,2054
6271,2048,2053,2048
6272,2045,2050,2045
6273,2045,2048,2045
6274,2048,2047,2048
6275,2053,2048,2053
6276,2058,2049,2058
6277,2063,2050,2063
6278,2066,2050,2066
6279,2068,2049,2068
6280,2069,2049,2069
6281,2066,2043,2066
6282,2067,2049,2067
6283,2072,2057,2072
6284,2069,2041,2069
6285,2075,2062,2075
6286,2075,2048,2075
6287,2074,2045,2074
6288,2078,2059,2078
6289,2081,2057,2081
6290,2084,2057,2084
6291,2086,2054,2086
6292,2091,2065,2091
6293,2091,2048,2091
6294,2089,2040,2089
6295,2088,2044,2088
6296,2081,2020,2081
6297,2071,2008,2071
6298,2065,2024,2065
6299,2060,2028,2060
6300,2054,2024,2054
6301,2055,2051,2055
6302,2055,2048,2055
6303,2055,2048,2055
6304,2057,2055,2057
6305,2059,2055,2059
6306,2057,2040,2057
6307,2064,2073,2064
6308,2068,2062,2068
6309,2068,2048,2068
6310,2066,2041,2066
6311,2064,2041,2064
6312,2065,2050,2065
6313,2071,2064,2071
6314,2080,2070,2080
6315,2082,2052,2082
6316,2083,2050,2083
6317,2083,2048,2083
6318,2084,2049,2084
6319,2076,2036,2076
6320,2070,2040,2070
6321,2063,2041,2063
6322,2055,2042,2055
6323,2049,2044,2049
6324,2040,2045,2040
6325,2046,2048,2046
6326,2053,2046,2053
6327,2060,2044,2060
6328,2063,2045,2063
6329,2061,2049,2061
6330,2065,2043,2065
6331,2071,2039,2071
6332,2076,2039,2076
6333,2079,2042,2079
6334,2080,2045,2080
6335,2083,2040,2083
6336,2086,2040,2086
6337,2089,2039,2089
6338,2097,2024,2097
6339,2103,2029,2103
6340,2102,2051,2102
6341,2104,2041,2104
6342,2097,2072,2097
6343,2090,2073,2090
6344,2077,2096,2077
6345,2065,2093,2065
6346,2054,2090,2054
6347,2053,2051,2053
6348,2053,2048,2053
6349,2051,2055,2051
6350,2047,2063,2047
6351,2044,2059,2044
6352,2049,2028,2049
6353,2057,2016,2057
6354,2062,2028,2062
6355,2075,1998,2075
6356,2075,2048,2075
6357,2083,2019,2083
6358,2090,2023,2090
6359,2095,2031,2095
6360,2097,2041,2097
6361,2093,2060,2093
6362,2089,2059,2089
6363,2082,2067,2082
6364,2079,2055,2079
6365,2073,2062,2073
6366,2070,2054,2070
6367,2067,2053,2067
6368,2064,2053,2064
6369,2060,2053,2060
6370,2055,2054,2055
6371,2048,2054,2048
6372,2045,2050,2045
6373,2045,2048,2045
6374,2041,2049,2041
6375,2040,2048,2040
6376,2045,2049,2045
6377,2047,2049,2047
6378,2051,2050,2051
6379,2055,2051,2055
6380,2055,2048,2055
6381,2056,2049,2056
6382,2058,2051,2058
6383,2061,2053,2061
6384,2061,2048,2061
6385,2066,2059,2066
6386,2068,2053,2068
6387,2069,2050,2069
6388,2067,2042,2067
6389,2070,2057,2070
6390,2071,2051,2071
6391,2073,2054,2073
6392,2067,2026,2067
6393,2064,2037,2064
6394,2060,2033,2060
6395,2058,2040,2058
6396,2058,2048,2058
6397,2066,2079,2066
6398,2070,2063,2070
6399,2074,2063,2074
6400,2080,2071,2080
6401,2082,2055,2082
6402,2087,2067,2087
6403,2077,2008,2077
6404,2070,2020,2070
6405,2067,2036,2067
6406,2063,2033,2063
6407,2066,2058,2066
6408,2065,2044,2065
6409,2065,2048,2065
6410,2063,2041,2063
6411,2063,2048,2063
6412,2057,2030,2057
6413,2051,2031,2051
6414,2041,2022,2041
6415,2034,2031,2034
6416,2027,2032,2027
6417,2023,2040,2023
6418,2030,2059,2030
6419,2045,2070,2045
6420,2058,2064,2058
6421,2070,2059,2070
6422,2074,2050,2074
6423,2076,2049,2076
6424,2076,2048,2076
6425,2080,2048,2080
6426,2079,2048,2079
6427,2077,2049,2077
6428,2067,2055,2067
6429,2056,2058,2056
6430,2049,2056,2049
6431,2043,2056,2043
6432,2039,2054,2039
6433,2039,2048,2039
6434,2041,2043,2041
6435,2045,2038,2045
6436,2046,2045,2046
6437,2049,2039,2049
6438,2051,2042,2051
6439,2051,2048,2051
6440,2046,2064,2046
6441,2045,2051,2045
6442,2046,2044,2046
6443,2051,2029,2051
6444,2053,2040,2053
6445,2057,2032,2057
6446,2059,2040,2059
6447,2061,2040,2061
6448,2064,2036,2064
6449,2063,2051,2063
6450,2064,2044,2064
6451,2065,2044,2065
6452,2063,2055,2063
6453,2072,2012,2072
6454,2072,2048,2072
6455,2078,2025,2078
6456,2076,2055,2076
6457,2081,2029,2081
6458,2084,2037,2084
6459,2093,2017,2093
6460,2084,2077,2084
6461,2081,2057,2081
6462,2076,2062,2076
6463,2063,2083,2063
6464,2063,2048,2063
6465,2060,2055,2060
6466,2057,2054,2057
6467,2062,2038,2062
6468,2064,2044,2064
6469,2070,2039,2070
6470,2075,2041,2075
6471,2080,2043,2080
6472,2081,2047,2081
6473,2080,2048,2080
6474,2077,2048,2077
6475,2077,2048,2077
6476,2078,2048,2078
6477,2078,2048,2078
6478,2076,2046,2076
6479,2078,2049,2078
6480,2081,2051,2081
6481,2088,2058,2088
6482,2086,2044,2086
6483,2088,2051,2088
6484,2088,2048,2088
6485,2085,2040,2085
6486,2075,2022,2075
6487,2069,2031,2069
6488,2058,2015,2058
6489,2051,2026,2051
6490,2043,2022,2043
6491,2042,2044,2042
6492,2042,2048,2042
6493,2045,2058,2045
6494,2051,2070,2051
6495,2062,2089,2062
6496,2069,2075,2069
6497,2070,2051,2070
6498,2072,2055,2072
6499,2070,2040,2070
6500,2068,2040,2068
6501,2063,2028,2063
6502,2066,2059,2066
6503,2072,2071,2072
6504,2078,2071,2078
6505,2084,2070,2084
6506,2088,2062,2088
6507,2091,2058,2091
6508,2090,2044,2090
6509,2087,2037,2087
6510,2089,2054,2089
6511,2087,2041,2087
6512,2083,2036,2083
6513,2084,2050,2084
6514,2083,2045,2083
6515,2082,2045,2082
6516,2078,2039,2078
6517,2078,2048,2078
6518,2078,2048,2078
6519,2074,2042,2074
6520,2071,2044,2071
6521,2067,2044,2067
6522,2067,2048,2067
6523,2065,2046,2065
6524,2063,2047,2063
6525,2064,2048,2064
6526,2069,2046,2069
6527,2073,2045,2073
6528,2076,2045,2076
6529,2081,2043,2081
6530,2083,2045,2083
6531,2078,2055,2078
6532,2080,2044,2080
6533,2073,2061,2073
6534,2070,2054,2070
6535,2064,2062,2064
6536,2059,2060,2059
6537,2047,2080,2047
6538,2042,2062,2042
6539,2039,2057,2039
6540,2035,2060,2035
6541,2034,2051,2034
6542,2033,2051,2033
6543,2035,2040,2035
6544,2039,2033,2039
6545,2042,2036,2042
6546,2048,2024,2048
6547,2047,2051,2047
6548,2049,2040,2049
6549,2056,2020,2056
6550,2063,2020,2063
6551,2070,2020,2070
6552,2073,2036,2073
6553,2074,2044,2074
6554,2070,2063,2070
6555,2063,2074,2063
6556,2059,2062,2059
6557,2058,2051,2058
6558,2058,2048,2058
6559,2058,2048,2058
6560,2057,2051,2057
6561,2060,2038,2060
6562,2066,2030,2066
6563,2065,2050,2065
6564,2061,2058,2061
6565,2056,2059,2056
6566,2053,2054,2053
6567,2053,2048,2053
6568,2055,2044,2055
6569,2057,2045,2057
6570,2059,2045,2059
6571,2060,2047,2060
6572,2061,2047,2061
6573,2062,2047,2062
6574,2061,2048,2061
6575,2063,2048,2063
6576,2060,2047,2060
6577,2064,2050,2064
6578,2059,2044,2059
6579,2055,2044,2055
6580,2058,2051,2058
6581,2066,2059,2066
6582,2069,2053,2069
6583,2074,2057,2074
6584,2080,2060,2080
6585,2087,2064,2087
6586,2084,2040,2084
6587,2080,2037,2080
6588,2074,2030,2074
6589,2069,2032,2069
6590,2062,2025,2062
6591,2061,2044,2061
6592,2059,2040,2059
6593,2055,2033,2055
6594,2054,2044,2054
6595,2054,2048,2054
6596,2054,2048,2054
6597,2057,2059,2057
6598,2057,2048,2057
6599,2057,2048,2057
6600,2053,2032,2053
6601,2048,2028,2048
6602,2046,2040,2046
6603,2045,2044,2045
6604,2050,2067,2050
6605,2057,2074,2057
6606,2062,2066,2062
6607,2070,2076,2070
6608,2080,2083,2080
6609,2087,2071,2087
6610,2099,2086,2099
6611,2093,2029,2093
6612,2087,2030,2087
6613,2079,2026,2079
6614,2067,2017,2067
6615,2064,2040,2064
6616,2059,2037,2059
6617,2055,2040,2055
6618,2050,2039,2050
6619,2046,2042,2046
6620,2050,2052,2050
6621,2051,2048,2051
6622,2055,2050,2055
6623,2059,2050,2059
6624,2060,2048,2060
6625,2061,2048,2061
6626,2058,2048,2058
6627,2058,2048,2058
6628,2060,2046,2060
6629,2060,2048,2060
6630,2064,2043,2064
6631,2069,2040,2069
6632,2070,2046,2070
6633,2071,2046,2071
6634,2072,2045,2072
6635,2070,2052,2070
6636,2064,2063,2064
6637,2058,2064,2058
6638,2053,2062,2053
6639,2045,2072,2045
6640,2043,2054,2043
6641,2043,2048,2043
6642,2047,2033,2047
6643,2051,2033,2051
6644,2060,2014,2060
6645,2063,2036,2063
6646,2077,1993,2077
6647,2081,2032,2081
6648,2081,2048,2081
6649,2073,2079,2073
6650,2065,2079,2065
6651,2057,2079,2057
6652,2047,2087,2047
6653,2041,2071,2041
6654,2041,2048,2041
6655,2045,2032,2045
6656,2049,2033,2049
6657,2063,1997,2063
6658,2068,2030,2068
6659,2072,2034,2072
6660,2077,2031,2077
6661,2072,2063,2072
6662,2072,2048,2072
6663,2072,2048,2072
6664,2078,2032,2078
6665,2089,2022,2089
6666,2095,2035,2095
6667,2100,2038,2100
6668,2099,2049,2099
6669,2113,2027,2113
6670,2115,2045,2115
6671,2112,2050,2112
6672,2105,2053,2105
6673,2099,2051,2099
6674,2091,2050,2091
6675,2081,2048,2081
6676,2069,2044,2069
6677,2060,2043,2060
6678,2051,2041,2051
6679,2047,2044,2047
6680,2048,2049,2048
6681,2049,2049,2049
6682,2045,2041,2045
6683,2054,2065,2054
6684,2057,2054,2057
6685,2057,2048,2057
6686,2065,2068,2065
6687,2071,2064,2071
6688,2072,2050,2072
6689,2076,2060,2076
6690,2079,2057,2079
6691,2075,2034,2075
6692,2079,2062,2079
6693,2075,2033,2075
6694,2069,2025,2069
6695,2062,2021,2062
6696,2053,2013,2053
6697,2045,2016,2045
6698,2047,2055,2047
6699,2042,2028,2042
6700,2040,2040,2040
6701,2040,2048,2040
6702,2035,2028,2035
6703,2033,2040,2033
6704,2032,2044,2032
6705,2032,2048,2032
6706,2034,2055,2034
6707,2036,2055,2036
6708,2040,2062,2040
6709,2047,2071,2047
6710,2053,2067,2053
6711,2056,2057,2056
6712,2056,2048,2056
6713,2060,2058,2060
6714,2060,2048,2060
6715,2062,2052,2062
6716,2056,2035,2056
6717,2053,2042,2053
6718,2045,2034,2045
6719,2055,2062,2055
6720,2051,2043,2051
6721,2051,2048,2051
6722,2055,2050,2055
6723,2063,2052,2063
6724,2068,2049,2068
6725,2076,2048,2076
6726,2077,2047,2077
6727,2081,2045,2081
6728,2080,2048,2080
6729,2077,2050,2077
6730,2074,2051,2074
6731,2075,2046,2075
6732,2075,2048,2075
6733,2076,2046,2076
6734,2078,2043,2078
6735,2081,2040,2081
6736,2085,2037,2085
6737,2083,2053,2083
6738,2079,2059,2079
6739,2076,2057,2076
6740,2071,2064,2071
6741,2066,2064,2066
6742,2065,2051,2065
6743,2062,2058,2062
6744,2065,2036,2065
6745,2072,2021,2072
6746,2069,2059,2069
6747,2065,2063,2065
6748,2065,2048,2065
6749,2060,2067,2060
6750,2058,2055,2058
6751,2056,2055,2056
6752,2058,2040,2058
6753,2055,2059,2055
6754,2052,2059,2052
6755,2052,2048,2052
6756,2049,2059,2049
6757,2051,2040,2051
6758,2061,2012,2061
6759,2066,2031,2066
6760,2063,2057,2063
6761,2064,2044,2064
6762,2063,2050,2063
6763,2061,2053,2061
6764,2052,2070,2052
6765,2044,2066,2044
6766,2039,2058,2039
6767,2038,2049,2038
6768,2039,2046,2039
6769,2049,2033,2049
6770,2059,2035,2059
6771,2065,2042,2065
6772,2070,2044,2070
6773,2068,2049,2068
6774,2065,2048,2065
6775,2059,2048,2059
6776,2052,2046,2052
6777,2046,2044,2046
6778,2041,2044,2041
6779,2040,2047,2040
6780,2043,2051,2043
6781,2048,2055,2048
6782,2057,2063,2057
6783,2062,2057,2062
6784,2064,2052,2064
6785,2060,2038,2060
6786,2060,2048,2060
6787,2057,2039,2057
6788,2053,2036,2053
6789,2054,2051,2054
6790,2058,2060,2058
6791,2065,2071,2065
6792,2075,2083,2075
6793,2081,2069,2081
6794,2086,2066,2086
6795,2091,2067,2091
6796,2084,2020,2084
6797,2093,2083,2093
6798,2088,2028,2088
6799,2085,2036,2085
6800,2077,2016,2077
6801,2075,2040,2075
6802,2072,2036,2072
6803,2075,2059,2075
6804,2080,2067,2080
6805,2083,2059,2083
6806,2081,2040,2081
6807,2075,2026,2075
6808,2063,2005,2063
6809,2067,2061,2067
6810,2065,2041,2065
6811,2058,2026,2058
6812,2059,2050,2059
6813,2061,2053,2061
6814,2062,2050,2062
6815,2064,2052,2064
6816,2064,2048,2064
6817,2059,2038,2059
6818,2059,2048,2059
6819,2055,2042,2055
6820,2053,2045,2053
6821,2043,2038,2043
6822,2036,2042,2036
6823,2031,2045,2031
6824,2035,2049,2035
6825,2042,2048,2042
6826,2053,2045,2053
6827,2062,2043,2062
6828,2071,2041,2071
6829,2076,2043,2076
6830,2080,2043,2080
6831,2079,2049,2079
6832,2075,2054,2075
6833,2075,2048,2075
6834,2071,2056,2071
6835,2074,2040,2074
6836,2073,2050,2073
6837,2074,2045,2074
6838,2073,2050,2073
6839,2071,2054,2071
6840,2068,2057,2068
6841,2067,2051,2067
6842,2061,2069,2061
6843,2062,2044,2062
6844,2060,2055,2060
6845,2059,2051,2059
6846,2059,2048,2059
6847,2058,2051,2058
6848,2061,2036,2061
6849,2067,2024,2067
6850,2074,2020,2074
6851,2071,2059,2071
6852,2068,2059,2068
6853,2069,2044,2069
6854,2069,2048,2069
6855,2068,2051,2068
6856,2065,2059,2065
6857,2060,2066,2060
6858,2064,2033,2064
6859,2066,2041,2066
6860,2071,2031,2071
6861,2068,2057,2068
6862,2075,2027,2075
6863,2073,2053,2073
6864,2072,2050,2072
6865,2067,2059,2067
6866,2061,2060,2061
6867,2059,2051,2059
6868,2055,2054,2055
6869,2052,2052,2052
6870,2051,2049,2051
6871,2057,2042,2057
6872,2055,2049,2055
6873,2054,2048,2054
6874,2054,2048,2054
6875,2055,2048,2055
6876,2055,2048,2055
6877,2049,2044,2049
6878,2054,2051,2054
6879,2051,2045,2051
6880,2051,2048,2051
6881,2050,2046,2050
6882,2054,2054,2054
6883,2055,2049,2055
6884,2056,2050,2056
6885,2057,2050,2057
6886,2064,2065,2064
6887,2067,2056,2067
6888,2066,2045,2066
6889,2066,2048,2066
6890,2068,2054,2068
6891,2065,2037,2065
6892,2063,2040,2063
6893,2061,2040,2061
6894,2066,2066,2066
6895,2068,2055,2068
6896,2075,2075,2075
6897,2076,2051,2076
6898,2077,2051,2077
6899,2075,2040,2075
6900,2074,2044,2074
6901,2071,2036,2071
6902,2071,2048,2071
6903,2073,2055,2073
6904,2073,2048,2073
6905,2076,2059,2076
6906,2075,2044,2075
6907,2074,2044,2074
6908,2070,2033,2070
6909,2064,2027,2064
6910,2063,2044,2063
6911,2065,2054,2065
6912,2069,2059,2069
6913,2080,2078,2080
6914,2075,2035,2075
6915,2080,2059,2080
6916,2077,2041,2077
6917,2081,2055,2081
6918,2075,2037,2075
6919,2077,2050,2077
6920,2071,2040,2071
6921,2069,2046,2069
6922,2061,2042,2061
6923,2060,2047,2060
6924,2055,2046,2055
6925,2050,2048,2050
6926,2044,2049,2044
6927,2040,2050,2040
6928,2041,2047,2041
6929,2043,2046,2043
6930,2050,2039,2050
6931,2058,2036,2058
6932,2067,2032,2067
6933,2072,2038,2072
6934,2078,2035,2078
6935,2083,2036,2083
6936,2076,2065,2076
6937,2080,2037,2080
6938,2075,2062,2075
6939,2073,2054,2073
6940,2074,2044,2074
6941,2075,2044,2075
6942,2077,2040,2077
6943,2076,2051,2076
6944,2072,2062,2072
6945,2072,2048,2072
6946,2074,2040,2074
6947,2073,2051,2073
6948,2074,2044,2074
6949,2071,2059,2071
6950,2067,2063,2067
6951,2063,2063,2063
6952,2058,2067,2058
6953,2056,2055,2056
6954,2048,2078,2048
6955,2046,2055,2046
6956,2046,2048,2046
6957,2056,2011,2056
6958,2061,2030,2061
6959,2066,2031,2066
6960,2064,2054,2064
6961,2061,2057,2061
6962,2059,2053,2059
6963,2055,2058,2055
6964,2055,2048,2055
6965,2055,2048,2055
6966,2055,2048,2055
6967,2054,2049,2054
6968,2052,2051,2052
6969,2059,2037,2059
6970,2060,2046,2060
6971,2063,2045,2063
6972,2063,2048,2063
6973,2067,2045,2067
6974,2070,2047,2070
6975,2073,2048,2073
6976,2073,2048,2073
6977,2074,2048,2074
6978,2074,2048,2074
6979,2069,2043,2069
6980,2066,2044,2066
6981,2056,2033,2056
6982,2047,2032,2047
6983,2040,2034,2040
6984,2039,2045,2039
6985,2041,2052,2041
6986,2043,2053,2043
6987,2047,2058,2047
6988,2049,2053,2049
6989,2055,2066,2055
6990,2061,2067,2061
6991,2062,2051,2062
6992,2062,2048,2062
6993,2057,2029,2057
6994,2054,2036,2054
6995,2057,2059,2057
6996,2058,2051,2058
6997,2061,2059,2061
6998,2066,2067,2066
6999,2071,2067,2071
7000,2076,2067,2076
7001,2087,2091,2087
7002,2083,2032,2083
7003,2083,2048,2083
7004,2080,2036,2080
7005,2078,2040,2078
7006,2075,2036,2075
7007,2072,2037,2072
7008,2066,2026,2066
7009,2062,2034,2062
7010,2061,2044,2061
7011,2065,2060,2065
7012,2069,2059,2069
7013,2081,2080,2081
7014,2088,2065,2088
7015,2091,2055,2091
7016,2092,2050,2092
7017,2088,2040,2088
7018,2089,2049,2089
7019,2085,2042,2085
7020,2081,2043,2081
7021,2081,2048,2081
7022,2075,2043,2075
7023,2073,2046,2073
7024,2073,2048,2073
7025,2072,2048,2072
7026,2075,2047,2075
7027,2075,2048,2075
7028,2073,2049,2073
7029,2071,2049,2071
7030,2069,2050,2069
7031,2067,2050,2067
7032,2070,2042,2070
7033,2071,2046,2071
7034,2068,2054,2068
7035,2065,2055,2065
7036,2062,2055,2062
7037,2060,2053,2060
7038,2061,2045,2061
7039,2062,2044,2062
7040,2064,2041,2064
7041,2065,2044,2065
7042,2064,2051,2064
7043,2062,2055,2062
7044,2062,2048,2062
7045,2060,2055,2060
7046,2065,2028,2065
7047,2063,2055,2063
7048,2062,2051,2062
7049,2065,2036,2065
7050,2068,2036,2068
7051,2071,2036,2071
7052,2079,2016,2079
7053,2081,2040,2081
7054,2087,2024,2087
7055,2087,2048,2087
7056,2087,2048,2087
7057,2082,2066,2082
7058,2081,2051,2081
7059,2081,2048,2081
7060,2075,2067,2075
7061,2067,2072,2067
7062,2058,2074,2058
7063,2056,2053,2056
7064,2054,2053,2054
7065,2056,2043,2056
7066,2061,2037,2061
7067,2063,2044,2063
7068,2067,2041,2067
7069,2071,2042,2071
7070,2073,2045,2073
7071,2073,2048,2073
7072,2072,2048,2072
7073,2066,2051,2066
7074,2055,2050,2055
7075,2049,2048,2049
7076,2045,2046,2045
7077,2046,2048,2046
7078,2045,2047,2045
7079,2042,2045,2042
7080,2039,2044,2039
7081,2037,2045,2037
7082,2039,2051,2039
7083,2050,2069,2050
7084,2050,2048,2050
7085,2051,2050,2051
7086,2053,2053,2053
7087,2056,2056,2056
7088,2061,2062,2061
7089,2068,2069,2068
7090,2077,2077,2077
7091,2077,2048,2077
7092,2080,2058,2080
7093,2077,2037,2077
7094,2073,2033,2073
7095,2057,1987,2057
7096,2057,2048,2057
7097,2054,2036,2054
7098,2049,2028,2049
7099,2046,2036,2046
7100,2049,2059,2049
7101,2052,2059,2052
7102,2056,2063,2056
7103,2057,2051,2057
7104,2057,2048,2057
7105,2055,2040,2055
7106,2057,2055,2057
7107,2056,2044,2056
7108,2064,2076,2064
7109,2064,2048,2064
7110,2067,2057,2067
7111,2067,2048,2067
7112,2073,2065,2073
7113,2078,2061,2078
7114,2080,2053,2080
7115,2083,2055,2083
7116,2084,2050,2084
7117,2083,2046,2083
7118,2085,2051,2085
7119,2079,2039,2079
7120,2077,2045,2077
7121,2072,2043,2072
7122,2071,2047,2071
7123,2069,2046,2069
7124,2067,2047,2067
7125,2068,2048,2068
7126,2060,2050,2060
7127,2057,2049,2057
7128,2056,2048,2056
7129,2052,2051,2052
7130,2047,2054,2047
7131,2047,2048,2047
7132,2046,2049,2046
7133,2048,2044,2048
7134,2050,2043,2050
7135,2052,2043,2052
7136,2053,2045,2053
7137,2051,2053,2051
7138,2054,2039,2054
7139,2057,2038,2057
7140,2062,2031,2062
7141,2067,2031,2067
7142,2068,2044,2068
7143,2069,2044,2069
7144,2064,2066,2064
7145,2070,2025,2070
7146,2061,2082,2061
7147,2059,2055,2059
7148,2058,2051,2058
7149,2055,2059,2055
7150,2053,2055,2053
7151,2053,2048,2053
7152,2049,2063,2049
7153,2040,2083,2040
7154,2047,2020,2047
7155,2045,2055,2045
7156,2050,2029,2050
7157,2056,2026,2056
7158,2061,2030,2061
7159,2059,2054,2059
7160,2062,2038,2062
7161,2065,2038,2065
7162,2069,2036,2069
7163,2071,2042,2071
7164,2072,2045,2072
7165,2067,2059,2067
7166,2070,2041,2070
7167,2069,2049,2069
7168,2069,2048,2069
7169,2077,2036,2077
7170,2075,2050,2075
7171,2080,2043,2080
7172,2079,2048,2079
7173,2081,2046,2081
7174,2086,2046,2086
7175,2085,2048,2085
7176,2083,2047,2083
7177,2083,2048,2083
7178,2079,2045,2079
7179,2077,2046,2077
7180,2073,2043,2073
7181,2073,2048,2073
7182,2073,2048,2073
7183,2071,2044,2071
7184,2069,2043,2069
7185,2064,2036,2064
7186,2062,2042,2062
7187,2055,2028,2055
7188,2051,2036,2051
7189,2049,2041,2049
7190,2051,2054,2051
7191,2055,2061,2055
7192,2061,2069,2061
7193,2062,2051,2062
7194,2065,2059,2065
7195,2065,2048,2065
7196,2064,2044,2064
7197,2061,2036,2061
7198,2059,2040,2059
7199,2060,2051,2060
7200,2064,2063,2064
7201,2070,2071,2070
7202,2079,2083,2079
7203,2086,2075,2086
7204,2085,2044,2085
7205,2077,2017,2077
7206,2071,2025,2071
7207,2059,2004,2059
7208,2046,2002,2046
7209,2039,2024,2039
7210,2037,2041,2037
7211,2037,2048,2037
7212,2045,2071,2045
7213,2053,2069,2053
7214,2059,2063,2059
7215,2064,2059,2064
7216,2069,2058,2069
7217,2077,2063,2077
7218,2080,2053,2080
7219,2077,2043,2077
7220,2068,2036,2068
7221,2067,2047,2067
7222,2061,2043,2061
7223,2058,2046,2058
7224,2058,2048,2058
7225,2065,2048,2065
7226,2064,2048,2064
7227,2066,2046,2066
7228,2065,2048,2065
7229,2059,2053,2059
7230,2052,2056,2052
7231,2053,2046,2053
7232,2050,2053,2050
7233,2052,2044,2052
7234,2054,2043,2054
7235,2058,2038,2058
7236,2064,2032,2064
7237,2070,2031,2070
7238,2068,2053,2068
7239,2065,2057,2065
7240,2060,2064,2060
7241,2056,2061,2056
7242,2049,2072,2049
7243,2051,2040,2051
7244,2051,2048,2051
7245,2059,2017,2059
7246,2059,2048,2059
7247,2062,2036,2062
7248,2068,2024,2068
7249,2073,2028,2073
7250,2075,2040,2075
7251,2074,2051,2074
7252,2071,2059,2071
7253,2070,2051,2070
7254,2064,2071,2064
7255,2064,2048,2064
7256,2067,2036,2067
7257,2065,2055,2065
7258,2063,2055,2063
7259,2064,2044,2064
7260,2067,2038,2067
7261,2074,2026,2074
7262,2073,2050,2073
7263,2076,2039,2076
7264,2074,2053,2074
7265,2071,2055,2071
7266,2068,2054,2068
7267,2068,2048,2068
7268,2063,2056,2063
7269,2059,2053,2059
7270,2057,2050,2057
7271,2052,2052,2052
7272,2051,2048,2051
7273,2049,2049,2049
7274,2052,2047,2052
7275,2053,2048,2053
7276,2053,2048,2053
7277,2057,2050,2057
7278,2065,2053,2065
7279,2073,2055,2073
7280,2080,2056,2080
7281,2082,2050,2082
7282,2082,2048,2082
7283,2080,2044,2080
7284,2081,2050,2081
7285,2078,2040,2078
7286,2069,2025,2069
7287,2063,2031,2063
7288,2064,2050,2064
7289,2066,2054,2066
7290,2071,2064,2071
7291,2071,2048,2071
7292,2072,2051,2072
7293,2071,2044,2071
7294,2060,2007,2060
7295,2062,2055,2062
7296,2061,2044,2061
7297,2060,2044,2060
7298,2055,2028,2055
7299,2053,2040,2053
7300,2052,2044,2052
7301,2056,2063,2056
7302,2061,2067,2061
7303,2071,2087,2071
7304,2063,2017,2063
7305,2066,2059,2066
7306,2067,2051,2067
7307,2069,2055,2069
7308,2069,2048,2069
7309,2070,2051,2070
7310,2067,2038,2067
7311,2065,2041,2065
7312,2067,2053,2067
7313,2065,2042,2065
7314,2069,2058,2069
7315,2069,2048,2069
7316,2066,2041,2066
7317,2064,2044,2064
7318,2064,2048,2064
7319,2060,2042,2060
7320,2053,2039,2053
7321,2045,2040,2045
7322,2039,2043,2039
7323,2041,2049,2041
7324,2039,2047,2039
7325,2037,2048,2037
7326,2038,2047,2038
7327,2045,2044,2045
7328,2057,2039,2057
7329,2069,2036,2069
7330,2075,2040,2075
7331,2083,2036,2083
7332,2084,2046,2084
7333,2091,2034,2091
7334,2089,2052,2089
7335,2087,2052,2087
7336,2084,2055,2084
7337,2080,2058,2080
7338,2075,2062,2075
7339,2067,2072,2067
7340,2063,2060,2063
7341,2056,2071,2056
7342,2052,2062,2052
7343,2052,2048,2052
7344,2050,2055,2050
7345,2045,2067,2045
7346,2040,2067,2040
7347,2036,2063,2036
7348,2033,2059,2033
7349,2034,2044,2034
7350,2040,2024,2040
7351,2050,2008,2050
7352,2054,2032,2054
7353,2061,2020,2061
7354,2068,2020,2068
7355,2072,2032,2072
7356,2075,2036,2075
7357,2075,2048,2075
7358,2077,2040,2077
7359,2076,2051,2076
7360,2071,2064,2071
7361,2071,2048,2071
7362,2071,2048,2071
7363,2069,2053,2069
7364,2069,2048,2069
7365,2063,2062,2063
7366,2058,2058,2058
7367,2056,2051,2056
7368,2052,2054,2052
7369,2048,2053,2048
7370,2039,2059,2039
7371,2039,2048,2039
7372,2041,2046,2041
7373,2049,2043,2049
7374,2054,2046,2054
7375,2064,2048,2064
7376,2071,2049,2071
7377,2079,2052,2079
7378,2084,2051,2084
7379,2088,2051,2088
7380,2086,2045,2086
7381,2084,2045,2084
7382,2083,2046,2083
7383,2079,2040,2079
7384,2075,2039,2075
7385,2078,2055,2078
7386,2072,2032,2072
7387,2071,2045,2071
7388,2073,2053,2073
7389,2073,2048,2073
7390,2071,2041,2071
7391,2073,2054,2073
7392,2071,2040,2071
7393,2071,2048,2071
7394,2073,2055,2073
7395,2079,2070,2079
7396,2076,2036,2076
7397,2081,2067,2081
7398,2081,2048,2081
7399,2087,2071,2087
7400,2086,2044,2086
7401,2085,2044,2085
7402,2082,2036,2082
7403,2073,2012,2073
7404,2068,2028,2068
7405,2063,2028,2063
7406,2059,2033,2059
7407,2061,2055,2061
7408,2065,2062,2065
7409,2066,2051,2066
7410,2065,2044,2065
7411,2061,2035,2061
7412,2056,2033,2056
7413,2056,2048,2056
7414,2056,2048,2056
7415,2054,2043,2054
7416,2050,2039,2050
7417,2045,2038,2045
7418,2039,2037,2039
7419,2039,2048,2039
7420,2040,2049,2040
7421,2046,2053,2046
7422,2050,2050,2050
7423,2053,2049,2053
7424,2055,2048,2055
7425,2054,2048,2054
7426,2056,2047,2056
7427,2052,2050,2052
7428,2047,2051,2047
7429,2049,2046,2049
7430,2047,2050,2047
7431,2050,2043,2050
7432,2052,2044,2052
7433,2053,2046,2053
7434,2050,2054,2050
7435,2045,2059,2045
7436,2041,2058,2041
7437,2044,2039,2044
7438,2049,2033,2049
7439,2056,2026,2056
7440,2065,2018,2065
7441,2070,2031,2070
7442,2075,2030,2075
7443,2077,2040,2077
7444,2080,2036,2080
7445,2085,2028,2085
7446,2083,2055,2083
7447,2079,2063,2079
7448,2075,2063,2075
7449,2075,2048,2075
7450,2074,2051,2074
7451,2068,2071,2068
7452,2070,2040,2070
7453,2069,2051,2069
7454,2075,2024,2075
7455,2075,2048,2075
7456,2073,2055,2073
7457,2071,2055,2071
7458,2065,2069,2065
7459,2063,2054,2063
7460,2062,2051,2062
7461,2059,2057,2059
7462,2064,2033,2064
7463,2067,2039,2067
7464,2069,2042,2069
7465,2073,2038,2073
7466,2073,2048,2073
7467,2079,2036,2079
7468,2080,2046,2080
7469,2078,2050,2078
7470,2081,2044,2081
7471,2078,2050,2078
7472,2076,2049,2076
7473,2077,2047,2077
7474,2074,2048,2074
7475,2068,2048,2068
7476,2064,2046,2064
7477,2064,2048,2064
7478,2068,2050,2068
7479,2074,2053,2074
7480,2077,2051,2077
7481,2079,2050,2079
7482,2079,2048,2079
7483,2077,2044,2077
7484,2072,2037,2072
7485,2062,2024,2062
7486,2058,2037,2058
7487,2052,2031,2052
7488,2047,2033,2047
7489,2048,2051,2048
7490,2046,2041,2046
7491,2047,2051,2047
7492,2050,2058,2050
7493,2053,2058,2053
7494,2057,2062,2057
7495,2059,2055,2059
7496,2059,2048,2059
7497,2056,2036,2056
7498,2059,2059,2059
7499,2062,2059,2062
7500,2064,2055,2064
7501,2062,2040,2062
7502,2059,2036,2059
7503,2055,2032,2055
7504,2053,2040,2053
7505,2060,2074,2060
7506,2066,2070,2066
7507,2075,2080,2075
7508,2076,2051,2076
7509,2077,2051,2077
7510,2080,2057,2080
7511,2077,2038,2077
7512,2079,2053,2079
7513,2070,2023,2070
7514,2067,2040,2067
7515,2061,2033,2061
7516,2060,2045,2060
7517,2052,2032,2052
7518,2056,2054,2056
7519,2062,2056,2062
7520,2071,2059,2071
7521,2077,2053,2077
7522,2085,2053,2085
7523,2087,2049,2087
7524,2096,2050,2096
7525,2096,2048,2096
7526,2090,2049,2090
7527,2086,2050,2086
7528,2080,2052,2080
7529,2070,2057,2070
7530,2060,2060,2060
7531,2060,2048,2060
7532,2061,2046,2061
7533,2062,2046,2062
7534,2063,2045,2063
7535,2066,2040,2066
7536,2063,2055,2063
7537,2063,2048,2063
7538,2064,2045,2064
7539,2061,2057,2061
7540,2065,2035,2065
7541,2069,2034,2069
7542,2069,2048,2069
7543,2071,2040,2071
7544,2075,2033,2075
7545,2076,2044,2076
7546,2079,2036,2079
7547,2080,2044,2080
7548,2077,2059,2077
7549,2074,2059,2074
7550,2075,2044,2075
7551,2069,2071,2069
7552,2065,2063,2065
7553,2070,2028,2070
7554,2071,2044,2071
7555,2073,2040,2073
7556,2071,2055,2071
7557,2066,2066,2066
7558,2068,2040,2068
7559,2063,2064,2063
7560,2061,2054,2061
7561,2059,2054,2059
7562,2058,2050,2058
7563,2056,2053,2056
7564,2054,2053,2054
7565,2054,2048,2054
7566,2053,2050,2053
7567,2049,2055,2049
7568,2052,2042,2052
7569,2044,2059,2044
7570,2050,2040,2050
7571,2052,2046,2052
7572,2054,2046,2054
7573,2049,2050,2049
7574,2049,2048,2049
7575,2046,2048,2046
7576,2051,2049,2051
7577,2049,2046,2049
7578,2047,2046,2047
7579,2042,2043,2042
7580,2040,2045,2040
7581,2039,2046,2039
7582,2043,2054,2043
7583,2051,2063,2051
7584,2056,2058,2056
7585,2066,2071,2066
7586,2073,2065,2073
7587,2078,2061,2078
7588,2080,2053,2080
7589,2073,2026,2073
7590,2075,2054,2075
7591,2067,2020,2067
7592,2061,2026,2061
7593,2052,2015,2052
7594,2053,2051,2053
7595,2052,2044,2052
7596,2052,2048,2052
7597,2051,2044,2051
7598,2058,2075,2058
7599,2060,2055,2060
7600,2068,2079,2068
7601,2068,2048,2068
7602,2067,2044,2067
7603,2072,2067,2072
7604,2072,2048,2072
7605,2075,2059,2075
7606,2079,2062,2079
7607,2074,2029,2074
7608,2072,2040,2072
7609,2070,2041,2070
7610,2070,2048,2070
7611,2070,2048,2070
7612,2066,2036,2066
7613,2066,2048,2066
7614,2056,2022,2056
7615,2047,2026,2047
7616,2041,2035,2041
7617,2038,2042,2038
7618,2044,2058,2044
7619,2044,2048,2044
7620,2056,2062,2056
7621,2071,2062,2071
7622,2079,2053,2079
7623,2087,2052,2087
7624,2084,2047,2084
7625,2086,2048,2086
7626,2081,2049,2081
7627,2075,2051,2075
7628,2067,2053,2067
7629,2061,2053,2061
7630,2068,2039,2068
7631,2063,2055,2063
7632,2071,2034,2071
7633,2086,2019,2086
7634,2087,2045,2087
7635,2088,2045,2088
7636,2082,2063,2082
7637,2081,2050,2081
7638,2077,2059,2077
7639,2071,2066,2071
7640,2067,2060,2067
7641,2064,2058,2064
7642,2072,2019,2072
7643,2068,2062,2068
7644,2066,2055,2066
7645,2071,2028,2071
7646,2073,2040,2073
7647,2073,2048,2073
7648,2073,2048,2073
7649,2069,2063,2069
7650,2061,2079,2061
7651,2053,2079,2053
7652,2051,2055,2051
7653,2045,2071,2045
7654,2050,2028,2050
7655,2053,2036,2053
7656,2054,2044,2054
7657,2056,2040,2056
7658,2057,2044,2057
7659,2064,2024,2064
7660,2069,2031,2069
7661,2074,2032,2074
7662,2076,2042,2076
7663,2077,2045,2077
7664,2083,2032,2083
7665,2087,2038,2087
7666,2087,2048,2087
7667,2096,2030,2096
7668,2093,2053,2093
7669,2090,2052,2090
7670,2085,2054,2085
7671,2079,2053,2079
7672,2070,2054,2070
7673,2062,2052,2062
7674,2056,2049,2056
7675,2052,2048,2052
7676,2047,2046,2047
7677,2044,2046,2044
7678,2041,2045,2041
7679,2039,2046,2039
7680,2041,2050,2041
7681,2046,2055,2046
7682,2053,2059,2053
7683,2063,2067,2063
7684,2067,2056,2067
7685,2073,2062,2073
7686,2075,2053,2075
7687,2078,2056,2078
7688,2080,2053,2080
7689,2075,2032,2075
7690,2071,2035,2071
7691,2063,2020,2063
7692,2062,2044,2062
7693,2061,2044,2061
7694,2064,2059,2064
7695,2065,2051,2065
7696,2065,2048,2065
7697,2064,2044,2064
7698,2063,2044,2063
7699,2064,2051,2064
7700,2061,2036,2061
7701,2059,2040,2059
7702,2056,2036,2056
7703,2054,2040,2054
7704,2054,2048,2054
7705,2054,2048,2054
7706,2051,2036,2051
7707,2048,2037,2048
7708,2051,2058,2051
7709,2054,2058,2054
7710,2063,2077,2063
7711,2069,2066,2069
7712,2073,2059,2073
7713,2076,2056,2076
7714,2084,2068,2084
7715,2085,2050,2085
7716,2082,2041,2082
7717,2081,2046,2081
7718,2079,2044,2079
7719,2084,2055,2084
7720,2085,2049,2085
7721,2087,2049,2087
7722,2087,2048,2087
7723,2089,2049,2089
7724,2087,2047,2087
7725,2087,2048,2087
7726,2086,2048,2086
7727,2078,2052,2078
7728,2075,2050,2075
7729,2073,2049,2073
7730,2074,2046,2074
7731,2076,2045,2076
7732,2073,2053,2073
7733,2069,2055,2069
7734,2059,2069,2059
7735,2064,2036,2064
7736,2063,2050,2063
7737,2052,2078,2052
7738,2037,2091,2037
7739,2039,2041,2039
7740,2035,2060,2035
7741,2035,2048,2035
7742,2039,2033,2039
7743,2045,2026,2045
7744,2053,2018,2053
7745,2057,2032,2057
7746,2062,2028,2062
7747,2067,2028,2067
7748,2071,2032,2071
7749,2069,2055,2069
7750,2071,2040,2071
7751,2072,2044,2072
7752,2075,2036,2075
7753,2081,2024,2081
7754,2083,2040,2083
7755,2086,2036,2086
7756,2087,2044,2087
7757,2085,2055,2085
7758,2072,2093,2072
7759,2059,2091,2059
7760,2046,2090,2046
7761,2035,2081,2035
7762,2025,2077,2025
7763,2023,2053,2023
7764,2023,2048,2023
7765,2027,2038,2027
7766,2027,2048,2027
7767,2031,2040,2031
7768,2033,2044,2033
7769,2034,2046,2034
7770,2042,2038,2042
7771,2044,2046,2044
7772,2052,2042,2052
7773,2058,2044,2058
7774,2059,2047,2059
7775,2063,2048,2063
7776,2066,2048,2066
7777,2069,2049,2069
7778,2072,2050,2072
7779,2076,2051,2076
7780,2080,2052,2080
7781,2083,2052,2083
7782,2091,2061,2091
7783,2095,2055,2095
7784,2096,2050,2096
7785,2099,2055,2099
7786,2100,2050,2100
7787,2089,2017,2089
7788,2088,2045,2088
7789,2078,2017,2078
7790,2078,2048,2078
7791,2074,2034,2074
7792,2071,2037,2071
7793,2076,2066,2076
7794,2069,2021,2069
7795,2068,2044,2068
7796,2061,2020,2061
7797,2068,2075,2068
7798,2060,2016,2060
7799,2057,2036,2057
7800,2054,2036,2054
7801,2054,2048,2054
7802,2052,2040,2052
7803,2049,2036,2049
7804,2053,2063,2053
7805,2057,2063,2057
7806,2056,2044,2056
7807,2053,2037,2053
7808,2054,2051,2054
7809,2056,2054,2056
7810,2062,2067,2062
7811,2069,2069,2069
7812,2074,2062,2074
7813,2078,2058,2078
7814,2080,2053,2080
7815,2076,2038,2076
7816,2071,2037,2071
7817,2064,2034,2064
7818,2057,2036,2057
7819,2050,2037,2050
7820,2044,2040,2044
7821,2047,2050,2047
7822,2049,2049,2049
7823,2054,2050,2054
7824,2063,2050,2063
7825,2071,2048,2071
7826,2074,2047,2074
7827,2076,2046,2076
7828,2074,2049,2074
7829,2068,2053,2068
7830,2070,2045,2070
7831,2070,2048,2070
7832,2073,2042,2073
7833,2077,2040,2077
7834,2080,2041,2080
7835,2082,2043,2082
7836,2080,2053,2080
7837,2074,2064,2074
7838,2069,2062,2069
7839,2063,2066,2063
7840,2049,2093,2049
7841,2050,2044,2050
7842,2047,2058,2047
7843,2043,2062,2043
7844,2043,2048,2043
7845,2044,2044,2044
7846,2046,2040,2046
7847,2058,2000,2058
7848,2063,2028,2063
7849,2069,2024,2069
7850,2071,2040,2071
7851,2078,2020,2078
7852,2080,2040,2080
7853,2083,2036,2083
7854,2079,2063,2079
7855,2079,2048,2079
7856,2070,2081,2070
7857,2059,2087,2059
7858,2051,2076,2051
7859,2045,2068,2045
7860,2041,2060,2041
7861,2035,2066,2035
7862,2033,2053,2033
7863,2030,2056,2030
7864,2029,2050,2029
7865,2030,2045,2030
7866,2035,2037,2035
7867,2042,2034,2042
7868,2049,2036,2049
7869,2056,2037,2056
7870,2063,2039,2063
7871,2065,2046,2065
7872,2071,2043,2071
7873,2075,2045,2075
7874,2069,2049,2069
7875,2063,2048,2063
7876,2057,2046,2057
7877,2051,2044,2051
7878,2049,2046,2049
7879,2049,2048,2049
7880,2050,2049,2050
7881,2052,2050,2052
7882,2057,2056,2057
7883,2056,2046,2056
7884,2061,2058,2061
7885,2061,2048,2061
7886,2069,2068,2069
7887,2076,2067,2076
7888,2079,2056,2079
7889,2084,2063,2084
7890,2085,2051,2085
7891,2084,2044,2084
7892,2078,2026,2078
7893,2074,2033,2074
7894,2070,2033,2070
7895,2066,2032,2066
7896,2065,2044,2065
7897,2063,2040,2063
7898,2064,2051,2064
7899,2063,2044,2063
7900,2064,2051,2064
7901,2059,2028,2059
7902,2056,2036,2056
7903,2052,2032,2052
7904,2048,2032,2048
7905,2045,2036,2045
7906,2049,2062,2049
7907,2062,2095,2062
7908,2061,2044,2061
7909,2065,2061,2065
7910,2069,2060,2069
7911,2077,2072,2077
7912,2080,2056,2080
7913,2087,2067,2087
7914,2087,2048,2087
7915,2086,2045,2086
7916,2083,2041,2083
7917,2072,2026,2072
7918,2071,2046,2071
7919,2067,2042,2067
7920,2065,2045,2065
7921,2063,2046,2063
7922,2062,2047,2062
7923,2059,2046,2059
7924,2059,2048,2059
7925,2060,2048,2060
7926,2065,2046,2065
7927,2069,2045,2069
7928,2063,2052,2063
7929,2062,2048,2062
7930,2056,2055,2056
7931,2053,2052,2053
7932,2048,2056,2048
7933,2045,2053,2045
7934,2051,2035,2051
7935,2053,2043,2053
7936,2064,2019,2064
7937,2072,2026,2072
7938,2086,2007,2086
7939,2080,2066,2080
7940,2084,2035,2084
7941,2079,2064,2079
7942,2072,2072,2072
7943,2077,2029,2077
7944,2076,2051,2076
7945,2073,2059,2073
7946,2067,2071,2067
7947,2060,2075,2060
7948,2053,2075,2053
7949,2050,2059,2050
7950,2051,2044,2051
7951,2054,2036,2054
7952,2057,2036,2057
7953,2059,2040,2059
7954,2062,2036,2062
7955,2059,2059,2059
7956,2052,2074,2052
7957,2043,2080,2043
7958,2037,2069,2037
7959,2035,2054,2035
7960,2041,2028,2041
7961,2049,2023,2049
7962,2059,2018,2059
7963,2066,2028,2066
7964,2070,2037,2070
7965,2075,2036,2075
7966,2074,2050,2074
7967,2069,2057,2069
7968,2069,2048,2069
7969,2063,2056,2063
7970,2064,2046,2064
7971,2065,2047,2065
7972,2068,2045,2068
7973,2073,2045,2073
7974,2081,2045,2081
7975,2083,2048,2083
7976,2082,2047,2082
7977,2077,2045,2077
7978,2069,2042,2069
7979,2064,2043,2064
7980,2057,2039,2057
7981,2049,2036,2049
7982,2042,2036,2042
7983,2037,2038,2037
7984,2041,2056,2041
7985,2042,2050,2042
7986,2048,2063,2048
7987,2050,2053,2050
7988,2059,2074,2059
7989,2063,2060,2063
7990,2067,2060,2067
7991,2075,2075,2075
7992,2082,2072,2082
7993,2086,2062,2086
7994,2081,2029,2081
7995,2084,2059,2084
7996,2081,2036,2081
7997,2080,2044,2080
7998,2086,2071,2086
7999,2090,2063,2090
8000,2088,2040,2088
8001,2086,2040,2086
8002,2082,2032,2082
8003,2077,2028,2077
8004,2074,2036,2074
8005,2077,2059,2077
8006,2068,2014,2068
8007,2066,2040,2066
8008,2065,2044,2065
8009,2065,2048,2065
8010,2059,2028,2059
8011,2065,2066,2065
8012,2059,2030,2059
8013,2067,2069,2067
8014,2075,2068,2075
8015,2082,2064,2082
8016,2090,2065,2090
8017,2092,2051,2092
8018,2088,2041,2088
8019,2081,2037,2081
8020,2077,2043,2077
8021,2067,2038,2067
8022,2066,2047,2066
8023,2062,2045,2062
8024,2057,2046,2057
8025,2058,2048,2058
8026,2058,2048,2058
8027,2058,2048,2058
8028,2060,2046,2060
8029,2061,2047,2061
8030,2056,2054,2056
8031,2055,2049,2055
8032,2054,2049,2054
8033,2054,2048,2054
8034,2050,2056,2050
8035,2049,2050,2049
8036,2049,2048,2049
8037,2053,2037,2053
8038,2060,2027,2060
8039,2067,2026,2067
8040,2077,2015,2077
8041,2081,2034,2081
8042,2087,2026,2087
8043,2083,2062,2083
8044,2084,2044,2084
8045,2078,2070,2078
8046,2070,2078,2070
8047,2066,2063,2066
8048,2058,2079,2058
8049,2053,2067,2053
8050,2051,2055,2051
8051,2055,2032,2055
8052,2057,2040,2057
8053,2061,2032,2061
8054,2062,2044,2062
8055,2065,2036,2065
8056,2063,2055,2063
8057,2064,2044,2064
8058,2065,2044,2065
8059,2063,2054,2063
8060,2063,2048,2063
8061,2060,2057,2060
8062,2065,2033,2065
8063,2065,2048,2065
8064,2067,2042,2067
8065,2071,2038,2071
8066,2073,2043,2073
8067,2077,2040,2077
8068,2077,2048,2077
8069,2077,2048,2077
8070,2073,2052,2073
8071,2070,2050,2070
8072,2061,2054,2061
8073,2063,2046,2063
8074,2063,2048,2063
8075,2057,2048,2057
8076,2054,2047,2054
8077,2053,2047,2053
8078,2057,2050,2057
8079,2065,2055,2065
8080,2072,2056,2072
8081,2073,2049,2073
8082,2066,2036,2066
8083,2066,2048,2066
8084,2069,2054,2069
8085,2075,2062,2075
8086,2080,2060,2080
8087,2080,2048,2080
8088,2081,2050,2081
8089,2082,2051,2082
8090,2079,2038,2079
8091,2075,2034,2075
8092,2069,2026,2069
8093,2063,2026,2063
8094,2057,2025,2057
8095,2057,2048,2057
8096,2056,2044,2056
8097,2057,2051,2057
8098,2063,2071,2063
8099,2063,2048,2063
8100,2064,2051,2064
8101,2063,2044,2063
8102,2061,2040,2061
8103,2065,2063,2065
8104,2062,2036,2062
8105,2065,2059,2065
8106,2063,2040,2063
8107,2062,2044,2062
8108,2057,2030,2057
8109,2053,2034,2053
8110,2054,2051,2054
8111,2056,2054,2056
8112,2058,2053,2058
8113,2065,2067,2065
8114,2065,2048,2065
8115,2068,2055,2068
8116,2068,2048,2068
8117,2068,2048,2068
8118,2069,2049,2069
8119,2071,2050,2071
8120,2072,2049,2072
8121,2079,2054,2079
8122,2081,2049,2081
8123,2087,2051,2087
8124,2092,2049,2092
8125,2095,2048,2095
8126,2095,2048,2095
8127,2088,2051,2088
8128,2077,2056,2077
8129,2069,2055,2069
8130,2062,2056,2062
8131,2065,2043,2065
8132,2057,2061,2057
8133,2057,2048,2057
8134,2053,2056,2053
8135,2052,2050,2052
8136,2052,2048,2052
8137,2054,2042,2054
8138,2049,2062,2049
8139,2049,2048,2049
8140,2043,2067,2043
8141,2043,2048,2043
8142,2048,2030,2048
8143,2057,2015,2057
8144,2059,2040,2059
8145,2062,2036,2062
8146,2061,2051,2061
8147,2065,2032,2065
8148,2059,2071,2059
8149,2049,2087,2049
8150,2041,2079,2041
8151,2038,2059,2038
8152,2041,2036,2041
8153,2046,2028,2046
8154,2059,1997,2059
8155,2068,2013,2068
8156,2071,2036,2071
8157,2073,2040,2073
8158,2073,2048,2073
8159,2068,2064,2068
8160,2067,2051,2067
8161,2062,2063,2062
8162,2059,2056,2059
8163,2061,2042,2061
8164,2071,2022,2071
8165,2077,2033,2077
8166,2082,2037,2082
8167,2087,2038,2087
8168,2087,2048,2087
8169,2079,2059,2079
8170,2073,2055,2073
8171,2071,2049,2071
8172,2066,2051,2066
8173,2060,2051,2060
8174,2059,2048,2059
8175,2061,2048,2061
8176,2061,2048,2061
8177,2059,2046,2059
8178,2064,2051,2064
8179,2062,2046,2062
8180,2060,2045,2060
8181,2056,2042,2056
8182,2051,2039,2051
8183,2047,2040,2047
8184,2049,2052,2049
8185,2049,2048,2049
8186,2039,2022,2039
8187,2047,2069,2047
8188,2047,2048,2047
8189,2053,2066,2053
8190,2056,2057,2056
8191,2060,2061,2060
8192,2059,2044,2059
8193,2052,2022,2052
8194,2049,2036,2049
8195,2044,2028,2044
8196,2044,2048,2044
8197,2041,2036,2041
8198,2042,2051,2042
8199,2043,2051,2043
8200,2044,2051,2044
8201,2044,2048,2044
8202,2049,2067,2049
8203,2047,2040,2047
8204,2048,2051,2048
8205,2044,2032,2044
8206,2044,2048,2044
8207,2042,2040,2042
8208,2046,2062,2046
8209,2044,2041,2044
8210,2050,2067,2050
8211,2051,2051,2051
8212,2052,2050,2052
8213,2055,2056,2055
8214,2058,2055,2058
8215,2061,2055,2061
8216,2061,2048,2061
8217,2062,2049,2062
8218,2065,2053,2065
8219,2066,2049,2066
8220,2069,2051,2069
8221,2065,2044,2065
8222,2069,2050,2069
8223,2070,2048,2070
8224,2072,2048,2072
8225,2069,2048,2069
8226,2064,2049,2064
8227,2056,2052,2056
8228,2061,2044,2061
8229,2065,2044,2065
8230,2071,2040,2071
8231,2077,2039,2077
8232,2080,2042,2080
8233,2078,2051,2078
8234,2073,2058,2073
8235,2068,2059,2068
8236,2061,2065,2061
8237,2055,2064,2055
8238,2050,2062,2050
8239,2050,2048,2050
8240,2055,2031,2055
8241,2065,2014,2065
8242,2074,2016,2074
8243,2077,2037,2077
8244,2075,2055,2075
8245,2075,2048,2075
8246,2073,2055,2073
8247,2070,2059,2070
8248,2066,2063,2066
8249,2065,2051,2065
8250,2067,2040,2067
8251,2071,2032,2071
8252,2071,2048,2071
8253,2076,2028,2076
8254,2067,2082,2067
8255,2069,2040,2069
8256,2063,2070,2063
8257,2055,2076,2055
8258,2053,2055,2053
8259,2050,2058,2050
8260,2050,2048,2050
8261,2051,2044,2051
8262,2045,2065,2045
8263,2044,2050,2044
8264,2048,2037,2048
8265,2051,2040,2051
8266,2058,2032,2058
8267,2065,2034,2065
8268,2071,2037,2071
8269,2077,2039,2077
8270,2083,2040,2083
8271,2082,2048,2082
8272,2077,2051,2077
8273,2074,2049,2074
8274,2075,2047,2075
8275,2077,2048,2077
8276,2080,2048,2080
8277,2079,2047,2079
8278,2077,2046,2077
8279,2070,2041,2070
8280,2064,2040,2064
8281,2053,2031,2053
8282,2045,2034,2045
8283,2043,2044,2043
8284,2038,2037,2038
8285,2037,2045,2037
8286,2040,2055,2040
8287,2040,2048,2040
8288,2043,2056,2043
8289,2043,2048,2043
8290,2046,2057,2046
8291,2056,2081,2056
8292,2055,2044,2055
8293,2050,2029,2050
8294,2057,2074,2057
8295,2058,2051,2058
8296,2064,2071,2064
8297,2072,2079,2072
8298,2075,2059,2075
8299,2078,2059,2078
8300,2073,2028,2073
8301,2077,2063,2077
8302,2073,2032,2073
8303,2068,2028,2068
8304,2061,2020,2061
8305,2056,2028,2056
8306,2054,2040,2054
8307,2056,2055,2056
8308,2064,2076,2064
8309,2059,2031,2059
8310,2065,2067,2065
8311,2065,2048,2065
8312,2062,2039,2062
8313,2060,2042,2060
8314,2056,2037,2056
8315,2051,2036,2051
8316,2051,2048,2051
8317,2048,2042,2048
8318,2051,2053,2051
8319,2055,2053,2055
8320,2059,2052,2059
8321,2058,2047,2058
8322,2059,2048,2059
8323,2064,2050,2064
8324,2071,2049,2071
8325,2075,2048,2075
8326,2083,2045,2083
8327,2091,2043,2091
8328,2095,2045,2095
8329,2099,2044,2099
8330,2099,2048,2099
8331,2096,2052,2096
8332,2096,2048,2096
8333,2091,2057,2091
8334,2083,2065,2083
8335,2074,2069,2074
8336,2067,2065,2067
8337,2059,2069,2059
8338,2053,2065,2053
8339,2047,2066,2047
8340,2047,2048,2047
8341,2044,2058,2044
8342,2048,2033,2048
8343,2052,2033,2052
8344,2058,2025,2058
8345,2069,2006,2069
8346,2077,2017,2077
8347,2085,2016,2085
8348,2089,2032,2089
8349,2090,2044,2090
8350,2092,2040,2092
8351,2094,2040,2094
8352,2094,2048,2094
8353,2088,2071,2088
8354,2089,2044,2089
8355,2087,2055,2087
8356,2081,2070,2081
8357,2076,2066,2076
8358,2066,2083,2066
8359,2073,2024,2073
8360,2076,2038,2076
8361,2073,2057,2073
8362,2065,2071,2065
8363,2061,2058,2061
8364,2055,2063,2055
8365,2053,2052,2053
8366,2049,2056,2049
8367,2042,2061,2042
8368,2045,2042,2045
8369,2049,2042,2049
8370,2052,2044,2052
8371,2061,2039,2061
8372,2065,2045,2065
8373,2072,2044,2072
8374,2074,2047,2074
8375,2071,2048,2071
8376,2071,2048,2071
8377,2069,2046,2069
8378,2072,2050,2072
8379,2072,2048,2072
8380,2073,2049,2073
8381,2072,2046,2072
8382,2075,2053,2075
8383,2075,2048,2075
8384,2079,2056,2079
8385,2077,2043,2077
8386,2073,2037,2073
8387,2071,2042,2071
8388,2071,2048,2071
8389,2070,2044,2070
8390,2071,2051,2071
8391,2071,2048,2071
8392,2070,2044,2070
8393,2068,2040,2068
8394,2067,2044,2067
8395,2065,2040,2065
8396,2064,2044,2064
8397,2065,2051,2065
8398,2068,2059,2068
8399,2069,2051,2069
8400,2075,2071,2075
8401,2079,2063,2079
8402,2080,2051,2080
8403,2076,2032,2076
8404,2072,2032,2072
8405,2068,2032,2068
8406,2061,2021,2061
8407,2058,2037,2058
8408,2046,2005,2046
8409,2044,2041,2044
8410,2049,2064,2049
8411,2060,2081,2060
8412,2066,2065,2066
8413,2072,2064,2072
8414,2072,2048,2072
8415,2066,2033,2066
8416,2056,2026,2056
8417,2053,2042,2053
8418,2049,2041,2049
8419,2047,2045,2047
8420,2053,2055,2053
8421,2061,2055,2061
8422,2062,2048,2062
8423,2063,2048,2063
8424,2066,2048,2066
8425,2064,2048,2064
8426,2063,2048,2063
8427,2064,2047,2064
8428,2065,2047,2065
8429,2066,2047,2066
8430,2065,2049,2065
8431,2062,2052,2062
8432,2057,2056,2057
8433,2054,2053,2054
8434,2055,2045,2055
8435,2055,2048,2055
8436,2057,2042,2057
8437,2062,2034,2062
8438,2067,2033,2067
8439,2071,2035,2071
8440,2075,2035,2075
8441,2080,2031,2080
8442,2083,2037,2083
8443,2087,2033,2087
8444,2093,2025,2093
8445,2099,2025,2099
8446,2105,2024,2105
8447,2105,2048,2105
8448,2097,2079,2097
8449,2089,2079,2089
8450,2081,2079,2081
8451,2074,2075,2074
8452,2070,2063,2070
8453,2066,2063,2066
8454,2069,2036,2069
8455,2075,2025,2075
8456,2086,2007,2086
8457,2092,2026,2092
8458,2091,2051,2091
8459,2094,2037,2094
8460,2094,2048,2094
8461,2087,2069,2087
8462,2074,2085,2074
8463,2078,2037,2078
8464,2070,2068,2070
8465,2075,2036,2075
8466,2081,2035,2081
8467,2079,2051,2079
8468,2079,2048,2079
8469,2077,2050,2077
8470,2073,2052,2073
8471,2062,2058,2062
8472,2052,2055,2052
8473,2054,2046,2054
8474,2059,2046,2059
8475,2067,2048,2067
8476,2067,2048,2067
8477,2067,2048,2067
8478,2068,2048,2068
8479,2068,2048,2068
8480,2064,2043,2064
8481,2057,2037,2057
8482,2051,2037,2051
8483,2045,2036,2045
8484,2040,2037,2040
8485,2040,2048,2040
8486,2043,2055,2043
8487,2041,2042,2041
8488,2042,2050,2042
8489,2037,2032,2037
8490,2043,2067,2043
8491,2048,2064,2048
8492,2051,2058,2051
8493,2054,2058,2054
8494,2065,2088,2065
8495,2072,2074,2072
8496,2084,2094,2084
8497,2090,2071,2090
8498,2095,2067,2095
8499,2099,2063,2099
8500,2106,2075,2106
8501,2103,2036,2103
8502,2101,2040,2101
8503,2093,2016,2093
8504,2085,2017,2085
8505,2079,2025,2079
8506,2071,2018,2071
8507,2068,2037,2068
8508,2066,2040,2066
8509,2065,2044,2065
8510,2071,2067,2071
8511,2079,2072,2079
8512,2079,2048,2079
8513,2085,2064,2085
8514,2084,2045,2084
8515,2081,2040,2081
8516,2075,2035,2075
8517,2071,2040,2071
8518,2071,2048,2071
8519,2069,2045,2069
8520,2070,2049,2070
8521,2070,2048,2070
8522,2065,2044,2065
8523,2060,2045,2060
8524,2056,2046,2056
8525,2047,2048,2047
8526,2039,2050,2039
8527,2035,2050,2035
8528,2035,2048,2035
8529,2032,2050,2032
8530,2030,2050,2030
8531,2029,2049,2029
8532,2029,2048,2029
8533,2028,2049,2028
8534,2031,2041,2031
8535,2037,2033,2037
8536,2050,2014,2050
8537,2061,2017,2061
8538,2067,2030,2067
8539,2072,2032,2072
8540,2069,2057,2069
8541,2072,2037,2072
8542,2066,2069,2066
8543,2068,2040,2068
8544,2063,2066,2063
8545,2061,2055,2061
8546,2065,2032,2065
8547,2069,2032,2069
8548,2069,2048,2069
8549,2071,2040,2071
8550,2068,2059,2068
8551,2060,2079,2060
8552,2057,2059,2057
8553,2051,2071,2051
8554,2052,2044,2052
8555,2051,2051,2051
8556,2051,2048,2051
8557,2053,2040,2053
8558,2054,2044,2054
8559,2057,2037,2057
8560,2058,2044,2058
8561,2057,2051,2057
8562,2059,2042,2059
8563,2059,2048,2059
8564,2059,2048,2059
8565,2059,2048,2059
8566,2056,2054,2056
8567,2053,2053,2053
8568,2051,2051,2051
8569,2051,2048,2051
8570,2061,2035,2061
8571,2063,2046,2063
8572,2073,2040,2073
8573,2076,2046,2076
8574,2080,2046,2080
8575,2078,2048,2078
8576,2073,2046,2073
8577,2071,2046,2071
8578,2066,2044,2066
8579,2069,2050,2069
8580,2071,2050,2071
8581,2077,2056,2077
8582,2084,2059,2084
8583,2089,2057,2089
8584,2090,2050,2090
8585,2087,2040,2087
8586,2080,2030,2080
8587,2069,2017,2069
8588,2059,2018,2059
8589,2051,2023,2051
8590,2044,2025,2044
8591,2043,2044,2043
8592,2041,2040,2041
8593,2041,2048,2041
8594,2042,2051,2042
8595,2043,2051,2043
8596,2043,2048,2043
8597,2042,2044,2042
8598,2047,2067,2047
8599,2051,2063,2051
8600,2055,2063,2055
8601,2062,2075,2062
8602,2063,2051,2063
8603,2069,2071,2069
8604,2073,2063,2073
8605,2074,2051,2074
8606,2079,2066,2079
8607,2084,2066,2084
8608,2092,2076,2092
8609,2096,2061,2096
8610,2094,2041,2094
8611,2089,2032,2089
8612,2085,2036,2085
8613,2078,2028,2078
8614,2067,2019,2067
8615,2067,2048,2067
8616,2063,2039,2063
8617,2065,2051,2065
8618,2067,2051,2067
8619,2070,2052,2070
8620,2068,2045,2068
8621,2067,2047,2067
8622,2067,2048,2067
8623,2062,2045,2062
8624,2063,2048,2063
8625,2048,2048,2048
8626,2043,2049,2043
8627,2037,2051,2037
8628,2034,2050,2034
8629,2036,2046,2036
8630,2041,2041,2041
8631,2048,2037,2048
8632,2057,2032,2057
8633,2063,2036,2063
8634,2067,2039,2067
8635,2065,2052,2065
8636,2065,2048,2065
8637,2069,2037,2069
8638,2070,2045,2070
8639,2073,2038,2073
8640,2077,2035,2077
8641,2074,2058,2074
8642,2070,2062,2070
8643,2067,2058,2067
8644,2068,2044,2068
8645,2068,2048,2068
8646,2068,2048,2068
8647,2067,2051,2067
8648,2068,2044,2068
8649,2060,2079,2060
8650,2072,2000,2072
8651,2068,2063,2068
8652,2072,2032,2072
8653,2069,2059,2069
8654,2065,2063,2065
8655,2064,2051,2064
8656,2067,2036,2067
8657,2072,2029,2072
8658,2076,2033,2076
8659,2083,2024,2083
8660,2085,2041,2085
8661,2093,2023,2093
8662,2099,2030,2099
8663,2099,2048,2099
8664,2096,2055,2096
8665,2089,2064,2089
8666,2081,2065,2081
8667,2072,2065,2072
8668,2065,2059,2065
8669,2058,2058,2058
8670,2051,2056,2051
8671,2048,2050,2048
8672,2045,2050,2045
8673,2046,2047,2046
8674,2042,2049,2042
8675,2035,2048,2035
8676,2032,2047,2032
8677,2031,2047,2031
8678,2039,2053,2039
8679,2044,2052,2044
8680,2051,2056,2051
8681,2059,2059,2059
8682,2069,2065,2069
8683,2075,2059,2075
8684,2081,2060,2081
8685,2083,2052,2083
8686,2080,2040,2080
8687,2077,2039,2077
8688,2073,2036,2073
8689,2071,2041,2071
8690,2069,2041,2069
8691,2068,2044,2068
8692,2071,2058,2071
8693,2062,2015,2062
8694,2061,2044,2061
8695,2058,2036,2058
8696,2051,2020,2051
8697,2055,2063,2055
8698,2055,2048,2055
8699,2039,1984,2039
8700,2033,2024,2033
8701,2029,2032,2029
8702,2022,2020,2022
8703,2025,2059,2025
8704,2031,2071,2031
8705,2042,2089,2042
8706,2051,2081,2051
8707,2058,2073,2058
8708,2066,2076,2066
8709,2072,2068,2072
8710,2079,2070,2079
8711,2084,2063,2084
8712,2082,2042,2082
8713,2075,2028,2075
8714,2067,2027,2067
8715,2065,2043,2065
8716,2062,2041,2062
8717,2063,2049,2063
8718,2065,2051,2065
8719,2069,2053,2069
8720,2068,2046,2068
8721,2071,2050,2071
8722,2074,2050,2074
8723,2076,2049,2076
8724,2075,2047,2075
8725,2067,2048,2067
8726,2074,2046,2074
8727,2074,2048,2074
8728,2071,2050,2071
8729,2073,2046,2073
8730,2075,2045,2075
8731,2075,2048,2075
8732,2076,2046,2076
8733,2072,2055,2072
8734,2070,2052,2070
8735,2067,2055,2067
8736,2067,2048,2067
8737,2061,2064,2061
8738,2057,2059,2057
8739,2045,2084,2045
8740,2038,2070,2038
8741,2034,2061,2034
8742,2036,2040,2036
8743,2045,2015,2045
8744,2057,2003,2057
8745,2069,2002,2069
8746,2074,2028,2074
8747,2074,2048,2074
8748,2075,2044,2075
8749,2076,2044,2076
8750,2076,2048,2076
8751,2073,2059,2073
8752,2069,2063,2069
8753,2066,2059,2066
8754,2060,2071,2060
8755,2056,2063,2056
8756,2053,2059,2053
8757,2050,2058,2050
8758,2047,2058,2047
8759,2050,2037,2050
8760,2052,2041,2052
8761,2051,2051,2051
8762,2052,2045,2052
8763,2049,2056,2049
8764,2052,2040,2052
8765,2059,2031,2059
8766,2066,2032,2066
8767,2075,2030,2075
8768,2083,2034,2083
8769,2086,2043,2086
8770,2086,2048,2086
8771,2081,2052,2081
8772,2073,2053,2073
8773,2067,2051,2067
8774,2061,2049,2061
8775,2057,2048,2057
8776,2056,2047,2056
8777,2059,2049,2059
8778,2059,2048,2059
8779,2058,2047,2058
8780,2052,2040,2052
8781,2050,2045,2050
8782,2050,2048,2050
8783,2049,2046,2049
8784,2056,2063,2056
8785,2064,2066,2064
8786,2067,2055,2067
8787,2079,2080,2079
8788,2075,2036,2075
8789,2072,2038,2072
8790,2067,2031,2067
8791,2062,2031,2062
8792,2054,2019,2054
8793,2050,2033,2050
8794,2047,2036,2047
8795,2045,2040,2045
8796,2044,2044,2044
8797,2046,2055,2046
8798,2050,2063,2050
8799,2049,2044,2049
8800,2050,2051,2050
8801,2055,2067,2055
8802,2059,2063,2059
8803,2064,2067,2064
8804,2070,2071,2070
8805,2079,2082,2079
8806,2089,2085,2089
8807,2101,2091,2101
8808,2107,2069,2107
8809,2120,2091,2120
8810,2119,2044,2119
8811,2113,2029,2113
8812,2104,2021,2104
8813,2088,2004,2088
8814,2071,2004,2071
8815,2056,2012,2056
8816,2043,2020,2043
8817,2033,2028,2033
8818,2025,2034,2025
8819,2029,2053,2029
8820,2035,2055,2035
8821,2043,2055,2043
8822,2051,2053,2051
8823,2060,2052,2060
8824,2071,2050,2071
8825,2073,2048,2073
8826,2080,2046,2080
8827,2086,2044,2086
8828,2089,2045,2089
8829,2083,2053,2083
8830,2083,2048,2083
8831,2081,2050,2081
8832,2080,2049,2080
8833,2086,2036,2086
8834,2087,2045,2087
8835,2091,2038,2091
8836,2094,2040,2094
8837,2089,2061,2089
8838,2086,2056,2086
8839,2080,2066,2080
8840,2074,2067,2074
8841,2070,2061,2070
8842,2068,2055,2068
8843,2065,2058,2065
8844,2066,2044,2066
8845,2069,2036,2069
8846,2077,2017,2077
8847,2078,2044,2078
8848,2086,2016,2086
8849,2087,2044,2087
8850,2082,2067,2082
8851,2081,2051,2081
8852,2074,2075,2074
8853,2067,2075,2067
8854,2060,2075,2060
8855,2055,2067,2055
8856,2051,2062,2051
8857,2046,2066,2046
8858,2045,2051,2045
8859,2049,2034,2049
8860,2052,2038,2052
8861,2043,2075,2043
8862,2038,2062,2038
8863,2037,2050,2037
8864,2038,2045,2038
8865,2039,2045,2039
8866,2037,2052,2037
8867,2042,2038,2042
8868,2048,2037,2048
8869,2053,2040,2053
8870,2053,2048,2053
8871,2052,2048,2052
8872,2057,2044,2057
8873,2060,2046,2060
8874,2058,2048,2058
8875,2056,2048,2056
8876,2055,2047,2055
8877,2056,2048,2056
8878,2053,2045,2053
8879,2054,2048,2054
8880,2047,2039,2047
8881,2054,2058,2054
8882,2057,2053,2057
8883,2060,2053,2060
8884,2063,2054,2063
8885,2068,2059,2068
8886,2073,2060,2073
8887,2075,2053,2075
8888,2071,2036,2071
8889,2064,2026,2064
8890,2062,2041,2062
8891,2063,2051,2063
8892,2061,2040,2061
8893,2068,2073,2068
8894,2072,2062,2072
8895,2073,2051,2073
8896,2075,2055,2075
8897,2073,2040,2073
8898,2068,2028,2068
8899,2063,2028,2063
8900,2061,2040,2061
8901,2063,2055,2063
8902,2069,2071,2069
8903,2073,2063,2073
8904,2081,2078,2081
8905,2081,2048,2081
8906,2082,2051,2082
8907,2078,2033,2078
8908,2076,2040,2076
8909,2074,2041,2074
8910,2072,2041,2072
8911,2063,2020,2063
8912,2060,2039,2060
8913,2064,2058,2064
8914,2062,2042,2062
8915,2061,2045,2061
8916,2060,2045,2060
8917,2061,2049,2061
8918,2055,2037,2055
8919,2055,2048,2055
8920,2053,2045,2053
8921,2055,2049,2055
8922,2055,2048,2055
8923,2056,2048,2056
8924,2056,2048,2056
8925,2057,2048,2057
8926,2055,2048,2055
8927,2050,2050,2050
8928,2047,2050,2047
8929,2042,2052,2042
8930,2039,2051,2039
8931,2045,2039,2045
8932,2051,2037,2051
8933,2062,2026,2062
8934,2068,2035,2068
8935,2063,2059,2063
8936,2073,2022,2073
8937,2075,2042,2075
8938,2073,2053,2073
8939,2077,2035,2077
8940,2075,2054,2075
8941,2077,2041,2077
8942,2080,2037,2080
8943,2079,2051,2079
8944,2082,2036,2082
8945,2083,2044,2083
8946,2084,2044,2084
8947,2085,2044,2085
8948,2085,2048,2085
8949,2083,2055,2083
8950,2079,2063,2079
8951,2069,2087,2069
8952,2063,2071,2063
8953,2049,2103,2049
8954,2046,2059,2046
8955,2048,2040,2048
8956,2050,2040,2050
8957,2057,2022,2057
8958,2061,2033,2061
8959,2066,2031,2066
8960,2073,2025,2073
8961,2074,2044,2074
8962,2076,2042,2076
8963,2074,2053,2074
8964,2074,2048,2074
8965,2067,2064,2067
8966,2065,2052,2065
8967,2064,2049,2064
8968,2063,2049,2063
8969,2064,2046,2064
8970,2063,2049,2063
8971,2061,2049,2061
8972,2058,2050,2058
8973,2056,2049,2056
8974,2055,2048,2055
8975,2054,2048,2054
8976,2050,2046,2050
8977,2055,2050,2055
8978,2056,2048,2056
8979,2059,2050,2059
8980,2062,2051,2062
8981,2065,2052,2065
8982,2071,2058,2071
8983,2074,2053,2074
8984,2069,2037,2069
8985,2060,2026,2060
8986,2057,2040,2057
8987,2058,2050,2058
8988,2061,2056,2061
8989,2064,2057,2064
8990,2067,2057,2067
8991,2074,2071,2074
8992,2082,2076,2082
8993,2091,2080,2091
8994,2098,2074,2098
8995,2100,2055,2100
8996,2098,2040,2098
8997,2095,2036,2095
8998,2088,2020,2088
8999,2086,2040,2086
9000,2078,2016,2078
9001,2073,2028,2073
9002,2059,1992,2059
9003,2045,1992,2045
9004,2037,2017,2037
9005,2029,2017,2029
9006,2027,2040,2027
9007,2031,2062,2031
9008,2034,2058,2034
9009,2043,2078,2043
9010,2055,2086,2055
9011,2069,2091,2069
9012,2079,2077,2079
9013,2088,2072,2088
9014,2094,2063,2094
9015,2090,2038,2090
9016,2078,2022,2078
9017,2069,2030,2069
9018,2057,2027,2057
9019,2053,2042,2053
9020,2050,2044,2050
9021,2049,2047,2049
9022,2049,2048,2049
9023,2050,2048,2050
9024,2045,2046,2045
9025,2041,2048,2041
9026,2031,2050,2031
9027,2025,2051,2025
9028,2017,2053,2017
9029,2011,2053,2011
9030,2015,2043,2015
9031,2027,2030,2027
9032,2039,2027,2039
9033,2055,2017,2055
9034,2064,2028,2064
9035,2067,2040,2067
9036,2067,2048,2067
9037,2062,2061,2062
9038,2065,2039,2065
9039,2069,2035,2069
9040,2069,2048,2069
9041,2073,2034,2073
9042,2079,2026,2079
9043,2080,2044,2080
9044,2080,2048,2080
9045,2081,2044,2081
9046,2078,2059,2078
9047,2076,2055,2076
9048,2073,2059,2073
9049,2071,2055,2071
9050,2073,2040,2073
9051,2080,2020,2080
9052,2087,2020,2087
9053,2086,2051,2086
9054,2095,2013,2095
9055,2096,2044,2096
9056,2095,2051,2095
9057,2095,2048,2095
9058,2090,2065,2090
9059,2087,2058,2087
9060,2080,2070,2080
9061,2073,2069,2073
9062,2067,2065,2067
9063,2068,2045,2068
9064,2068,2048,2068
9065,2067,2050,2067
9066,2064,2054,2064
9067,2062,2051,2062
9068,2060,2051,2060
9069,2058,2050,2058
9070,2054,2052,2054
9071,2051,2050,2051
9072,2050,2048,2050
9073,2050,2048,2050
9074,2050,2048,2050
9075,2055,2048,2055
9076,2059,2049,2059
9077,2060,2048,2060
9078,2061,2048,2061
9079,2059,2046,2059
9080,2056,2044,2056
9081,2058,2050,2058
9082,2062,2054,2062
9083,2061,2046,2061
9084,2057,2039,2057
9085,2059,2052,2059
9086,2058,2045,2058
9087,2053,2034,2053
9088,2056,2056,2056
9089,2055,2044,2055
9090,2063,2073,2063
9091,2063,2048,2063
9092,2071,2076,2071
9093,2068,2037,2068
9094,2066,2040,2066
9095,2067,2051,2067
9096,2063,2032,2063
9097,2069,2071,2069
9098,2071,2055,2071
9099,2077,2071,2077
9100,2081,2063,2081
9101,2082,2051,2082
9102,2075,2020,2075
9103,2068,2020,2068
9104,2059,2013,2059
9105,2055,2032,2055
9106,2057,2055,2057
9107,2061,2062,2061
9108,2067,2069,2067
9109,2075,2075,2075
9110,2082,2070,2082
9111,2083,2051,2083
9112,2081,2042,2081
9113,2082,2050,2082
9114,2084,2053,2084
9115,2082,2043,2082
9116,2081,2045,2081
9117,2076,2038,2076
9118,2077,2049,2077
9119,2076,2046,2076
9120,2074,2045,2074
9121,2076,2049,2076
9122,2073,2045,2073
9123,2067,2044,2067
9124,2068,2048,2068
9125,2067,2048,2067
9126,2070,2047,2070
9127,2071,2047,2071
9128,2072,2047,2072
9129,2073,2047,2073
9130,2070,2051,2070
9131,2069,2049,2069
9132,2069,2048,2069
9133,2069,2048,2069
9134,2068,2050,2068
9135,2068,2048,2068
9136,2068,2048,2068
9137,2071,2039,2071
9138,2066,2062,2066
9139,2066,2048,2066
9140,2061,2064,2061
9141,2060,2051,2060
9142,2059,2051,2059
9143,2059,2048,2059
9144,2059,2048,2059
9145,2057,2055,2057
9146,2055,2055,2055
9147,2054,2051,2054
9148,2056,2040,2056
9149,2060,2032,2060
9150,2063,2036,2063
9151,2061,2055,2061
9152,2063,2040,2063
9153,2061,2055,2061
9154,2061,2048,2061
9155,2063,2040,2063
9156,2066,2036,2066
9157,2068,2040,2068
9158,2075,2023,2075
9159,2085,2014,2085
9160,2083,2054,2083
9161,2083,2048,2083
9162,2077,2065,2077
9163,2069,2069,2069
9164,2065,2058,2065
9165,2060,2059,2060
9166,2064,2039,2064
9167,2064,2048,2064
9168,2066,2044,2066
9169,2071,2040,2071
9170,2068,2051,2068
9171,2068,2048,2068
9172,2065,2050,2065
9173,2062,2049,2062
9174,2062,2048,2062
9175,2064,2048,2064
9176,2066,2048,2066
9177,2071,2050,2071
9178,2074,2050,2074
9179,2081,2054,2081
9180,2086,2054,2086
9181,2091,2055,2091
9182,2093,2051,2093
9183,2092,2046,2092
9184,2088,2039,2088
9185,2078,2024,2078
9186,2074,2037,2074
9187,2068,2031,2068
9188,2065,2039,2065
9189,2058,2026,2058
9190,2048,2015,2048
9191,2042,2027,2042
9192,2042,2048,2042
9193,2041,2044,2041
9194,2047,2070,2047
9195,2050,2059,2050
9196,2053,2059,2053
9197,2056,2059,2056
9198,2058,2055,2058
9199,2063,2067,2063
9200,2063,2048,2063
9201,2065,2055,2065
9202,2063,2040,2063
9203,2065,2055,2065
9204,2067,2055,2067
9205,2074,2074,2074
9206,2079,2066,2079
9207,2077,2040,2077
9208,2075,2040,2075
9209,2075,2048,2075
9210,2073,2041,2073
9211,2071,2041,2071
9212,2063,2024,2063
9213,2061,2042,2061
9214,2061,2048,2061
9215,2057,2038,2057
9216,2057,2048,2057
9217,2057,2048,2057
9218,2055,2044,2055
9219,2057,2050,2057
9220,2056,2046,2056
9221,2057,2048,2057
9222,2054,2045,2054
9223,2054,2048,2054
9224,2058,2049,2058
9225,2060,2048,2060
9226,2062,2047,2062
9227,2063,2047,2063
9228,2065,2046,2065
9229,2065,2048,2065
9230,2059,2055,2059
9231,2054,2055,2054
9232,2052,2051,2052
9233,2048,2055,2048
9234,2040,2065,2040
9235,2038,2052,2038
9236,2035,2055,2035
9237,2037,2042,2037
9238,2041,2036,2041
9239,2045,2035,2045
9240,2049,2035,2049
9241,2056,2024,2056
9242,2064,2019,2064
9243,2075,2008,2075
9244,2071,2062,2071
9245,2075,2032,2075
9246,2070,2067,2070
9247,2068,2055,2068
9248,2061,2075,2061
9249,2056,2067,2056
9250,2052,2063,2052
9251,2049,2059,2049
9252,2046,2059,2046
9253,2048,2040,2048
9254,2052,2032,2052
9255,2056,2032,2056
9256,2057,2044,2057
9257,2060,2037,2060
9258,2056,2062,2056
9259,2055,2051,2055
9260,2050,2064,2050
9261,2052,2041,2052
9262,2057,2033,2057
9263,2059,2042,2059
9264,2066,2030,2066
9265,2069,2040,2069
9266,2066,2054,2066
9267,2069,2042,2069
9268,2065,2054,2065
9269,2062,2052,2062
9270,2059,2051,2059
9271,2057,2049,2057
9272,2056,2048,2056
9273,2050,2051,2050
9274,2051,2047,2051
9275,2043,2048,2043
9276,2044,2048,2044
9277,2047,2049,2047
9278,2052,2051,2052
9279,2054,2049,2054
9280,2058,2052,2058
9281,2066,2059,2066
9282,2070,2054,2070
9283,2073,2053,2073
9284,2069,2039,2069
9285,2068,2045,2068
9286,2065,2040,2065
9287,2062,2039,2062
9288,2059,2039,2059
9289,2050,2020,2050
9290,2046,2035,2046
9291,2046,2048,2046
9292,2045,2044,2045
9293,2049,2062,2049
9294,2054,2066,2054
9295,2055,2051,2055
9296,2057,2055,2057
9297,2061,2063,2061
9298,2062,2051,2062
9299,2063,2051,2063
9300,2065,2055,2065
9301,2069,2063,2069
9302,2071,2055,2071
9303,2070,2044,2070
9304,2069,2044,2069
9305,2076,2074,2076
9306,2081,2066,2081
9307,2082,2051,2082
9308,2078,2033,2078
9309,2070,2020,2070
9310,2064,2028,2064
9311,2053,2014,2053
9312,2048,2033,2048
9313,2046,2042,2046
9314,2046,2048,2046
9315,2052,2062,2052
9316,2062,2069,2062
9317,2065,2053,2065
9318,2069,2054,2069
9319,2075,2056,2075
9320,2078,2051,2078
9321,2081,2050,2081
9322,2085,2050,2085
9323,2087,2049,2087
9324,2089,2048,2089
9325,2090,2048,2090
9326,2091,2047,2091
9327,2093,2046,2093
9328,2094,2047,2094
9329,2091,2050,2091
9330,2085,2055,2085
9331,2076,2061,2076
9332,2065,2066,2065
9333,2056,2065,2056
9334,2039,2084,2039
9335,2039,2048,2039
9336,2037,2053,2037
9337,2039,2042,2039
9338,2039,2048,2039
9339,2042,2038,2042
9340,2056,2002,2056
9341,2067,2010,2067
9342,2083,1991,2083
9343,2090,2022,2090
9344,2097,2021,2097
9345,2100,2036,2100
9346,2093,2075,2093
9347,2093,2048,2093
9348,2087,2071,2087
9349,2077,2087,2077
9350,2069,2079,2069
9351,2058,2091,2058
9352,2060,2040,2060
9353,2058,2055,2058
9354,2059,2044,2059
9355,2063,2032,2063
9356,2065,2040,2065
9357,2065,2048,2065
9358,2063,2055,2063
9359,2063,2048,2063
9360,2061,2054,2061
9361,2057,2060,2057
9362,2052,2062,2052
9363,2051,2050,2051
9364,2053,2042,2053
9365,2052,2050,2052
9366,2058,2035,2058
9367,2064,2036,2064
9368,2066,2044,2066
9369,2063,2052,2063
9370,2059,2052,2059
9371,2057,2049,2057
9372,2054,2050,2054
9373,2053,2048,2053
9374,2054,2047,2054
9375,2055,2048,2055
9376,2057,2048,2057
9377,2064,2051,2064
9378,2072,2053,2072
9379,2085,2060,2085
9380,2088,2051,2088
9381,2088,2048,2088
9382,2090,2051,2090
9383,2090,2048,2090
9384,2085,2037,2085
9385,2087,2052,2087
9386,2084,2040,2084
9387,2080,2037,2080
9388,2078,2042,2078
9389,2076,2041,2076
9390,2074,2041,2074
9391,2068,2027,2068
9392,2067,2044,2067
9393,2061,2026,2061
9394,2060,2044,2060
9395,2050,2009,2050
9396,2053,2059,2053
9397,2053,2048,2053
9398,2053,2048,2053
9399,2054,2051,2054
9400,2055,2051,2055
9401,2053,2040,2053
9402,2049,2032,2049
9403,2046,2036,2046
9404,2043,2036,2043
9405,2042,2044,2042
9406,2042,2048,2042
9407,2043,2051,2043
9408,2043,2048,2043
9409,2046,2058,2046
9410,2049,2057,2049
9411,2057,2072,2057
9412,2069,2082,2069
9413,2081,2080,2081
9414,2088,2065,2088
9415,2086,2043,2086
9416,2082,2039,2082
9417,2073,2030,2073
9418,2065,2034,2065
9419,2058,2037,2058
9420,2052,2040,2052
9421,2049,2045,2049
9422,2050,2048,2050
9423,2048,2046,2048
9424,2054,2049,2054
9425,2061,2048,2061
9426,2066,2046,2066
9427,2072,2044,2072
9428,2070,2049,2070
9429,2072,2046,2072
9430,2070,2050,2070
9431,2067,2052,2067
9432,2062,2056,2062
9433,2053,2065,2053
9434,2051,2052,2051
9435,2049,2052,2049
9436,2054,2035,2054
9437,2060,2031,2060
9438,2065,2033,2065
9439,2077,2011,2077
9440,2085,2022,2085
9441,2093,2020,2093
9442,2093,2048,2093
9443,2090,2058,2090
9444,2084,2070,2084
9445,2075,2082,2075
9446,2075,2048,2075
9447,2072,2059,2072
9448,2066,2071,2066
9449,2068,2040,2068
9450,2068,2048,2068
9451,2071,2036,2071
9452,2073,2040,2073
9453,2073,2048,2073
9454,2074,2044,2074
9455,2067,2074,2067
9456,2065,2055,2065
9457,2062,2058,2062
9458,2057,2065,2057
9459,2053,2061,2053
9460,2050,2057,2050
9461,2046,2060,2046
9462,2046,2048,2046
9463,2049,2039,2049
9464,2053,2037,2053
9465,2063,2024,2063
9466,2066,2041,2066
9467,2064,2051,2064
9468,2070,2037,2070
9469,2071,2046,2071
9470,2073,2045,2073
9471,2072,2048,2072
9472,2068,2050,2068
9473,2060,2052,2060
9474,2055,2049,2055
9475,2050,2048,2050
9476,2045,2046,2045
9477,2042,2046,2042
9478,2041,2047,2041
9479,2042,2048,2042
9480,2047,2054,2047
9481,2054,2058,2054
9482,2060,2058,2060
9483,2064,2055,2064
9484,2066,2052,2066
9485,2063,2040,2063
9486,2057,2032,2057
9487,2053,2037,2053
9488,2054,2050,2054
9489,2057,2057,2057
9490,2065,2073,2065
9491,2079,2095,2079
9492,2090,2086,2090
9493,2098,2076,2098
9494,2101,2059,2101
9495,2101,2048,2101
9496,2099,2040,2099
9497,2091,2016,2091
9498,2081,2008,2081
9499,2069,2000,2069
9500,2061,2016,2061
9501,2059,2040,2059
9502,2057,2040,2057
9503,2056,2044,2056
9504,2063,2075,2063
9505,2060,2036,2060
9506,2064,2062,2064
9507,2066,2055,2066
9508,2066,2048,2066
9509,2072,2068,2072
9510,2075,2057,2075
9511,2078,2057,2078
9512,2085,2068,2085
9513,2086,2050,2086
9514,2087,2050,2087
9515,2086,2045,2086
9516,2092,2060,2092
9517,2083,2030,2083
9518,2079,2041,2079
9519,2077,2045,2077
9520,2077,2048,2077
9521,2071,2042,2071
9522,2070,2047,2070
9523,2071,2048,2071
9524,2070,2047,2070
9525,2067,2048,2067
9526,2064,2048,2064
9527,2060,2050,2060
9528,2054,2052,2054
9529,2055,2047,2055
9530,2052,2051,2052
9531,2052,2048,2052
9532,2053,2046,2053
9533,2054,2046,2054
9534,2053,2050,2053
9535,2054,2045,2054
9536,2053,2050,2053
9537,2051,2053,2051
9538,2056,2033,2056
9539,2059,2038,2059
9540,2057,2054,2057
9541,2063,2027,2063
9542,2060,2058,2060
9543,2053,2073,2053
9544,2054,2044,2054
9545,2056,2040,2056
9546,2056,2048,2056
9547,2056,2048,2056
9548,2055,2051,2055
9549,2059,2032,2059
9550,2064,2028,2064
9551,2064,2048,2064
9552,2062,2055,2062
9553,2059,2059,2059
9554,2057,2055,2057
9555,2062,2028,2062
9556,2069,2021,2069
9557,2074,2029,2074
9558,2078,2033,2078
9559,2076,2054,2076
9560,2074,2054,2074
9561,2069,2063,2069
9562,2064,2062,2064
9563,2060,2058,2060
9564,2047,2081,2047
9565,2055,2029,2055
9566,2054,2050,2054
9567,2057,2042,2057
9568,2062,2039,2062
9569,2064,2045,2064
9570,2067,2044,2067
9571,2063,2051,2063
9572,2069,2043,2069
9573,2073,2045,2073
9574,2073,2048,2073
9575,2073,2048,2073
9576,2071,2047,2071
9577,2068,2046,2068
9578,2065,2045,2065
9579,2063,2046,2063
9580,2062,2046,2062
9581,2060,2045,2060
9582,2060,2048,2060
9583,2056,2040,2056
9584,2059,2054,2059
9585,2056,2040,2056
9586,2054,2042,2054
9587,2055,2050,2055
9588,2059,2059,2059
9589,2058,2044,2058
9590,2060,2054,2060
9591,2061,2051,2061
9592,2062,2051,2062
9593,2067,2066,2067
9594,2066,2044,2066
9595,2067,2051,2067
9596,2067,2048,2067
9597,2067,2048,2067
9598,2069,2055,2069
9599,2072,2059,2072
9600,2070,2040,2070
9601,2069,2044,2069
9602,2070,2051,2070
9603,2068,2040,2068
9604,2067,2044,2067
9605,2063,2032,2063
9606,2058,2029,2058
9607,2052,2026,2052
9608,2052,2048,2052
9609,2051,2044,2051
9610,2052,2051,2052
9611,2056,2060,2056
9612,2062,2065,2062
9613,2064,2053,2064
9614,2063,2045,2063
9615,2061,2043,2061
9616,2061,2048,2061
9617,2057,2040,2057
9618,2056,2046,2056
9619,2054,2045,2054
9620,2054,2048,2054
9621,2050,2044,2050
9622,2048,2046,2048
9623,2048,2048,2048
9624,2051,2048,2051
9625,2055,2048,2055
9626,2054,2048,2054
9627,2054,2048,2054
9628,2053,2048,2053
9629,2053,2048,2053
9630,2051,2050,2051
9631,2052,2046,2052
9632,2053,2046,2053
9633,2059,2036,2059
9634,2060,2045,2060
9635,2059,2050,2059
9636,2059,2048,2059
9637,2058,2050,2058
9638,2059,2045,2059
9639,2061,2041,2061
9640,2060,2051,2060
9641,2059,2051,2059
9642,2062,2037,2062
9643,2061,2051,2061
9644,2064,2036,2064
9645,2064,2048,2064
9646,2069,2028,2069
9647,2065,2063,2065
9648,2069,2032,2069
9649,2073,2032,2073
9650,2079,2024,2079
9651,2086,2020,2086
9652,2094,2016,2094
9653,2095,2044,2095
9654,2098,2036,2098
9655,2097,2051,2097
9656,2098,2044,2098
9657,2099,2044,2099
9658,2103,2033,2103
9659,2091,2088,2091
9660,2082,2077,2082
9661,2085,2038,2085
9662,2070,2091,2070
9663,2065,2061,2065
9664,2064,2050,2064
9665,2061,2055,2061
9666,2062,2045,2062
9667,2063,2046,2063
9668,2069,2037,2069
9669,2074,2040,2074
9670,2077,2044,2077
9671,2077,2048,2077
9672,2073,2050,2073
9673,2073,2048,2073
9674,2073,2048,2073
9675,2080,2048,2080
9676,2077,2047,2077
9677,2081,2050,2081
9678,2089,2053,2089
9679,2089,2048,2089
9680,2091,2050,2091
9681,2092,2049,2092
9682,2091,2046,2091
9683,2090,2046,2090
9684,2085,2037,2085
9685,2080,2036,2080
9686,2080,2048,2080
9687,2080,2048,2080
9688,2081,2050,2081
9689,2082,2051,2082
9690,2078,2035,2078
9691,2073,2031,2073
9692,2066,2023,2066
9693,2057,2015,2057
9694,2057,2048,2057
9695,2049,2017,2049
9696,2043,2024,2043
9697,2048,2067,2048
9698,2045,2036,2045
9699,2052,2075,2052
9700,2059,2075,2059
9701,2067,2079,2067
9702,2071,2063,2071
9703,2067,2032,2067
9704,2062,2028,2062
9705,2055,2021,2055
9706,2052,2036,2052
9707,2047,2029,2047
9708,2045,2040,2045
9709,2044,2044,2044
9710,2046,2054,2046
9711,2054,2072,2054
9712,2054,2048,2054
9713,2058,2058,2058
9714,2062,2058,2062
9715,2068,2062,2068
9716,2067,2045,2067
9717,2067,2048,2067
9718,2066,2046,2066
9719,2065,2046,2065
9720,2062,2044,2062
9721,2065,2050,2065
9722,2069,2050,2069
9723,2075,2051,2075
9724,2081,2049,2081
9725,2078,2048,2078
9726,2081,2047,2081
9727,2078,2049,2078
9728,2076,2049,2076
9729,2064,2059,2064
9730,2059,2054,2059
9731,2055,2053,2055
9732,2053,2051,2053
9733,2056,2042,2056
9734,2063,2032,2063
9735,2059,2057,2059
9736,2059,2048,2059
9737,2059,2048,2059
9738,2055,2059,2055
9739,2055,2048,2055
9740,2050,2064,2050
9741,2050,2048,2050
9742,2051,2044,2051
9743,2050,2051,2050
9744,2053,2036,2053
9745,2059,2025,2059
9746,2065,2024,2065
9747,2068,2036,2068
9748,2069,2044,2069
9749,2064,2067,2064
9750,2058,2071,2058
9751,2054,2063,2054
9752,2053,2051,2053
9753,2049,2063,2049
9754,2053,2032,2053
9755,2056,2036,2056
9756,2061,2029,2061
9757,2067,2026,2067
9758,2071,2033,2071
9759,2077,2027,2077
9760,2074,2057,2074
9761,2074,2048,2074
9762,2073,2050,2073
9763,2066,2067,2066
9764,2061,2060,2061
9765,2049,2076,2049
9766,2051,2043,2051
9767,2048,2053,2048
9768,2047,2049,2047
9769,2053,2039,2053
9770,2055,2045,2055
9771,2059,2044,2059
9772,2063,2045,2063
9773,2064,2047,2064
9774,2062,2048,2062
9775,2063,2048,2063
9776,2064,2048,2064
9777,2066,2049,2066
9778,2073,2053,2073
9779,2075,2049,2075
9780,2077,2050,2077
9781,2080,2052,2080
9782,2078,2044,2078
9783,2077,2046,2077
9784,2070,2032,2070
9785,2067,2040,2067
9786,2057,2022,2057
9787,2054,2039,2054
9788,2052,2042,2052
9789,2050,2041,2050
9790,2055,2064,2055
9791,2062,2071,2062
9792,2067,2065,2067
9793,2073,2069,2073
9794,2074,2051,2074
9795,2076,2055,2076
9796,2078,2055,2078
9797,2082,2063,2082
9798,2081,2044,2081
9799,2081,2048,2081
9800,2067,1992,2067
9801,2074,2075,2074
9802,2080,2071,2080
9803,2074,2024,2074
9804,2073,2044,2073
9805,2070,2036,2070
9806,2068,2040,2068
9807,2069,2051,2069
9808,2066,2037,2066
9809,2066,2048,2066
9810,2062,2035,2062
9811,2060,2041,2060
9812,2063,2056,2063
9813,2071,2069,2071
9814,2077,2063,2077
9815,2086,2069,2086
9816,2087,2050,2087
9817,2091,2055,2091
9818,2087,2041,2087
9819,2080,2037,2080
9820,2076,2043,2076
9821,2061,2033,2061
9822,2063,2049,2063
9823,2063,2048,2063
9824,2067,2049,2067
9825,2069,2048,2069
9826,2069,2048,2069
9827,2069,2048,2069
9828,2071,2046,2071
9829,2070,2048,2070
9830,2071,2046,2071
9831,2076,2040,2076
9832,2079,2042,2079
9833,2083,2040,2083
9834,2086,2041,2086
9835,2091,2036,2091
9836,2093,2042,2093
9837,2091,2053,2091
9838,2093,2042,2093
9839,2076,2100,2076
9840,2064,2086,2064
9841,2056,2075,2056
9842,2050,2069,2050
9843,2048,2055,2048
9844,2047,2051,2047
9845,2050,2036,2050
9846,2051,2044,2051
9847,2053,2040,2053
9848,2055,2040,2055
9849,2057,2040,2057
9850,2052,2067,2052
9851,2054,2040,2054
9852,2055,2044,2055
9853,2059,2032,2059
9854,2058,2051,2058
9855,2055,2059,2055
9856,2054,2051,2054
9857,2053,2051,2053
9858,2057,2033,2057
9859,2056,2051,2056
9860,2053,2057,2053
9861,2048,2063,2048
9862,2046,2053,2046
9863,2043,2056,2043
9864,2043,2048,2043
9865,2034,2069,2034
9866,2039,2037,2039
9867,2043,2040,2043
9868,2049,2037,2049
9869,2057,2036,2057
9870,2065,2038,2065
9871,2073,2040,2073
9872,2077,2045,2077
9873,2079,2046,2079
9874,2082,2047,2082
9875,2072,2048,2072
9876,2064,2045,2064
9877,2058,2044,2058
9878,2054,2045,2054
9879,2054,2048,2054
9880,2058,2052,2058
9881,2065,2058,2065
9882,2067,2051,2067
9883,2067,2048,2067
9884,2068,2050,2068
9885,2067,2045,2067
9886,2063,2037,2063
9887,2064,2050,2064
9888,2065,2050,2065
9889,2069,2060,2069
9890,2071,2054,2071
9891,2070,2044,2070
9892,2067,2037,2067
9893,2063,2033,2063
9894,2058,2029,2058
9895,2055,2036,2055
9896,2052,2036,2052
9897,2054,2055,2054
9898,2049,2028,2049
9899,2051,2055,2051
9900,2063,2095,2063
9901,2067,2063,2067
9902,2064,2036,2064
9903,2065,2051,2065
9904,2064,2044,2064
9905,2065,2051,2065
9906,2069,2062,2069
9907,2069,2048,2069
9908,2066,2037,2066
9909,2067,2051,2067
9910,2070,2057,2070
9911,2076,2066,2076
9912,2080,2059,2080
9913,2081,2050,2081
9914,2076,2035,2076
9915,2067,2026,2067
9916,2061,2035,2061
9917,2057,2040,2057
9918,2055,2044,2055
9919,2053,2045,2053
9920,2053,2048,2053
9921,2052,2047,2052
9922,2051,2047,2051
9923,2048,2046,2048
9924,2047,2047,2047
9925,2049,2048,2049
9926,2056,2046,2056
9927,2056,2048,2056
9928,2061,2044,2061
9929,2070,2039,2070
9930,2080,2035,2080
9931,2084,2042,2084
9932,2086,2044,2086
9933,2081,2057,2081
9934,2075,2060,2075
9935,2073,2052,2073
9936,2068,2060,2068
9937,2063,2061,2063
9938,2063,2048,2063
9939,2058,2063,2058
9940,2059,2044,2059
9941,2063,2034,2063
9942,2064,2044,2064
9943,2063,2051,2063
9944,2069,2025,2069
9945,2073,2032,2073
9946,2070,2059,2070
9947,2068,2055,2068
9948,2066,2055,2066
9949,2065,2051,2065
9950,2065,2048,2065
9951,2070,2028,2070
9952,2070,2048,2070
9953,2069,2051,2069
9954,2067,2055,2067
9955,2067,2048,2067
9956,2069,2040,2069
9957,2073,2033,2073
9958,2071,2055,2071
9959,2067,2061,2067
9960,2056,2083,2056
9961,2052,2060,2052
9962,2053,2045,2053
9963,2052,2050,2052
9964,2054,2042,2054
9965,2058,2038,2058
9966,2061,2041,2061
9967,2061,2048,2061
9968,2059,2051,2059
9969,2055,2053,2055
9970,2063,2038,2063
9971,2075,2036,2075
9972,2069,2052,2069
9973,2071,2046,2071
9974,2072,2047,2072
9975,2071,2048,2071
9976,2065,2046,2065
9977,2061,2045,2061
9978,2064,2050,2064
9979,2064,2048,2064
9980,2065,2049,2065
9981,2068,2052,2068
9982,2070,2051,2070
9983,2075,2057,2075
9984,2078,2054,2078
9985,2084,2062,2084
9986,2089,2060,2089
9987,2087,2042,2087
9988,2088,2050,2088
9989,2086,2041,2086
9990,2085,2044,2085
9991,2084,2044,2084
9992,2081,2037,2081
9993,2075,2026,2075
9994,2065,2010,2065
9995,2074,2082,2074
9996,2069,2028,2069
9997,2065,2032,2065
9998,2060,2028,2060
9999,2059,2044,2059
10000,2053,2024,2053
10001,2050,2036,2050
10002,2051,2051,2051
10003,2045,2024,2045
10004,2050,2067,2050
10005,2053,2059,2053
10006,2059,2070,2059
10007,2066,2073,2066
10008,2072,2069,2072
10009,2080,2075,2080
10010,2076,2035,2076
10011,2084,2072,2084
10012,2079,2033,2079
10013,2079,2048,2079
10014,2075,2037,2075
10015,2064,2022,2064
10016,2062,2043,2062
10017,2056,2036,2056
10018,2051,2039,2051
10019,2053,2050,2053
10020,2048,2041,2048
10021,2043,2043,2043
10022,2047,2050,2047
10023,2043,2045,2043
10024,2041,2047,2041
10025,2043,2048,2043
10026,2040,2048,2040
10027,2040,2048,2040
10028,2043,2045,2043
10029,2054,2037,2054
10030,2054,2048,2054
10031,2054,2048,2054
10032,2058,2041,2058
10033,2060,2044,2060
10034,2057,2054,2057
10035,2055,2052,2055
10036,2050,2060,2050
10037,2052,2042,2052
10038,2052,2048,2052
10039,2051,2051,2051
10040,2049,2054,2049
10041,2053,2034,2053
10042,2053,2048,2053
10043,2061,2019,2061
10044,2063,2040,2063
10045,2066,2036,2066
10046,2071,2028,2071
10047,2074,2036,2074
10048,2071,2059,2071
10049,2071,2048,2071
10050,2066,2067,2066
10051,2062,2063,2062
10052,2058,2063,2058
10053,2048,2087,2048
10054,2053,2028,2053
10055,2044,2082,2044
10056,2050,2025,2050
10057,2048,2055,2048
10058,2050,2040,2050
10059,2052,2041,2052
10060,2053,2044,2053
10061,2054,2044,2054
10062,2053,2050,2053
10063,2053,2048,2053
10064,2056,2040,2056
10065,2056,2048,2056
10066,2054,2052,2054
10067,2052,2051,2052
10068,2042,2065,2042
10069,2037,2055,2037
10070,2032,2054,2032
10071,2031,2048,2031
10072,2026,2051,2026
10073,2025,2048,2025
10074,2028,2047,2028
10075,2039,2048,2039
10076,2049,2050,2049
10077,2055,2051,2055
10078,2067,2056,2067
10079,2069,2049,2069
10080,2061,2038,2061
10081,2059,2045,2059
10082,2057,2044,2057
10083,2053,2040,2053
10084,2051,2043,2051
10085,2052,2050,2052
10086,2048,2037,2048
10087,2053,2061,2053
10088,2058,2062,2058
10089,2055,2038,2055
10090,2054,2044,2054
10091,2047,2024,2047
10092,2041,2026,2041
10093,2042,2051,2042
10094,2042,2048,2042
10095,2043,2051,2043
10096,2048,2067,2048
10097,2053,2067,2053
10098,2063,2087,2063
10099,2077,2103,2077
10100,2081,2063,2081
10101,2091,2087,2091
10102,2089,2040,2089
10103,2084,2028,2084
10104,2084,2048,2084
10105,2073,2006,2073
10106,2067,2025,2067
10107,2062,2029,2062
10108,2060,2040,2060
10109,2061,2051,2061
10110,2070,2077,2070
10111,2076,2066,2076
10112,2081,2062,2081
10113,2082,2050,2082
10114,2079,2040,2079
10115,2070,2026,2070
10116,2065,2037,2065
10117,2065,2048,2065
10118,2065,2048,2065
10119,2070,2055,2070
10120,2071,2049,2071
10121,2077,2053,2077
10122,2083,2052,2083
10123,2084,2048,2084
10124,2077,2046,2077
10125,2071,2048,2071
10126,2063,2050,2063
10127,2052,2053,2052
10128,2049,2050,2049
10129,2046,2050,2046
10130,2044,2050,2044
10131,2045,2046,2045
10132,2049,2041,2049
10133,2051,2044,2051
10134,2054,2041,2054
10135,2053,2050,2053
10136,2055,2042,2055
10137,2056,2045,2056
10138,2057,2045,2057
10139,2059,2041,2059
10140,2056,2057,2056
10141,2050,2068,2050
10142,2045,2065,2045
10143,2041,2062,2041
10144,2039,2055,2039
10145,2038,2051,2038
10146,2043,2028,2043
10147,2040,2059,2040
10148,2045,2028,2045
10149,2046,2044,2046
10150,2053,2020,2053
10151,2055,2040,2055
10152,2054,2051,2054
10153,2054,2048,2054
10154,2061,2020,2061
10155,2067,2025,2067
10156,2077,2010,2077
10157,2074,2058,2074
10158,2078,2033,2078
10159,2077,2051,2077
10160,2077,2048,2077
10161,2072,2063,2072
10162,2068,2059,2068
10163,2066,2053,2066
10164,2055,2076,2055
10165,2058,2040,2058
10166,2047,2071,2047
10167,2056,2030,2056
10168,2065,2032,2065
10169,2075,2033,2075
10170,2085,2035,2085
10171,2089,2044,2089
10172,2093,2045,2093
10173,2090,2049,2090
10174,2095,2046,2095
10175,2102,2048,2102
10176,2102,2048,2102
10177,2104,2049,2104
10178,2097,2042,2097
10179,2089,2040,2089
10180,2082,2039,2082
10181,2073,2034,2073
10182,2067,2037,2067
10183,2060,2034,2060
10184,2057,2041,2057
10185,2054,2040,2054
10186,2053,2045,2053
10187,2057,2058,2057
10188,2060,2056,2060
10189,2067,2069,2067
10190,2068,2051,2068
10191,2074,2068,2074
10192,2071,2037,2071
10193,2070,2044,2070
10194,2066,2033,2066
10195,2062,2032,2062
10196,2059,2036,2059
10197,2049,2008,2049
10198,2050,2051,2050
10199,2048,2040,2048
10200,2049,2051,2049
10201,2051,2055,2051
10202,2057,2071,2057
10203,2065,2079,2065
10204,2062,2036,2062
10205,2064,2055,2064
10206,2063,2044,2063
10207,2060,2037,2060
10208,2061,2051,2061
10209,2058,2037,2058
10210,2058,2048,2058
10211,2061,2057,2061
10212,2066,2062,2066
10213,2069,2056,2069
10214,2079,2073,2079
10215,2083,2057,2083
10216,2083,2048,2083
10217,2079,2040,2079
10218,2080,2049,2080
10219,2081,2049,2081
10220,2072,2036,2072
10221,2077,2052,2077
10222,2073,2045,2073
10223,2066,2044,2066
10224,2058,2045,2058
10225,2062,2048,2062
10226,2060,2048,2060
10227,2063,2046,2063
10228,2061,2049,2061
10229,2056,2052,2056
10230,2058,2045,2058
10231,2058,2048,2058
10232,2064,2037,2064
10233,2069,2038,2069
10234,2067,2052,2067
10235,2064,2055,2064
10236,2064,2048,2064
10237,2067,2039,2067
10238,2064,2056,2064
10239,2064,2048,2064
10240,2067,2038,2067
10241,2065,2054,2065
10242,2075,2012,2075
10243,2073,2055,2073
10244,2072,2051,2072
10245,2073,2044,2073
10246,2063,2086,2063
10247,2054,2083,2054
10248,2052,2055,2052
10249,2049,2059,2049
10250,2049,2048,2049
10251,2054,2028,2054
10252,2055,2044,2055
10253,2060,2028,2060
10254,2061,2044,2061
10255,2061,2048,2061
10256,2062,2044,2062
10257,2074,2004,2074
10258,2065,2079,2065
10259,2071,2027,2071
10260,2074,2038,2074
10261,2078,2035,2078
10262,2079,2045,2079
10263,2077,2053,2077
10264,2076,2050,2076
10265,2073,2055,2073
10266,2075,2043,2075
10267,2076,2046,2076
10268,2080,2041,2080
10269,2078,2050,2078
10270,2070,2057,2070
10271,2059,2058,2059
10272,2050,2054,2050
10273,2044,2051,2044
10274,2035,2050,2035
10275,2035,2048,2035
10276,2043,2050,2043
10277,2049,2051,2049
10278,2056,2053,2056
10279,2060,2051,2060
10280,2063,2051,2063
10281,2057,2039,2057
10282,2054,2042,2054
10283,2054,2048,2054
10284,2056,2052,2056
10285,2061,2059,2061
10286,2061,2048,2061
10287,2067,2064,2067
10288,2076,2074,2076
10289,2075,2044,2075
10290,2075,2048,2075
10291,2077,2054,2077
10292,2075,2040,2075
10293,2077,2055,2077
10294,2078,2051,2078
10295,2079,2051,2079
10296,2080,2051,2080
10297,2082,2055,2082
10298,2079,2036,2079
10299,2077,2040,2077
10300,2070,2020,2070
10301,2063,2020,2063
10302,2054,2012,2054
10303,2050,2032,2050
10304,2044,2024,2044
10305,2044,2048,2044
10306,2039,2029,2039
10307,2039,2048,2039
10308,2039,2048,2039
10309,2041,2054,2041
10310,2044,2057,2044
10311,2038,2029,2038
10312,2047,2074,2047
10313,2049,2053,2049
10314,2053,2058,2053
10315,2062,2069,2062
10316,2062,2048,2062
10317,2068,2059,2068
10318,2069,2049,2069
10319,2072,2052,2072
10320,2072,2048,2072
10321,2076,2051,2076
10322,2074,2046,2074
10323,2076,2049,2076
10324,2071,2046,2071
10325,2068,2048,2068
10326,2066,2048,2066
10327,2062,2050,2062
10328,2062,2048,2062
10329,2061,2048,2061
10330,2062,2046,2062
10331,2068,2039,2068
10332,2073,2039,2073
10333,2071,2051,2071
10334,2069,2052,2069
10335,2065,2057,2065
10336,2065,2048,2065
10337,2067,2042,2067
10338,2071,2036,2071
10339,2075,2035,2075
10340,2082,2025,2082
10341,2081,2051,2081
10342,2095,1998,2095
10343,2088,2073,2088
10344,2090,2040,2090
10345,2087,2059,2087
10346,2085,2055,2085
10347,2084,2051,2084
10348,2077,2075,2077
10349,2075,2055,2075
10350,2077,2040,2077
10351,2077,2048,2077
10352,2077,2048,2077
10353,2076,2051,2076
10354,2074,2055,2074
10355,2068,2070,2068
10356,2067,2051,2067
10357,2064,2058,2064
10358,2061,2058,2061
10359,2056,2064,2056
10360,2060,2035,2060
10361,2058,2054,2058
10362,2054,2059,2054
10363,2053,2050,2053
10364,2056,2040,2056
10365,2063,2031,2063
10366,2069,2035,2069
10367,2075,2036,2075
10368,2084,2032,2084
10369,2086,2045,2086
10370,2091,2041,2091
10371,2091,2048,2091
10372,2086,2051,2086
10373,2084,2049,2084
10374,2080,2049,2080
10375,2081,2048,2081
10376,2077,2046,2077
10377,2077,2048,2077
10378,2071,2043,2071
10379,2068,2045,2068
10380,2067,2046,2067
10381,2067,2048,2067
10382,2068,2049,2068
10383,2066,2044,2066
10384,2068,2052,2068
10385,2069,2050,2069
10386,2074,2060,2074
10387,2077,2056,2077
10388,2082,2062,2082
10389,2080,2041,2080
10390,2079,2044,2079
10391,2083,2061,2083
10392,2073,2012,2073
10393,2074,2051,2074
10394,2068,2025,2068
10395,2067,2044,2067
10396,2063,2032,2063
10397,2059,2032,2059
10398,2055,2032,2055
10399,2048,2020,2048
10400,2044,2032,2044
10401,2044,2048,2044
10402,2049,2067,2049
10403,2057,2079,2057
10404,2062,2067,2062
10405,2070,2078,2070
10406,2077,2074,2077
10407,2078,2051,2078
10408,2083,2065,2083
10409,2083,2048,2083
10410,2085,2054,2085
10411,2079,2029,2079
10412,2075,2036,2075
10413,2072,2039,2072
10414,2066,2032,2066
10415,2063,2040,2063
10416,2059,2039,2059
10417,2053,2036,2053
10418,2047,2037,2047
10419,2046,2046,2046
10420,2048,2050,2048
10421,2051,2050,2051
10422,2056,2051,2056
10423,2057,2048,2057
10424,2064,2049,2064
10425,2070,2048,2070
10426,2072,2047,2072
10427,2077,2045,2077
10428,2081,2045,2081
10429,2080,2048,2080
10430,2075,2054,2075
10431,2073,2050,2073
10432,2069,2054,2069
10433,2069,2048,2069
10434,2068,2050,2068
10435,2071,2040,2071
10436,2071,2048,2071
10437,2072,2045,2072
10438,2073,2045,2073
10439,2072,2051,2072
10440,2075,2038,2075
10441,2077,2041,2077
10442,2081,2033,2081
10443,2087,2026,2087
10444,2090,2036,2090
10445,2095,2028,2095
10446,2095,2048,2095
10447,2092,2059,2092
10448,2087,2067,2087
10449,2078,2083,2078
10450,2070,2079,2070
10451,2065,2067,2065
10452,2061,2063,2061
10453,2056,2067,2056
10454,2056,2048,2056
10455,2056,2048,2056
10456,2058,2040,2058
10457,2059,2044,2059
10458,2055,2062,2055
10459,2053,2054,2053
10460,2053,2048,2053
10461,2055,2041,2055
10462,2055,2048,2055
10463,2052,2056,2052
10464,2059,2030,2059
10465,2060,2045,2060
10466,2073,2020,2073
10467,2076,2042,2076
10468,2074,2051,2074
10469,2070,2053,2070
10470,2068,2050,2068
10471,2066,2049,2066
10472,2059,2053,2059
10473,2054,2050,2054
10474,2043,2050,2043
10475,2040,2048,2040
10476,2042,2048,2042
10477,2045,2049,2045
10478,2048,2050,2048
10479,2053,2052,2053
10480,2056,2051,2056
10481,2056,2048,2056
10482,2061,2056,2061
10483,2065,2055,2065
10484,2070,2058,2070
10485,2070,2048,2070
10486,2073,2055,2073
10487,2075,2053,2075
10488,2077,2053,2077
10489,2077,2048,2077
10490,2081,2060,2081
10491,2079,2041,2079
10492,2079,2048,2079
10493,2081,2055,2081
10494,2081,2048,2081
10495,2078,2036,2078
10496,2071,2020,2071
10497,2066,2028,2066
10498,2055,2004,2055
10499,2048,2020,2048
10500,2048,2048,2048
10501,2055,2075,2055
10502,2062,2075,2062
10503,2068,2071,2068
10504,2084,2109,2084
10505,2087,2059,2087
10506,2091,2062,2091
10507,2093,2055,2093
10508,2088,2030,2088
10509,2091,2058,2091
10510,2087,2035,2087
10511,2085,2041,2085
10512,2081,2036,2081
10513,2075,2031,2075
10514,2068,2030,2068
10515,2062,2033,2062
10516,2053,2028,2053
10517,2051,2044,2051
10518,2052,2049,2052
10519,2057,2055,2057
10520,2061,2052,2061
10521,2065,2051,2065
10522,2066,2048,2066
10523,2064,2046,2064
10524,2058,2046,2058
10525,2052,2048,2052
10526,2048,2049,2048
10527,2043,2050,2043
10528,2040,2050,2040
10529,2037,2050,2037
10530,2039,2045,2039
10531,2041,2045,2041
10532,2043,2044,2043
10533,2049,2036,2049
10534,2053,2039,2053
10535,2053,2048,2053
10536,2056,2040,2056
10537,2063,2028,2063
10538,2058,2062,2058
10539,2054,2060,2054
10540,2054,2048,2054
10541,2061,2024,2061
10542,2057,2062,2057
10543,2059,2040,2059
10544,2063,2033,2063
10545,2065,2040,2065
10546,2069,2032,2069
10547,2072,2036,2072
10548,2075,2036,2075
10549,2072,2059,2072
10550,2062,2087,2062
10551,2053,2083,2053
10552,2045,2079,2045
10553,2047,2040,2047
10554,2049,2040,2049
10555,2054,2028,2054
10556,2060,2025,2060
10557,2061,2044,2061
10558,2065,2033,2065
10559,2064,2051,2064
10560,2063,2051,2063
10561,2061,2054,2061
10562,2061,2048,2061
10563,2061,2048,2061
10564,2064,2040,2064
10565,2068,2038,2068
10566,2063,2058,2063
10567,2060,2053,2060
10568,2055,2056,2055
10569,2050,2055,2050
10570,2051,2046,2051
10571,2055,2044,2055
10572,2059,2045,2059
10573,2066,2044,2066
10574,2069,2047,2069
10575,2071,2048,2071
10576,2064,2046,2064
10577,2056,2043,2056
10578,2045,2039,2045
10579,2041,2044,2041
10580,2047,2055,2047
10581,2045,2045,2045
10582,2056,2066,2056
10583,2061,2057,2061
10584,2062,2050,2062
10585,2061,2045,2061
10586,2058,2040,2058
10587,2054,2037,2054
10588,2055,2050,2055
10589,2056,2051,2056
10590,2054,2041,2054
10591,2058,2061,2058
10592,2064,2069,2064
10593,2069,2066,2069
10594,2074,2066,2074
10595,2075,2051,2075
10596,2080,2067,2080
10597,2082,2055,2082
10598,2086,2063,2086
10599,2087,2051,2087
10600,2088,2051,2088
10601,2085,2036,2085
10602,2080,2028,2080
10603,2074,2024,2074
10604,2066,2017,2066
10605,2065,2044,2065
10606,2066,2051,2066
10607,2071,2066,2071
10608,2075,2062,2075
10609,2089,2095,2089
10610,2084,2031,2084
10611,2081,2038,2081
10612,2074,2027,2074
10613,2068,2031,2068
10614,2064,2037,2064
10615,2066,2052,2066
10616,2068,2052,2068
10617,2072,2055,2072
10618,2083,2066,2083
10619,2091,2059,2091
10620,2097,2055,2097
10621,2100,2050,2100
10622,2089,2039,2089
10623,2076,2041,2076
10624,2058,2043,2058
10625,2050,2048,2050
10626,2041,2050,2041
10627,2039,2049,2039
10628,2041,2046,2041
10629,2045,2044,2045
10630,2054,2036,2054
10631,2061,2037,2061
10632,2066,2039,2066
10633,2069,2042,2069
10634,2071,2043,2071
10635,2073,2043,2073
10636,2067,2063,2067
10637,2064,2056,2064
10638,2057,2068,2057
10639,2048,2075,2048
10640,2040,2073,2040
10641,2028,2088,2028
10642,2034,2026,2034
10643,2037,2037,2037
10644,2040,2036,2040
10645,2043,2036,2043
10646,2060,1982,2060
10647,2062,2040,2062
10648,2059,2059,2059
10649,2071,2000,2071
10650,2072,2044,2072
10651,2067,2067,2067
10652,2062,2067,2062
10653,2067,2028,2067
10654,2067,2048,2067
10655,2075,2017,2075
10656,2077,2040,2077
10657,2082,2029,2082
10658,2083,2044,2083
10659,2080,2058,2080
10660,2074,2067,2074
10661,2075,2044,2075
10662,2070,2062,2070
10663,2067,2056,2067
10664,2059,2068,2059
10665,2060,2045,2060
10666,2053,2063,2053
10667,2053,2048,2053
10668,2057,2041,2057
10669,2066,2034,2066
10670,2077,2034,2077
10671,2081,2044,2081
10672,2089,2042,2089
10673,2089,2048,2089
10674,2095,2046,2095
10675,2094,2048,2094
10676,2090,2046,2090
10677,2082,2043,2082
10678,2072,2040,2072
10679,2065,2041,2065
10680,2061,2043,2061
10681,2056,2040,2056
10682,2056,2048,2056
10683,2054,2044,2054
10684,2052,2043,2052
10685,2048,2038,2048
10686,2042,2032,2042
10687,2043,2050,2043
10688,2045,2053,2045
10689,2047,2054,2047
10690,2049,2054,2049
10691,2051,2054,2051
10692,2053,2055,2053
10693,2059,2069,2059
10694,2063,2062,2063
10695,2068,2067,2068
10696,2072,2063,2072
10697,2079,2075,2079
10698,2086,2075,2086
10699,2087,2051,2087
10700,2090,2059,2090
10701,2088,2040,2088
10702,2087,2044,2087
10703,2071,1985,2071
10704,2062,2013,2062
10705,2057,2028,2057
10706,2062,2066,2062
10707,2061,2044,2061
10708,2067,2069,2067
10709,2073,2068,2073
10710,2080,2070,2080
10711,2089,2075,2089
10712,2090,2050,2090
10713,2086,2037,2086
10714,2085,2045,2085
10715,2078,2031,2078
10716,2074,2039,2074
10717,2071,2042,2071
10718,2070,2046,2070
10719,2070,2048,2070
10720,2068,2045,2068
10721,2064,2044,2064
10722,2061,2045,2061
10723,2063,2049,2063
10724,2064,2048,2064
10725,2063,2048,2063
10726,2061,2048,2061
10727,2063,2046,2063
10728,2066,2045,2066
10729,2066,2048,2066
10730,2063,2051,2063
10731,2059,2053,2059
10732,2053,2058,2053
10733,2052,2049,2052
10734,2052,2048,2052
10735,2056,2038,2056
10736,2053,2055,2053
10737,2056,2039,2056
10738,2060,2036,2060
10739,2056,2060,2056
10740,2054,2054,2054
10741,2055,2044,2055
10742,2050,2065,2050
10743,2048,2055,2048
10744,2045,2059,2045
10745,2048,2036,2048
10746,2052,2032,2052
10747,2057,2028,2057
10748,2061,2032,2061
10749,2060,2051,2060
10750,2063,2036,2063
10751,2065,2040,2065
10752,2062,2059,2062
10753,2064,2040,2064
10754,2057,2075,2057
10755,2056,2051,2056
10756,2056,2048,2056
10757,2060,2033,2060
10758,2063,2037,2063
10759,2071,2020,2071
10760,2077,2028,2077
10761,2083,2029,2083
10762,2095,2013,2095
10763,2091,2058,2091
10764,2095,2037,2095
10765,2091,2057,2091
10766,2090,2050,2090
10767,2087,2053,2087
10768,2086,2049,2086
10769,2086,2048,2086
10770,2081,2054,2081
10771,2081,2048,2081
10772,2080,2048,2080
10773,2078,2049,2078
10774,2075,2048,2075
10775,2075,2048,2075
10776,2073,2047,2073
10777,2069,2045,2069
10778,2067,2046,2067
10779,2066,2047,2066
10780,2061,2041,2061
10781,2057,2042,2057
10782,2051,2037,2051
10783,2044,2034,2044
10784,2043,2045,2043
10785,2046,2055,2046
10786,2051,2060,2051
10787,2055,2058,2055
10788,2060,2062,2060
10789,2058,2041,2058
10790,2054,2035,2054
10791,2053,2044,2053
10792,2052,2044,2052
10793,2053,2051,2053
10794,2055,2055,2055
10795,2058,2059,2058
10796,2063,2067,2063
10797,2073,2087,2073
10798,2079,2071,2079
10799,2080,2051,2080
10800,2075,2028,2075
10801,2068,2020,2068
10802,2061,2020,2061
10803,2052,2012,2052
10804,2050,2040,2050
10805,2046,2032,2046
10806,2054,2077,2054
10807,2059,2066,2059
10808,2068,2079,2068
10809,2068,2048,2068
10810,2072,2060,2072
10811,2070,2041,2070
10812,2064,2030,2064
10813,2060,2037,2060
10814,2059,2045,2059
10815,2057,2043,2057
10816,2054,2041,2054
10817,2052,2044,2052
10818,2061,2063,2061
10819,2065,2053,2065
10820,2064,2046,2064
10821,2064,2048,2064
10822,2060,2045,2060
10823,2057,2046,2057
10824,2057,2048,2057
10825,2059,2048,2059
10826,2061,2047,2061
10827,2064,2046,2064
10828,2064,2048,2064
10829,2065,2047,2065
10830,2064,2049,2064
10831,2067,2043,2067
10832,2074,2036,2074
10833,2084,2028,2084
10834,2090,2035,2090
10835,2097,2031,2097
10836,2098,2045,2098
10837,2098,2048,2098
10838,2098,2048,2098
10839,2094,2060,2094
10840,2091,2057,2091
10841,2087,2061,2087
10842,2084,2058,2084
10843,2075,2080,2075
10844,2069,2070,2069
10845,2061,2078,2061
10846,2057,2063,2057
10847,2055,2055,2055
10848,2054,2051,2054
10849,2050,2063,2050
10850,2045,2067,2045
10851,2039,2071,2039
10852,2029,2087,2029
10853,2023,2071,2023
10854,2025,2040,2025
10855,2027,2040,2027
10856,2033,2025,2033
10857,2039,2026,2039
10858,2045,2026,2045
10859,2055,2014,2055
10860,2067,2009,2067
10861,2075,2023,2075
10862,2082,2027,2082
10863,2089,2028,2089
10864,2093,2037,2093
10865,2094,2045,2094
10866,2095,2045,2095
10867,2090,2057,2090
10868,2087,2053,2087
10869,2086,2049,2086
10870,2083,2051,2083
10871,2073,2057,2073
10872,2064,2054,2064
10873,2049,2055,2049
10874,2049,2048,2049
10875,2041,2048,2041
10876,2043,2048,2043
10877,2043,2048,2043
10878,2044,2048,2044
10879,2046,2049,2046
10880,2045,2046,2045
10881,2042,2043,2042
10882,2043,2049,2043
10883,2046,2053,2046
10884,2052,2060,2052
10885,2059,2064,2059
10886,2065,2063,2065
10887,2071,2064,2071
10888,2073,2053,2073
10889,2071,2041,2071
10890,2069,2041,2069
10891,2068,2044,2068
10892,2067,2044,2067
10893,2063,2033,2063
10894,2065,2055,2065
10895,2070,2067,2070
10896,2073,2059,2073
10897,2072,2044,2072
10898,2066,2024,2066
10899,2063,2036,2063
10900,2059,2032,2059
10901,2059,2048,2059
10902,2060,2051,2060
10903,2058,2040,2058
10904,2061,2059,2061
10905,2068,2074,2068
10906,2071,2059,2071
10907,2072,2051,2072
10908,2068,2033,2068
10909,2062,2027,2062
10910,2053,2018,2053
10911,2046,2026,2046
10912,2052,2065,2052
10913,2049,2039,2049
10914,2057,2068,2057
10915,2064,2064,2064
10916,2069,2058,2069
10917,2070,2049,2070
10918,2072,2051,2072
10919,2073,2049,2073
10920,2072,2046,2072
10921,2071,2047,2071
10922,2070,2047,2070
10923,2071,2048,2071
10924,2070,2047,2070
10925,2071,2048,2071
10926,2067,2049,2067
10927,2067,2048,2067
10928,2067,2048,2067
10929,2065,2049,2065
10930,2065,2048,2065
10931,2067,2045,2067
10932,2067,2048,2067
10933,2067,2048,2067
10934,2066,2050,2066
10935,2060,2062,2060
10936,2060,2048,2060
10937,2061,2045,2061
10938,2065,2036,2065
10939,2075,2017,2075
10940,2081,2028,2081
10941,2084,2037,2084
10942,2080,2062,2080
10943,2070,2084,2070
10944,2059,2088,2059
10945,2048,2089,2048
10946,2042,2071,2042
10947,2043,2044,2043
10948,2046,2036,2046
10949,2049,2036,2049
10950,2060,2004,2060
10951,2067,2020,2067
10952,2073,2024,2073
10953,2077,2032,2077
10954,2073,2063,2073
10955,2068,2067,2068
10956,2064,2062,2064
10957,2065,2044,2065
10958,2063,2055,2063
10959,2063,2048,2063
10960,2069,2028,2069
10961,2067,2054,2067
10962,2078,2015,2078
10963,2075,2056,2075
10964,2075,2048,2075
10965,2069,2062,2069
10966,2065,2056,2065
10967,2058,2061,2058
10968,2053,2056,2053
10969,2048,2055,2048
10970,2048,2048,2048
10971,2050,2046,2050
10972,2054,2045,2054
10973,2057,2046,2057
10974,2062,2046,2062
10975,2060,2048,2060
10976,2060,2048,2060
10977,2062,2049,2062
10978,2065,2050,2065
10979,2067,2049,2067
10980,2068,2049,2068
10981,2072,2053,2072
10982,2075,2053,2075
10983,2080,2057,2080
10984,2082,2052,2082
10985,2081,2045,2081
10986,2087,2063,2087
10987,2083,2037,2083
10988,2073,2018,2073
10989,2079,2066,2079
10990,2075,2035,2075
10991,2069,2027,2069
10992,2061,2019,2061
10993,2055,2026,2055
10994,2049,2025,2049
10995,2050,2051,2050
10996,2055,2067,2055
10997,2061,2071,2061
10998,2064,2059,2064
10999,2069,2067,2069
11000,2069,2048,2069
11001,2068,2044,2068
11002,2068,2048,2068
11003,2061,2020,2061
11004,2057,2032,2057
11005,2055,2040,2055
11006,2054,2044,2054
11007,2057,2058,2057
11008,2061,2062,2061
11009,2069,2075,2069
11010,2069,2048,2069
11011,2067,2041,2067
11012,2064,2039,2064
11013,2064,2048,2064
11014,2059,2035,2059
11015,2060,2050,2060
11016,2058,2043,2058
11017,2059,2049,2059
11018,2060,2049,2060
11019,2062,2050,2062
11020,2064,2050,2064
11021,2059,2043,2059
11022,2058,2047,2058
11023,2052,2044,2052
11024,2051,2047,2051
11025,2046,2048,2046
11026,2041,2049,2041
11027,2042,2047,2042
11028,2045,2045,2045
11029,2053,2040,2053
11030,2060,2039,2060
11031,2064,2042,2064
11032,2062,2051,2062
11033,2070,2032,2070
11034,2074,2039,2074
11035,2077,2040,2077
11036,2083,2032,2083
11037,2075,2069,2075
11038,2078,2039,2078
11039,2074,2060,2074
11040,2072,2054,2072
11041,2072,2048,2072
11042,2074,2040,2074
11043,2071,2058,2071
11044,2071,2048,2071
11045,2068,2059,2068
11046,2066,2055,2066
11047,2062,2063,2062
11048,2065,2036,2065
11049,2060,2067,2060
11050,2060,2048,2060
11051,2060,2048,2060
11052,2063,2036,2063
11053,2068,2028,2068
11054,2068,2048,2068
11055,2072,2032,2072
11056,2078,2025,2078
11057,2081,2037,2081
11058,2084,2037,2084
11059,2083,2051,2083
11060,2081,2054,2081
11061,2071,2078,2071
11062,2062,2074,2062
11063,2055,2067,2055
11064,2050,2060,2050
11065,2049,2050,2049
11066,2050,2045,2050
11067,2049,2049,2049
11068,2050,2046,2050
11069,2050,2048,2050
11070,2053,2044,2053
11071,2055,2046,2055
11072,2063,2042,2063
11073,2069,2044,2069
11074,2074,2046,2074
11075,2078,2048,2078
11076,2083,2049,2083
11077,2081,2046,2081
11078,2082,2048,2082
11079,2077,2043,2077
11080,2067,2035,2067
11081,2055,2030,2055
11082,2050,2039,2050
11083,2049,2046,2049
11084,2043,2035,2043
11085,2046,2055,2046
11086,2049,2055,2049
11087,2052,2056,2052
11088,2054,2053,2054
11089,2062,2072,2062
11090,2069,2070,2069
11091,2075,2068,2075
11092,2076,2051,2076
11093,2077,2051,2077
11094,2076,2044,2076
11095,2076,2048,2076
11096,2075,2044,2075
11097,2076,2051,2076
11098,2081,2067,2081
11099,2084,2059,2084
11100,2091,2075,2091
11101,2093,2055,2093
11102,2092,2044,2092
11103,2091,2044,2091
11104,2088,2036,2088
11105,2083,2028,2083
11106,2076,2021,2076
11107,2067,2015,2067
11108,2058,2016,2058
11109,2058,2048,2058
11110,2058,2048,2058
11111,2063,2063,2063
11112,2064,2050,2064
11113,2071,2067,2071
11114,2077,2063,2077
11115,2076,2045,2076
11116,2076,2048,2076
11117,2073,2042,2073
11118,2071,2044,2071
11119,2066,2040,2066
11120,2069,2051,2069
11121,2070,2048,2070
11122,2063,2042,2063
11123,2073,2053,2073
11124,2071,2047,2071
11125,2068,2048,2068
11126,2060,2050,2060
11127,2055,2050,2055
11128,2049,2052,2049
11129,2047,2049,2047
11130,2051,2043,2051
11131,2056,2040,2056
11132,2062,2037,2062
11133,2066,2040,2066
11134,2070,2039,2070
11135,2077,2031,2077
11136,2081,2037,2081
11137,2078,2056,2078
11138,2077,2050,2077
11139,2071,2066,2071
11140,2063,2073,2063
11141,2065,2041,2065
11142,2066,2044,2066
11143,2063,2058,2063
11144,2067,2033,2067
11145,2071,2032,2071
11146,2075,2032,2075
11147,2070,2067,2070
11148,2067,2059,2067
11149,2063,2063,2063
11150,2061,2055,2061
11151,2062,2044,2062
11152,2065,2036,2065
11153,2069,2032,2069
11154,2074,2028,2074
11155,2078,2032,2078
11156,2075,2059,2075
11157,2077,2040,2077
11158,2075,2055,2075
11159,2070,2064,2070
11160,2069,2051,2069
11161,2061,2072,2061
11162,2059,2053,2059
11163,2061,2042,2061
11164,2069,2027,2069
11165,2068,2050,2068
11166,2068,2048,2068
11167,2070,2044,2070
11168,2072,2044,2072
11169,2069,2052,2069
11170,2069,2048,2069
11171,2062,2054,2062
11172,2063,2047,2063
11173,2068,2045,2068
11174,2072,2046,2072
11175,2074,2048,2074
11176,2074,2048,2074
11177,2071,2046,2071
11178,2067,2045,2067
11179,2063,2044,2063
11180,2055,2038,2055
11181,2053,2045,2053
11182,2052,2046,2052
11183,2054,2051,2054
11184,2053,2045,2053
11185,2054,2050,2054
11186,2053,2045,2053
11187,2052,2045,2052
11188,2048,2036,2048
11189,2047,2044,2047
11190,2047,2048,2047
11191,2052,2064,2052
11192,2058,2069,2058
11193,2061,2058,2061
11194,2058,2036,2058
11195,2053,2028,2053
11196,2049,2032,2049
11197,2045,2032,2045
11198,2047,2055,2047
11199,2042,2028,2042
11200,2044,2055,2044
11201,2047,2059,2047
11202,2051,2063,2051
11203,2056,2067,2056
11204,2061,2067,2061
11205,2065,2063,2065
11206,2067,2055,2067
11207,2068,2051,2068
11208,2075,2072,2075
11209,2075,2048,2075
11210,2074,2044,2074
11211,2072,2041,2072
11212,2071,2045,2071
11213,2067,2037,2067
11214,2061,2032,2061
11215,2065,2057,2065
11216,2069,2056,2069
11217,2076,2061,2076
11218,2084,2061,2084
11219,2088,2053,2088
11220,2086,2045,2086
11221,2076,2038,2076
11222,2068,2042,2068
11223,2062,2044,2062
11224,2055,2046,2055
11225,2052,2048,2052
11226,2050,2048,2050
11227,2049,2048,2049
11228,2052,2045,2052
11229,2055,2045,2055
11230,2057,2045,2057
11231,2059,2045,2059
11232,2066,2036,2066
11233,2072,2036,2072
11234,2075,2041,2075
11235,2079,2038,2079
11236,2074,2060,2074
11237,2069,2061,2069
11238,2065,2059,2065
11239,2060,2063,2060
11240,2063,2038,2063
11241,2051,2088,2051
11242,2048,2058,2048
11243,2047,2051,2047
11244,2053,2025,2053
11245,2058,2028,2058
11246,2060,2040,2060
11247,2060,2048,2060
11248,2051,2083,2051
11249,2052,2044,2052
11250,2044,2079,2044
11251,2036,2079,2036
11252,2026,2087,2026
11253,2026,2048,2026
11254,2027,2044,2027
11255,2034,2021,2034
11256,2045,2007,2045
11257,2061,1990,2061
11258,2067,2026,2067
11259,2066,2051,2066
11260,2067,2044,2067
11261,2067,2048,2067
11262,2071,2036,2071
11263,2073,2042,2073
11264,2069,2058,2069
11265,2065,2057,2065
11266,2055,2069,2055
11267,2052,2053,2052
11268,2052,2048,2052
11269,2055,2043,2055
11270,2057,2045,2057
11271,2061,2044,2061
11272,2065,2045,2065
11273,2069,2045,2069
11274,2057,2051,2057
11275,2051,2048,2051
11276,2042,2045,2042
11277,2047,2050,2047
11278,2037,2040,2037
11279,2039,2049,2039
11280,2057,2070,2057
11281,2066,2061,2066
11282,2072,2058,2072
11283,2082,2067,2082
11284,2088,2060,2088
11285,2095,2064,2095
11286,2089,2032,2089
11287,2085,2037,2085
11288,2083,2042,2083
11289,2081,2041,2081
11290,2079,2041,2079
11291,2077,2041,2077
11292,2078,2051,2078
11293,2077,2044,2077
11294,2074,2036,2074
11295,2069,2028,2069
11296,2071,2055,2071
11297,2069,2040,2069
11298,2068,2044,2068
11299,2070,2055,2070
11300,2069,2044,2069
11301,2072,2059,2072
11302,2079,2075,2079
11303,2083,2063,2083
11304,2086,2059,2086
11305,2085,2044,2085
11306,2085,2048,2085
11307,2082,2037,2082
11308,2078,2033,2078
11309,2071,2024,2071
11310,2071,2048,2071
11311,2070,2044,2070
11312,2069,2045,2069
11313,2071,2053,2071
11314,2075,2058,2075
11315,2079,2057,2079
11316,2081,2052,2081
11317,2085,2055,2085
11318,2086,2049,2086
11319,2084,2045,2084
11320,2079,2041,2079
11321,2071,2040,2071
11322,2063,2042,2063
11323,2055,2043,2055
11324,2049,2046,2049
11325,2048,2048,2048
11326,2045,2048,2045
11327,2044,2048,2044
11328,2039,2051,2039
11329,2036,2050,2036
11330,2032,2052,2032
11331,2027,2055,2027
11332,2029,2044,2029
11333,2037,2032,2037
11334,2047,2026,2047
11335,2055,2029,2055
11336,2061,2032,2061
11337,2065,2037,2065
11338,2069,2036,2069
11339,2072,2038,2072
11340,2077,2031,2077
11341,2083,2027,2083
11342,2084,2044,2084
11343,2084,2048,2084
11344,2080,2062,2080
11345,2071,2082,2071
11346,2067,2063,2067
11347,2058,2083,2058
11348,2047,2091,2047
11349,2041,2071,2041
11350,2036,2067,2036
11351,2025,2091,2025
11352,2023,2055,2023
11353,2020,2059,2020
11354,2023,2036,2023
11355,2026,2036,2026
11356,2040,1995,2040
11357,2055,1993,2055
11358,2066,2009,2066
11359,2073,2024,2073
11360,2077,2035,2077
11361,2078,2044,2078
11362,2079,2045,2079
11363,2075,2058,2075
11364,2073,2053,2073
11365,2069,2057,2069
11366,2071,2043,2071
11367,2070,2049,2070
11368,2073,2042,2073
11369,2078,2040,2078
11370,2082,2043,2082
11371,2082,2048,2082
11372,2079,2050,2079
11373,2077,2049,2077
11374,2067,2050,2067
11375,2071,2048,2071
11376,2071,2048,2071
11377,2072,2048,2072
11378,2077,2051,2077
11379,2075,2046,2075
11380,2075,2048,2075
11381,2079,2053,2079
11382,2081,2051,2081
11383,2080,2046,2080
11384,2076,2039,2076
11385,2072,2038,2072
11386,2065,2030,2065
11387,2060,2034,2060
11388,2055,2033,2055
11389,2051,2035,2051
11390,2049,2041,2049
11391,2045,2034,2045
11392,2044,2044,2044
11393,2050,2069,2050
11394,2042,2018,2042
11395,2035,2021,2035
11396,2047,2094,2047
11397,2054,2075,2054
11398,2060,2071,2060
11399,2067,2075,2067
11400,2066,2044,2066
11401,2063,2036,2063
11402,2061,2040,2061
11403,2059,2040,2059
11404,2060,2051,2060
11405,2064,2063,2064
11406,2066,2055,2066
11407,2071,2066,2071
11408,2072,2051,2072
11409,2069,2037,2069
11410,2068,2044,2068
11411,2063,2032,2063
11412,2062,2045,2062
11413,2059,2039,2059
11414,2055,2037,2055
11415,2058,2055,2058
11416,2062,2056,2062
11417,2066,2055,2066
11418,2067,2049,2067
11419,2066,2046,2066
11420,2062,2043,2062
11421,2065,2050,2065
11422,2062,2045,2062
11423,2061,2047,2061
11424,2057,2046,2057
11425,2054,2048,2054
11426,2061,2046,2061
11427,2066,2045,2066
11428,2081,2036,2081
11429,2087,2042,2087
11430,2090,2044,2090
11431,2103,2028,2103
11432,2108,2039,2108
11433,2110,2044,2110
11434,2107,2054,2107
11435,2098,2069,2098
11436,2088,2073,2088
11437,2076,2080,2076
11438,2068,2071,2068
11439,2062,2066,2062
11440,2059,2057,2059
11441,2057,2054,2057
11442,2058,2044,2058
11443,2061,2037,2061
11444,2061,2048,2061
11445,2065,2032,2065
11446,2067,2040,2067
11447,2060,2075,2060
11448,2062,2040,2062
11449,2061,2051,2061
11450,2066,2028,2066
11451,2071,2028,2071
11452,2073,2040,2073
11453,2076,2036,2076
11454,2073,2059,2073
11455,2073,2048,2073
11456,2065,2077,2065
11457,2059,2069,2059
11458,2051,2076,2051
11459,2045,2068,2045
11460,2041,2060,2041
11461,2042,2044,2042
11462,2046,2036,2046
11463,2053,2028,2053
11464,2060,2030,2060
11465,2069,2026,2069
11466,2065,2056,2065
11467,2062,2053,2062
11468,2057,2056,2057
11469,2052,2055,2052
11470,2048,2052,2048
11471,2048,2048,2048
11472,2053,2044,2053
11473,2057,2045,2057
11474,2066,2045,2066
11475,2069,2048,2069
11476,2065,2046,2065
11477,2060,2045,2060
11478,2054,2043,2054
11479,2049,2043,2049
11480,2046,2044,2046
11481,2051,2055,2051
11482,2057,2058,2057
11483,2069,2071,2069
11484,2068,2045,2068
11485,2083,2083,2083
11486,2085,2053,2085
11487,2087,2053,2087
11488,2087,2048,2087
11489,2087,2048,2087
11490,2084,2038,2084
11491,2076,2020,2076
11492,2068,2019,2068
11493,2063,2029,2063
11494,2055,2018,2055
11495,2053,2040,2053
11496,2049,2032,2049
11497,2045,2032,2045
11498,2050,2067,2050
11499,2054,2063,2054
11500,2061,2075,2061
11501,2070,2083,2070
11502,2081,2091,2081
11503,2089,2079,2089
11504,2096,2075,2096
11505,2095,2044,2095
11506,2092,2036,2092
11507,2087,2029,2087
11508,2081,2026,2081
11509,2084,2058,2084
11510,2083,2044,2083
11511,2079,2035,2079
11512,2078,2045,2078
11513,2073,2034,2073
11514,2072,2045,2072
11515,2072,2048,2072
11516,2067,2037,2067
11517,2069,2051,2069
11518,2054,2022,2054
11519,2052,2045,2052
11520,2049,2044,2049
11521,2047,2046,2047
11522,2044,2045,2044
11523,2040,2045,2040
11524,2042,2048,2042
11525,2042,2048,2042
11526,2046,2046,2046
11527,2050,2045,2050
11528,2051,2047,2051
11529,2055,2044,2055
11530,2063,2038,2063
11531,2064,2046,2064
11532,2064,2048,2064
11533,2064,2048,2064
11534,2053,2071,2053
11535,2057,2038,2057
11536,2057,2048,2057
11537,2062,2034,2062
11538,2063,2045,2063
11539,2063,2048,2063
11540,2069,2028,2069
11541,2066,2058,2066
11542,2068,2040,2068
11543,2066,2055,2066
11544,2068,2040,2068
11545,2061,2074,2061
11546,2060,2051,2060
11547,2061,2044,2061
11548,2063,2040,2063
11549,2061,2055,2061
11550,2059,2055,2059
11551,2055,2063,2055
11552,2050,2067,2050
11553,2047,2059,2047
11554,2045,2055,2045
11555,2046,2044,2046
11556,2044,2055,2044
11557,2050,2026,2050
11558,2051,2044,2051
11559,2060,2017,2060
11560,2059,2051,2059
11561,2065,2029,2065
11562,2061,2059,2061
11563,2063,2042,2063
11564,2064,2045,2064
11565,2068,2038,2068
11566,2075,2032,2075
11567,2074,2049,2074
11568,2078,2041,2078
11569,2077,2049,2077
11570,2079,2045,2079
11571,2078,2048,2078
11572,2077,2048,2077
11573,2071,2051,2071
11574,2066,2049,2066
11575,2064,2048,2064
11576,2062,2047,2062
11577,2057,2045,2057
11578,2053,2045,2053
11579,2056,2050,2056
11580,2054,2045,2054
11581,2053,2046,2053
11582,2055,2051,2055
11583,2056,2049,2056
11584,2062,2060,2062
11585,2066,2057,2066
11586,2073,2065,2073
11587,2080,2067,2080
11588,2088,2071,2088
11589,2091,2057,2091
11590,2091,2048,2091
11591,2093,2054,2093
11592,2090,2037,2090
11593,2089,2044,2089
11594,2089,2048,2089
11595,2087,2040,2087
11596,2089,2055,2089
11597,2083,2024,2083
11598,2079,2032,2079
11599,2077,2040,2077
11600,2075,2040,2075
11601,2071,2032,2071
11602,2072,2051,2072
11603,2073,2051,2073
11604,2071,2040,2071
11605,2069,2040,2069
11606,2065,2033,2065
11607,2059,2026,2059
11608,2049,2012,2049
11609,2045,2034,2045
11610,2049,2060,2049
11611,2042,2026,2042
11612,2044,2053,2044
11613,2047,2056,2047
11614,2055,2068,2055
11615,2059,2057,2059
11616,2064,2058,2064
11617,2063,2046,2063
11618,2062,2046,2062
11619,2061,2046,2061
11620,2060,2046,2060
11621,2057,2045,2057
11622,2055,2046,2055
11623,2056,2048,2056
11624,2063,2049,2063
11625,2071,2048,2071
11626,2075,2046,2075
11627,2074,2048,2074
11628,2069,2051,2069
11629,2062,2054,2062
11630,2056,2055,2056
11631,2048,2059,2048
11632,2043,2056,2043
11633,2038,2057,2038
11634,2035,2054,2035
11635,2036,2045,2036
11636,2038,2042,2038
11637,2047,2023,2047
11638,2054,2027,2054
11639,2061,2026,2061
11640,2063,2041,2063
11641,2059,2061,2059
11642,2061,2040,2061
11643,2063,2040,2063
11644,2063,2048,2063
11645,2064,2044,2064
11646,2063,2051,2063
11647,2068,2028,2068
11648,2072,2032,2072
11649,2078,2024,2078
11650,2083,2028,2083
11651,2083,2048,2083
11652,2078,2067,2078
11653,2073,2067,2073
11654,2058,2106,2058
11655,2045,2097,2045
11656,2030,2103,2030
11657,2025,2066,2025
11658,2021,2062,2021
11659,2022,2044,2022
11660,2028,2028,2028
11661,2035,2026,2035
11662,2037,2042,2037
11663,2045,2026,2045
11664,2056,2019,2056
11665,2065,2026,2065
11666,2080,2015,2080
11667,2089,2030,2089
11668,2097,2034,2097
11669,2107,2033,2107
11670,2099,2057,2099
11671,2096,2050,2096
11672,2086,2055,2086
11673,2081,2050,2081
11674,2075,2049,2075
11675,2074,2048,2074
11676,2067,2046,2067
11677,2066,2047,2066
11678,2068,2049,2068
11679,2061,2041,2061
11680,2059,2045,2059
11681,2058,2046,2058
11682,2054,2041,2054
11683,2042,2024,2042
11684,2041,2045,2041
11685,2035,2033,2035
11686,2026,2025,2026
11687,2027,2050,2027
11688,2031,2059,2031
11689,2036,2063,2036
11690,2044,2073,2044
11691,2052,2075,2052
11692,2056,2062,2056
11693,2058,2055,2058
11694,2058,2048,2058
11695,2056,2040,2056
11696,2053,2036,2053
11697,2054,2051,2054
11698,2054,2048,2054
11699,2060,2071,2060
11700,2064,2063,2064
11701,2071,2075,2071
11702,2078,2075,2078
11703,2081,2059,2081
11704,2081,2048,2081
11705,2083,2055,2083
11706,2085,2055,2085
11707,2080,2029,2080
11708,2075,2030,2075
11709,2069,2027,2069
11710,2068,2044,2068
11711,2068,2048,2068
11712,2071,2056,2071
11713,2070,2045,2070
11714,2078,2068,2078
11715,2080,2052,2080
11716,2087,2063,2087
11717,2085,2044,2085
11718,2080,2039,2080
11719,2075,2040,2075
11720,2068,2039,2068
11721,2061,2041,2061
11722,2057,2045,2057
11723,2055,2046,2055
11724,2059,2049,2059
11725,2053,2048,2053
11726,2051,2048,2051
11727,2048,2049,2048
11728,2050,2046,2050
11729,2054,2044,2054
11730,2063,2036,2063
11731,2067,2042,2067
11732,2068,2046,2068
11733,2069,2046,2069
11734,2073,2039,2073
11735,2065,2066,2065
11736,2072,2030,2072
11737,2070,2053,2070
11738,2067,2056,2067
11739,2071,2035,2071
11740,2068,2057,2068
11741,2068,2048,2068
11742,2069,2044,2069
11743,2056,2095,2056
11744,2052,2062,2052
11745,2050,2055,2050
11746,2051,2044,2051
11747,2054,2036,2054
11748,2057,2036,2057
11749,2057,2048,2057
11750,2062,2028,2062
11751,2065,2036,2065
11752,2069,2032,2069
11753,2075,2024,2075
11754,2077,2040,2077
11755,2083,2025,2083
11756,2082,2051,2082
11757,2079,2058,2079
11758,2076,2058,2076
11759,2078,2041,2078
11760,2075,2057,2075
11761,2074,2051,2074
11762,2077,2039,2077
11763,2079,2042,2079
11764,2078,2050,2078
11765,2077,2050,2077
11766,2078,2045,2078
11767,2077,2049,2077
11768,2077,2048,2077
11769,2078,2046,2078
11770,2077,2049,2077
11771,2076,2048,2076
11772,2072,2050,2072
11773,2070,2049,2070
11774,2070,2048,2070
11775,2069,2048,2069
11776,2068,2047,2068
11777,2065,2046,2065
11778,2066,2048,2066
11779,2063,2045,2063
11780,2058,2041,2058
11781,2063,2055,2063
11782,2064,2049,2064
11783,2068,2055,2068
11784,2074,2060,2074
11785,2075,2050,2075
11786,2079,2058,2079
11787,2082,2056,2082
11788,2084,2053,2084
11789,2084,2048,2084
11790,2077,2025,2077
11791,2073,2034,2073
11792,2072,2044,2072
11793,2074,2055,2074
11794,2078,2062,2078
11795,2076,2040,2076
11796,2074,2040,2074
11797,2069,2028,2069
11798,2066,2036,2066
11799,2063,2036,2063
11800,2055,2016,2055
11801,2048,2020,2048
11802,2043,2028,2043
11803,2040,2036,2040
11804,2043,2059,2043
11805,2045,2055,2045
11806,2045,2048,2045
11807,2050,2066,2050
11808,2058,2076,2058
11809,2062,2061,2062
11810,2066,2060,2066
11811,2065,2044,2065
11812,2057,2024,2057
11813,2053,2037,2053
11814,2049,2037,2049
11815,2053,2057,2053
11816,2057,2056,2057
11817,2059,2051,2059
11818,2060,2049,2060
11819,2059,2046,2059
11820,2061,2050,2061
11821,2056,2043,2056
11822,2056,2048,2056
11823,2064,2052,2064
11824,2062,2047,2062
11825,2071,2048,2071
11826,2076,2046,2076
11827,2082,2044,2082
11828,2087,2044,2087
11829,2095,2040,2095
11830,2098,2044,2098
11831,2093,2055,2093
11832,2096,2042,2096
11833,2090,2059,2090
11834,2085,2058,2085
11835,2073,2076,2073
11836,2073,2048,2073
11837,2081,2026,2081
11838,2070,2080,2070
11839,2068,2054,2068
11840,2066,2054,2066
11841,2062,2061,2062
11842,2062,2048,2062
11843,2061,2051,2061
11844,2061,2048,2061
11845,2059,2055,2059
11846,2050,2082,2050
11847,2050,2048,2050
11848,2046,2063,2046
11849,2045,2051,2045
11850,2047,2040,2047
11851,2051,2032,2051
11852,2054,2036,2054
11853,2062,2016,2062
11854,2072,2009,2072
11855,2082,2009,2082
11856,2086,2033,2086
11857,2083,2058,2083
11858,2078,2065,2078
11859,2072,2068,2072
11860,2065,2070,2065
11861,2066,2044,2066
11862,2061,2062,2061
11863,2056,2061,2056
11864,2053,2055,2053
11865,2049,2057,2049
11866,2045,2056,2045
11867,2041,2055,2041
11868,2033,2061,2033
11869,2039,2039,2039
11870,2043,2043,2043
11871,2050,2041,2050
11872,2060,2040,2060
11873,2068,2043,2068
11874,2077,2045,2077
11875,2085,2048,2085
11876,2087,2048,2087
11877,2087,2048,2087
11878,2088,2048,2088
11879,2087,2047,2087
11880,2088,2049,2088
11881,2085,2043,2085
11882,2075,2030,2075
11883,2074,2046,2074
11884,2074,2048,2074
11885,2064,2024,2064
11886,2061,2040,2061
11887,2059,2042,2059
11888,2055,2036,2055
11889,2053,2041,2053
11890,2054,2051,2054
11891,2058,2061,2058
11892,2064,2069,2064
11893,2067,2058,2067
11894,2069,2055,2069
11895,2072,2059,2072
11896,2076,2063,2076
11897,2080,2063,2080
11898,2077,2036,2077
11899,2068,2012,2068
11900,2066,2040,2066
11901,2057,2012,2057
11902,2055,2040,2055
11903,2050,2028,2050
11904,2046,2032,2046
11905,2053,2074,2053
11906,2053,2048,2053
11907,2055,2055,2055
11908,2065,2083,2065
11909,2061,2034,2061
11910,2069,2073,2069
11911,2072,2057,2072
11912,2074,2053,2074
11913,2075,2050,2075
11914,2074,2045,2074
11915,2077,2055,2077
11916,2073,2039,2073
11917,2069,2040,2069
11918,2064,2039,2064
11919,2059,2040,2059
11920,2057,2045,2057
11921,2056,2047,2056
11922,2056,2048,2056
11923,2057,2048,2057
11924,2063,2049,2063
11925,2067,2048,2067
11926,2072,2046,2072
11927,2073,2047,2073
11928,2070,2050,2070
11929,2066,2051,2066
11930,2061,2054,2061
11931,2058,2052,2058
11932,2058,2048,2058
11933,2060,2044,2060
11934,2064,2039,2064
11935,2067,2040,2067
11936,2075,2027,2075
11937,2077,2042,2077
11938,2070,2068,2070
11939,2068,2054,2068
11940,2060,2073,2060
11941,2052,2075,2052
11942,2041,2086,2041
11943,2037,2062,2037
11944,2031,2070,2031
11945,2029,2055,2029
11946,2029,2048,2029
11947,2036,2020,2036
11948,2046,2008,2046
11949,2059,1996,2059
11950,2066,2020,2066
11951,2071,2028,2071
11952,2075,2032,2075
11953,2073,2055,2073
11954,2074,2044,2074
11955,2075,2044,2075
11956,2075,2048,2075
11957,2078,2037,2078
11958,2082,2033,2082
11959,2083,2044,2083
11960,2088,2031,2088
11961,2084,2060,2084
11962,2083,2050,2083
11963,2076,2067,2076
11964,2072,2058,2072
11965,2067,2059,2067
11966,2060,2063,2060
11967,2052,2063,2052
11968,2048,2054,2048
11969,2051,2043,2051
11970,2055,2043,2055
11971,2068,2035,2068
11972,2069,2047,2069
11973,2078,2043,2078
11974,2088,2045,2088
11975,2095,2048,2095
11976,2095,2048,2095
11977,2098,2049,2098
11978,2095,2045,2095
11979,2096,2048,2096
11980,2091,2041,2091
11981,2083,2036,2083
11982,2081,2044,2081
11983,2082,2049,2082
11984,2083,2050,2083
11985,2083,2048,2083
11986,2085,2053,2085
11987,2080,2034,2080
11988,2072,2024,2072
11989,2068,2035,2068
11990,2062,2028,2062
11991,2057,2031,2057
11992,2048,2016,2048
11993,2049,2051,2049
11994,2048,2044,2048
11995,2051,2059,2051
11996,2061,2086,2061
11997,2064,2059,2064
11998,2071,2075,2071
11999,2079,2079,2079
12000,2080,2051,2080
12001,2081,2051,2081
12002,2080,2044,2080
12003,2074,2024,2074
12004,2070,2032,2070
12005,2068,2040,2068
12006,2061,2021,2061
12007,2073,2091,2073
12008,2083,2083,2083
12009,2078,2031,2078
12010,2086,2073,2086
12011,2075,2014,2075
12012,2074,2045,2074
12013,2062,2015,2062
12014,2058,2037,2058
12015,2056,2043,2056
12016,2053,2041,2053
12017,2052,2046,2052
12018,2049,2042,2049
12019,2047,2045,2047
12020,2045,2045,2045
12021,2047,2049,2047
12022,2047,2048,2047
12023,2045,2046,2045
12024,2045,2048,2045
12025,2042,2048,2042
12026,2034,2050,2034
12027,2036,2046,2036
12028,2037,2047,2037
12029,2037,2048,2037
12030,2037,2048,2037
12031,2039,2045,2039
12032,2040,2046,2040
12033,2052,2024,2052
12034,2062,2026,2062
12035,2069,2031,2069
12036,2071,2042,2071
12037,2069,2053,2069
12038,2067,2053,2067
12039,2063,2060,2063
12040,2058,2064,2058
12041,2059,2044,2059
12042,2059,2048,2059
12043,2068,2015,2068
12044,2073,2029,2073
12045,2081,2017,2081
12046,2091,2009,2091
12047,2093,2040,2093
12048,2093,2048,2093
12049,2091,2055,2091
12050,2083,2079,2083
12051,2077,2071,2077
12052,2069,2079,2069
12053,2066,2059,2066
12054,2062,2063,2062
12055,2065,2036,2065
12056,2067,2040,2067
12057,2064,2058,2064
12058,2060,2062,2060
12059,2052,2075,2052
12060,2047,2064,2047
12061,2043,2060,2043
12062,2039,2059,2039
12063,2038,2050,2038
12064,2043,2035,2043
12065,2051,2029,2051
12066,2054,2041,2054
12067,2061,2034,2061
12068,2061,2048,2061
12069,2061,2048,2061
12070,2062,2046,2062
12071,2054,2055,2054
12072,2062,2042,2062
12073,2064,2046,2064
12074,2066,2047,2066
12075,2069,2048,2069
12076,2068,2047,2068
12077,2071,2049,2071
12078,2073,2049,2073
12079,2076,2050,2076
12080,2075,2046,2075
12081,2069,2039,2069
12082,2067,2044,2067
12083,2064,2042,2064
12084,2062,2043,2062
12085,2072,2071,2072
12086,2069,2040,2069
12087,2071,2053,2071
12088,2076,2062,2076
12089,2075,2044,2075
12090,2076,2051,2076
12091,2077,2051,2077
12092,2075,2040,2075
12093,2077,2055,2077
12094,2077,2048,2077
12095,2077,2048,2077
12096,2079,2055,2079
12097,2077,2040,2077
12098,2072,2028,2072
12099,2071,2044,2071
12100,2067,2032,2067
12101,2072,2067,2072
12102,2071,2044,2071
12103,2070,2044,2070
12104,2071,2051,2071
12105,2069,2040,2069
12106,2067,2040,2067
12107,2065,2040,2065
12108,2061,2033,2061
12109,2056,2031,2056
12110,2050,2028,2050
12111,2044,2029,2044
12112,2045,2050,2045
12113,2046,2050,2046
12114,2050,2058,2050
12115,2053,2055,2053
12116,2061,2065,2061
12117,2062,2049,2062
12118,2065,2053,2065
12119,2067,2050,2067
12120,2070,2051,2070
12121,2066,2044,2066
12122,2065,2047,2065
12123,2067,2049,2067
12124,2072,2049,2072
12125,2080,2048,2080
12126,2085,2046,2085
12127,2087,2046,2087
12128,2086,2048,2086
12129,2082,2051,2082
12130,2077,2054,2077
12131,2069,2059,2069
12132,2060,2063,2060
12133,2052,2063,2052
12134,2043,2067,2043
12135,2045,2043,2045
12136,2049,2037,2049
12137,2054,2034,2054
12138,2058,2036,2058
12139,2065,2026,2065
12140,2065,2048,2065
12141,2064,2051,2064
12142,2064,2048,2064
12143,2060,2062,2060
12144,2056,2062,2056
12145,2053,2059,2053
12146,2053,2048,2053
12147,2060,2020,2060
12148,2065,2028,2065
12149,2066,2044,2066
12150,2073,2020,2073
12151,2065,2079,2065
12152,2055,2087,2055
12153,2062,2020,2062
12154,2057,2067,2057
12155,2061,2032,2061
12156,2063,2040,2063
12157,2061,2055,2061
12158,2065,2033,2065
12159,2076,2010,2076
12160,2083,2025,2083
12161,2090,2026,2090
12162,2089,2050,2089
12163,2083,2064,2083
12164,2078,2060,2078
12165,2074,2057,2074
12166,2067,2063,2067
12167,2064,2053,2064
12168,2064,2048,2064
12169,2065,2046,2065
12170,2066,2046,2066
12171,2067,2047,2067
12172,2068,2047,2068
12173,2065,2049,2065
12174,2064,2048,2064
12175,2059,2048,2059
12176,2056,2047,2056
12177,2052,2045,2052
12178,2051,2047,2051
12179,2052,2048,2052
12180,2053,2049,2053
12181,2055,2050,2055
12182,2058,2053,2058
12183,2058,2048,2058
12184,2055,2041,2055
12185,2053,2043,2053
12186,2052,2045,2052
12187,2049,2039,2049
12188,2043,2030,2043
12189,2036,2026,2036
12190,2033,2038,2033
12191,2030,2037,2030
12192,2030,2048,2030
12193,2036,2069,2036
12194,2041,2066,2041
12195,2050,2082,2050
12196,2050,2048,2050
12197,2055,2067,2055
12198,2062,2075,2062
12199,2063,2051,2063
12200,2070,2075,2070
12201,2078,2079,2078
12202,2086,2079,2086
12203,2092,2071,2092
12204,2092,2048,2092
12205,2094,2055,2094
12206,2089,2029,2089
12207,2081,2019,2081
12208,2073,2019,2073
12209,2064,2017,2064
12210,2056,2022,2056
12211,2055,2044,2055
12212,2053,2042,2053
12213,2052,2045,2052
12214,2059,2065,2059
12215,2065,2062,2065
12216,2068,2054,2068
12217,2069,2049,2069
12218,2068,2046,2068
12219,2066,2045,2066
12220,2065,2046,2065
12221,2066,2048,2066
12222,2067,2048,2067
12223,2067,2048,2067
12224,2067,2048,2067
12225,2064,2048,2064
12226,2061,2048,2061
12227,2063,2046,2063
12228,2062,2048,2062
12229,2061,2048,2061
12230,2063,2045,2063
12231,2060,2052,2060
12232,2057,2053,2057
12233,2056,2049,2056
12234,2051,2058,2051
12235,2052,2045,2052
12236,2051,2050,2051
12237,2051,2048,2051
12238,2045,2065,2045
12239,2058,2007,2058
12240,2066,2022,2066
12241,2077,2010,2077
12242,2088,2009,2088
12243,2094,2026,2094
12244,2102,2018,2102
12245,2107,2028,2107
12246,2100,2075,2100
12247,2094,2071,2094
12248,2089,2067,2089
12249,2081,2079,2081
12250,2075,2071,2075
12251,2070,2067,2070
12252,2071,2044,2071
12253,2071,2048,2071
12254,2074,2036,2074
12255,2067,2074,2067
12256,2076,2014,2076
12257,2077,2044,2077
12258,2073,2062,2073
12259,2069,2061,2069
12260,2068,2051,2068
12261,2063,2063,2063
12262,2060,2056,2060
12263,2053,2067,2053
12264,2056,2040,2056
12265,2059,2040,2059
12266,2061,2043,2061
12267,2064,2042,2064
12268,2066,2044,2066
12269,2062,2053,2062
12270,2054,2057,2054
12271,2045,2056,2045
12272,2039,2052,2039
12273,2039,2048,2039
12274,2035,2049,2035
12275,2043,2048,2043
12276,2047,2049,2047
12277,2055,2052,2055
12278,2057,2049,2057
12279,2057,2048,2057
12280,2062,2054,2062
12281,2066,2053,2066
12282,2065,2046,2065
12283,2064,2046,2064
12284,2061,2041,2061
12285,2059,2043,2059
12286,2051,2027,2051
12287,2046,2034,2046
12288,2047,2050,2047
12289,2049,2054,2049
12290,2054,2064,2054
12291,2060,2068,2060
12292,2064,2062,2064
12293,2065,2051,2065
12294,2059,2025,2059
12295,2064,2067,2064
12296,2064,2048,2064
12297,2054,2008,2054
12298,2048,2024,2048
12299,2037,2004,2037
12300,2035,2040,2035
12301,2032,2036,2032
12302,2033,2051,2033
12303,2037,2063,2037
12304,2042,2067,2042
12305,2049,2074,2049
12306,2059,2085,2059
12307,2065,2069,2065
12308,2067,2055,2067
12309,2070,2058,2070
12310,2074,2060,2074
12311,2072,2041,2072
12312,2070,2042,2070
12313,2080,2075,2080
12314,2078,2042,2078
12315,2077,2045,2077
12316,2078,2050,2078
12317,2080,2051,2080
12318,2082,2051,2082
12319,2081,2046,2081
12320,2074,2039,2074
12321,2067,2041,2067
12322,2058,2041,2058
12323,2051,2044,2051
12324,2044,2046,2044
12325,2043,2048,2043
12326,2040,2048,2040
12327,2046,2044,2046
12328,2050,2045,2050
12329,2073,2025,2073
12330,2088,2029,2088
12331,2096,2036,2096
12332,2103,2036,2103
12333,2099,2055,2099
12334,2093,2060,2093
12335,2085,2066,2085
12336,2077,2068,2077
12337,2066,2078,2066
12338,2058,2071,2058
12339,2051,2069,2051
12340,2051,2048,2051
12341,2049,2054,2049
12342,2053,2033,2053
12343,2055,2040,2055
12344,2054,2051,2054
12345,2048,2070,2048
12346,2047,2051,2047
12347,2045,2055,2045
12348,2045,2048,2045
12349,2044,2051,2044
12350,2045,2044,2045
12351,2056,2004,2056
12352,2057,2044,2057
12353,2059,2040,2059
12354,2058,2051,2058
12355,2053,2067,2053
12356,2047,2070,2047
12357,2044,2058,2044
12358,2040,2062,2040
12359,2033,2071,2033
12360,2041,2022,2041
12361,2049,2023,2049
12362,2048,2050,2048
12363,2052,2037,2052
12364,2060,2027,2060
12365,2066,2033,2066
12366,2072,2035,2072
12367,2073,2046,2073
12368,2075,2044,2075
12369,2079,2042,2079
12370,2084,2041,2084
12371,2087,2045,2087
12372,2086,2048,2086
12373,2090,2045,2090
12374,2089,2048,2089
12375,2087,2048,2087
12376,2088,2048,2088
12377,2087,2047,2087
12378,2089,2049,2089
12379,2090,2048,2090
12380,2086,2043,2086
12381,2088,2050,2088
12382,2087,2046,2087
12383,2088,2049,2088
12384,2085,2041,2085
12385,2083,2043,2083
12386,2081,2042,2081
12387,2077,2037,2077
12388,2073,2036,2073
12389,2071,2041,2071
12390,2065,2028,2065
12391,2063,2041,2063
12392,2060,2037,2060
12393,2057,2037,2057
12394,2056,2044,2056
12395,2055,2044,2055
12396,2054,2044,2054
12397,2049,2028,2049
12398,2053,2063,2053
12399,2054,2051,2054
12400,2061,2075,2061
12401,2064,2059,2064
12402,2063,2044,2063
12403,2064,2051,2064
12404,2063,2044,2063
12405,2063,2048,2063
12406,2061,2040,2061
12407,2062,2051,2062
12408,2061,2044,2061
12409,2055,2027,2055
12410,2052,2038,2052
12411,2052,2048,2052
12412,2052,2048,2052
12413,2049,2039,2049
12414,2045,2037,2045
12415,2049,2057,2049
12416,2047,2043,2047
12417,2048,2049,2048
12418,2052,2054,2052
12419,2056,2053,2056
12420,2064,2057,2064
12421,2064,2048,2064
12422,2064,2048,2064
12423,2066,2049,2066
12424,2066,2048,2066
12425,2068,2048,2068
12426,2071,2047,2071
12427,2073,2046,2073
12428,2077,2045,2077
12429,2084,2041,2084
12430,2085,2046,2085
12431,2087,2045,2087
12432,2087,2048,2087
12433,2089,2044,2089
12434,2086,2054,2086
12435,2086,2048,2086
12436,2080,2063,2080
12437,2073,2067,2073
12438,2071,2053,2071
12439,2070,2051,2070
12440,2069,2051,2069
12441,2071,2041,2071
12442,2072,2044,2072
12443,2075,2037,2075
12444,2075,2048,2075
12445,2075,2048,2075
12446,2076,2044,2076
12447,2075,2051,2075
12448,2071,2063,2071
12449,2070,2051,2070
12450,2067,2059,2067
12451,2064,2059,2064
12452,2060,2063,2060
12453,2059,2051,2059
12454,2061,2040,2061
12455,2064,2036,2064
12456,2068,2033,2068
12457,2073,2029,2073
12458,2072,2051,2072
12459,2069,2058,2069
12460,2065,2060,2065
12461,2061,2060,2061
12462,2053,2071,2053
12463,2044,2072,2044
12464,2039,2060,2039
12465,2033,2062,2033
12466,2033,2048,2033
12467,2036,2042,2036
12468,2043,2036,2043
12469,2052,2034,2052
12470,2058,2040,2058
12471,2065,2041,2065
12472,2066,2047,2066
12473,2065,2048,2065
12474,2057,2050,2057
12475,2052,2048,2052
12476,2051,2047,2051
12477,2051,2048,2051
12478,2062,2056,2062
12479,2072,2057,2072
12480,2079,2056,2079
12481,2084,2055,2084
12482,2083,2046,2083
12483,2078,2038,2078
12484,2074,2039,2074
12485,2069,2036,2069
12486,2068,2045,2068
12487,2068,2048,2068
12488,2066,2042,2066
12489,2068,2054,2068
12490,2073,2064,2073
12491,2076,2058,2076
12492,2080,2062,2080
12493,2088,2076,2088
12494,2087,2044,2087
12495,2086,2044,2086
12496,2079,2020,2079
12497,2074,2028,2074
12498,2077,2059,2077
12499,2077,2048,2077
12500,2079,2055,2079
12501,2072,2020,2072
12502,2086,2103,2086
12503,2087,2051,2087
12504,2092,2067,2092
12505,2091,2044,2091
12506,2085,2025,2085
12507,2085,2048,2085
12508,2067,1984,2067
12509,2049,1987,2049
12510,2046,2038,2046
12511,2039,2026,2039
12512,2037,2042,2037
12513,2038,2050,2038
12514,2046,2068,2046
12515,2049,2055,2049
12516,2051,2052,2051
12517,2043,2032,2043
12518,2052,2063,2052
12519,2053,2049,2053
12520,2052,2046,2052
12521,2051,2047,2051
12522,2053,2049,2053
12523,2050,2046,2050
12524,2056,2049,2056
12525,2059,2048,2059
12526,2066,2046,2066
12527,2071,2045,2071
12528,2072,2047,2072
12529,2071,2048,2071
12530,2069,2050,2069
12531,2066,2052,2066
12532,2066,2048,2066
12533,2059,2061,2059
12534,2050,2067,2050
12535,2054,2038,2054
12536,2048,2063,2048
12537,2049,2045,2049
12538,2048,2050,2048
12539,2047,2051,2047
12540,2037,2080,2037
12541,2046,2017,2046
12542,2050,2033,2050
12543,2055,2029,2055
12544,2059,2033,2059
12545,2066,2021,2066
12546,2069,2036,2069
12547,2071,2040,2071
12548,2074,2036,2074
12549,2073,2051,2073
12550,2071,2055,2071
12551,2061,2087,2061
12552,2060,2051,2060
12553,2060,2048,2060
12554,2062,2040,2062
12555,2065,2036,2065
12556,2070,2029,2070
12557,2072,2040,2072
12558,2069,2058,2069
12559,2069,2048,2069
12560,2059,2080,2059
12561,2057,2054,2057
12562,2052,2062,2052
12563,2054,2042,2054
12564,2057,2040,2057
12565,2063,2033,2063
12566,2071,2030,2071
12567,2074,2042,2074
12568,2073,2049,2073
12569,2075,2045,2075
12570,2069,2055,2069
12571,2069,2048,2069
12572,2064,2051,2064
12573,2065,2047,2065
12574,2061,2049,2061
12575,2061,2048,2061
12576,2058,2047,2058
12577,2061,2049,2061
12578,2061,2048,2061
12579,2067,2053,2067
12580,2068,2049,2068
12581,2072,2053,2072
12582,2081,2063,2081
12583,2084,2053,2084
12584,2086,2052,2086
12585,2085,2045,2085
12586,2085,2048,2085
12587,2083,2042,2083
12588,2078,2033,2078
12589,2081,2057,2081
12590,2079,2041,2079
12591,2083,2061,2083
12592,2076,2023,2076
12593,2067,2015,2067
12594,2054,1999,2054
12595,2045,2013,2045
12596,2035,2009,2035
12597,2036,2051,2036
12598,2033,2036,2033
12599,2033,2048,2033
12600,2038,2067,2038
12601,2040,2055,2040
12602,2043,2059,2043
12603,2041,2040,2041
12604,2038,2036,2038
12605,2039,2051,2039
12606,2038,2044,2038
12607,2042,2062,2042
12608,2048,2069,2048
12609,2049,2051,2049
12610,2054,2064,2054
12611,2061,2069,2061
12612,2065,2059,2065
12613,2066,2050,2066
12614,2067,2050,2067
12615,2066,2045,2066
12616,2076,2069,2076
12617,2075,2046,2075
12618,2085,2065,2085
12619,2087,2050,2087
12620,2100,2064,2100
12621,2108,2055,2108
12622,2108,2048,2108
12623,2109,2048,2109
12624,2102,2046,2102
12625,2095,2048,2095
12626,2091,2049,2091
12627,2079,2054,2079
12628,2074,2051,2074
12629,2069,2052,2069
12630,2064,2054,2064
12631,2061,2052,2061
12632,2063,2044,2063
12633,2056,2061,2056
12634,2057,2045,2057
12635,2057,2048,2057
12636,2060,2040,2060
12637,2064,2037,2064
12638,2072,2024,2072
12639,2077,2032,2077
12640,2080,2038,2080
12641,2083,2037,2083
12642,2083,2048,2083
12643,2083,2048,2083
12644,2079,2062,2079
12645,2080,2044,2080
12646,2080,2048,2080
12647,2082,2040,2082
12648,2081,2051,2081
12649,2078,2059,2078
12650,2075,2059,2075
12651,2068,2075,2068
12652,2062,2071,2062
12653,2056,2071,2056
12654,2049,2075,2049
12655,2036,2097,2036
12656,2042,2025,2042
12657,2045,2037,2045
12658,2049,2033,2049
12659,2051,2041,2051
12660,2054,2038,2054
12661,2061,2026,2061
12662,2068,2027,2068
12663,2078,2020,2078
12664,2090,2017,2090
12665,2091,2045,2091
12666,2095,2039,2095
12667,2094,2049,2094
12668,2093,2049,2093
12669,2099,2039,2099
12670,2097,2050,2097
12671,2091,2053,2091
12672,2083,2053,2083
12673,2080,2049,2080
12674,2070,2050,2070
12675,2066,2048,2066
12676,2056,2045,2056
12677,2052,2045,2052
12678,2048,2045,2048
12679,2043,2043,2043
12680,2038,2041,2038
12681,2043,2055,2043
12682,2033,2030,2033
12683,2033,2048,2033
12684,2033,2048,2033
12685,2034,2050,2034
12686,2032,2042,2032
12687,2031,2045,2031
12688,2028,2039,2028
12689,2036,2072,2036
12690,2046,2080,2046
12691,2054,2075,2054
12692,2061,2072,2061
12693,2073,2091,2073
12694,2083,2085,2083
12695,2080,2036,2080
12696,2086,2071,2086
12697,2085,2044,2085
12698,2086,2051,2086
12699,2086,2048,2086
12700,2086,2048,2086
12701,2087,2051,2087
12702,2078,2012,2078
12703,2075,2036,2075
12704,2074,2044,2074
12705,2070,2032,2070
12706,2069,2044,2069
12707,2066,2037,2066
12708,2062,2033,2062
12709,2055,2024,2055
12710,2055,2048,2055
12711,2050,2032,2050
12712,2049,2045,2049
12713,2052,2056,2052
12714,2056,2058,2056
12715,2065,2069,2065
12716,2071,2060,2071
12717,2073,2051,2073
12718,2073,2048,2073
12719,2073,2048,2073
12720,2069,2043,2069
12721,2063,2042,2063
12722,2059,2045,2059
12723,2052,2044,2052
12724,2046,2046,2046
12725,2043,2048,2043
12726,2047,2046,2047
12727,2055,2043,2055
12728,2057,2046,2057
12729,2062,2043,2062
12730,2058,2052,2058
12731,2056,2050,2056
12732,2059,2042,2059
12733,2062,2042,2062
12734,2064,2043,2064
12735,2062,2052,2062
12736,2063,2045,2063
12737,2061,2053,2061
12738,2067,2030,2067
12739,2064,2057,2064
12740,2062,2054,2062
12741,2059,2058,2059
12742,2057,2055,2057
12743,2058,2044,2058
12744,2057,2051,2057
12745,2058,2044,2058
12746,2058,2048,2058
12747,2060,2040,2060
12748,2063,2036,2063
12749,2061,2055,2061
12750,2065,2032,2065
12751,2065,2048,2065
12752,2065,2048,2065
12753,2064,2051,2064
12754,2065,2044,2065
12755,2065,2048,2065
12756,2065,2048,2065
12757,2069,2033,2069
12758,2070,2044,2070
12759,2076,2027,2076
12760,2079,2038,2079
12761,2081,2041,2081
12762,2080,2050,2080
12763,2077,2056,2077
12764,2073,2058,2073
12765,2070,2055,2070
12766,2068,2052,2068
12767,2067,2049,2067
12768,2064,2053,2064
12769,2062,2050,2062
12770,2063,2046,2063
12771,2069,2042,2069
12772,2072,2045,2072
12773,2075,2046,2075
12774,2073,2048,2073
12775,2075,2048,2075
12776,2076,2048,2076
12777,2078,2049,2078
12778,2079,2048,2079
12779,2078,2047,2078
12780,2077,2046,2077
12781,2077,2048,2077
12782,2076,2046,2076
12783,2076,2048,2076
12784,2080,2056,2080
12785,2075,2036,2075
12786,2070,2035,2070
12787,2064,2031,2064
12788,2053,2015,2053
12789,2049,2035,2049
12790,2043,2028,2043
12791,2042,2044,2042
12792,2042,2048,2042
12793,2039,2037,2039
12794,2039,2048,2039
12795,2044,2067,2044
12796,2049,2067,2049
12797,2053,2063,2053
12798,2058,2067,2058
12799,2054,2032,2054
12800,2056,2055,2056
12801,2056,2048,2056
12802,2049,2020,2049
12803,2051,2055,2051
12804,2050,2044,2050
12805,2046,2032,2046
12806,2049,2059,2049
12807,2053,2062,2053
12808,2058,2065,2058
12809,2058,2048,2058
12810,2065,2070,2065
12811,2065,2048,2065
12812,2071,2065,2071
12813,2077,2064,2077
12814,2081,2058,2081
12815,2090,2069,2090
12816,2092,2052,2092
12817,2093,2049,2093
12818,2093,2048,2093
12819,2092,2046,2092
12820,2084,2038,2084
12821,2082,2046,2082
12822,2071,2039,2071
12823,2067,2045,2067
12824,2063,2046,2063
12825,2060,2048,2060
12826,2056,2049,2056
12827,2055,2048,2055
12828,2056,2047,2056
12829,2058,2046,2058
12830,2056,2050,2056
12831,2056,2048,2056
12832,2059,2042,2059
12833,2064,2038,2064
12834,2068,2039,2068
12835,2065,2055,2065
12836,2070,2035,2070
12837,2069,2050,2069
12838,2063,2065,2063
12839,2057,2066,2057
12840,2054,2057,2054
12841,2049,2064,2049
12842,2043,2069,2043
12843,2047,2033,2047
12844,2048,2044,2048
12845,2050,2040,2050
12846,2053,2036,2053
12847,2057,2032,2057
12848,2055,2055,2055
12849,2054,2051,2054
12850,2057,2036,2057
12851,2055,2055,2055
12852,2058,2036,2058
12853,2055,2059,2055
12854,2057,2040,2057
12855,2060,2036,2060
12856,2070,2010,2070
12857,2064,2069,2064
12858,2065,2044,2065
12859,2063,2054,2063
12860,2060,2057,2060
12861,2058,2054,2058
12862,2051,2068,2051
12863,2047,2058,2047
12864,2039,2068,2039
12865,2039,2048,2039
12866,2040,2045,2040
12867,2043,2042,2043
12868,2045,2044,2045
12869,2042,2052,2042
12870,2058,2028,2058
12871,2061,2045,2061
12872,2063,2046,2063
12873,2064,2047,2064
12874,2064,2048,2064
12875,2068,2048,2068
12876,2072,2049,2072
12877,2078,2051,2078
12878,2081,2050,2081
12879,2081,2048,2081
12880,2076,2041,2076
12881,2069,2037,2069
12882,2064,2039,2064
12883,2061,2042,2061
12884,2055,2035,2055
12885,2055,2048,2055
12886,2055,2048,2055
12887,2059,2058,2059
12888,2064,2062,2064
12889,2068,2060,2068
12890,2071,2057,2071
12891,2074,2058,2074
12892,2075,2051,2075
12893,2077,2055,2077
12894,2078,2051,2078
12895,2081,2059,2081
12896,2081,2048,2081
12897,2079,2040,2079
12898,2076,2036,2076
12899,2075,2044,2075
12900,2075,2048,2075
12901,2064,2004,2064
12902,2069,2067,2069
12903,2065,2032,2065
12904,2060,2028,2060
12905,2058,2040,2058
12906,2057,2044,2057
12907,2059,2055,2059
12908,2065,2069,2065
12909,2071,2068,2071
12910,2072,2051,2072
12911,2072,2048,2072
12912,2070,2042,2070
12913,2071,2050,2071
12914,2076,2060,2076
12915,2078,2052,2078
12916,2077,2045,2077
12917,2075,2044,2075
12918,2069,2037,2069
12919,2062,2037,2062
12920,2068,2055,2068
12921,2072,2051,2072
12922,2077,2051,2077
12923,2077,2048,2077
12924,2077,2048,2077
12925,2076,2048,2076
12926,2071,2049,2071
12927,2065,2051,2065
12928,2058,2053,2058
12929,2055,2050,2055
12930,2054,2049,2054
12931,2056,2045,2056
12932,2062,2037,2062
12933,2065,2042,2065
12934,2064,2050,2064
12935,2059,2059,2059
12936,2056,2055,2056
12937,2047,2072,2047
12938,2042,2062,2042
12939,2043,2044,2043
12940,2053,2015,2053
12941,2055,2041,2055
12942,2056,2044,2056
12943,2071,1993,2071
12944,2078,2021,2078
12945,2083,2028,2083
12946,2081,2055,2081
12947,2074,2075,2074
12948,2067,2075,2067
12949,2056,2091,2056
12950,2055,2051,2055
12951,2054,2051,2054
12952,2061,2020,2061
12953,2073,2000,2073
12954,2075,2040,2075
12955,2074,2051,2074
12956,2071,2059,2071
12957,2066,2066,2066
12958,2060,2069,2060
12959,2063,2037,2063
12960,2068,2031,2068
12961,2075,2026,2075
12962,2084,2021,2084
12963,2086,2042,2086
12964,2087,2045,2087
12965,2090,2040,2090
12966,2088,2052,2088
12967,2082,2059,2082
12968,2076,2058,2076
12969,2071,2055,2071
12970,2073,2045,2073
12971,2070,2050,2070
12972,2068,2049,2068
12973,2070,2046,2070
12974,2066,2049,2066
12975,2067,2048,2067
12976,2074,2049,2074
12977,2084,2053,2084
12978,2089,2051,2089
12979,2094,2052,2094
12980,2096,2050,2096
12981,2091,2040,2091
12982,2089,2044,2089
12983,2083,2036,2083
12984,2077,2035,2077
12985,2070,2031,2070
12986,2064,2032,2064
12987,2057,2028,2057
12988,2054,2039,2054
12989,2053,2044,2053
12990,2049,2035,2049
12991,2049,2048,2049
12992,2048,2044,2048
12993,2055,2073,2055
12994,2064,2081,2064
12995,2071,2074,2071
12996,2077,2071,2077
12997,2084,2075,2084
12998,2084,2048,2084
12999,2087,2059,2087
13000,2086,2044,2086
13001,2088,2055,2088
13002,2084,2032,2084
13003,2079,2028,2079
13004,2072,2020,2072
13005,2063,2013,2063
13006,2057,2025,2057
13007,2053,2033,2053
13008,2047,2026,2047
13009,2045,2041,2045
13010,2039,2028,2039
13011,2038,2044,2038
13012,2039,2050,2039
13013,2042,2056,2042
13014,2040,2042,2040
13015,2042,2052,2042
13016,2048,2060,2048
13017,2054,2059,2054
13018,2052,2044,2052
13019,2054,2050,2054
13020,2057,2051,2057
13021,2060,2050,2060
13022,2061,2048,2061
13023,2060,2047,2060
13024,2057,2047,2057
13025,2055,2048,2055
13026,2054,2048,2054
13027,2057,2046,2057
13028,2059,2046,2059
13029,2061,2046,2061
13030,2064,2044,2064
13031,2062,2050,2062
13032,2061,2049,2061
13033,2056,2057,2056
13034,2054,2052,2054
13035,2052,2052,2052
13036,2054,2042,2054
13037,2055,2045,2055
13038,2057,2042,2057
13039,2059,2041,2059
13040,2065,2028,2065
13041,2069,2034,2069
13042,2071,2040,2071
13043,2069,2055,2069
13044,2065,2062,2065
13045,2065,2048,2065
13046,2065,2048,2065
13047,2067,2040,2067
13048,2067,2048,2067
13049,2073,2024,2073
13050,2073,2048,2073
13051,2070,2059,2070
13052,2067,2059,2067
13053,2056,2091,2056
13054,2042,2102,2042
13055,2038,2063,2038
13056,2031,2074,2031
13057,2029,2055,2029
13058,2028,2051,2028
13059,2034,2027,2034
13060,2041,2025,2041
13061,2043,2041,2043
13062,2051,2024,2051
13063,2058,2028,2058
13064,2067,2025,2067
13065,2078,2022,2078
13066,2082,2039,2082
13067,2089,2034,2089
13068,2090,2046,2090
13069,2091,2046,2091
13070,2086,2054,2086
13071,2079,2054,2079
13072,2074,2051,2074
13073,2067,2051,2067
13074,2062,2049,2062
13075,2056,2048,2056
13076,2055,2047,2055
13077,2053,2046,2053
13078,2052,2047,2052
13079,2053,2048,2053
13080,2057,2052,2057
13081,2063,2056,2063
13082,2071,2061,2071
13083,2084,2073,2084
13084,2083,2045,2083
13085,2083,2048,2083
13086,2078,2035,2078
13087,2073,2034,2073
13088,2063,2018,2063
13089,2053,2017,2053
13090,2051,2041,2051
13091,2050,2044,2050
13092,2054,2062,2054
13093,2060,2069,2060
13094,2064,2062,2064
13095,2067,2059,2067
13096,2070,2059,2070
13097,2078,2079,2078
13098,2078,2048,2078
13099,2081,2059,2081
13100,2083,2055,2083
13101,2092,2083,2092
13102,2087,2028,2087
13103,2086,2044,2086
13104,2086,2048,2086
13105,2077,2013,2077
13106,2082,2066,2082
13107,2084,2055,2084
13108,2077,2023,2077
13109,2083,2068,2083
13110,2078,2031,2078
13111,2075,2038,2075
13112,2079,2059,2079
13113,2077,2042,2077
13114,2071,2032,2071
13115,2070,2045,2070
13116,2074,2056,2074
13117,2073,2046,2073
13118,2072,2046,2072
13119,2073,2049,2073
13120,2077,2052,2077
13121,2081,2051,2081
13122,2083,2049,2083
13123,2085,2049,2085
13124,2083,2047,2083
13125,2081,2048,2081
13126,2080,2048,2080
13127,2075,2050,2075
13128,2070,2051,2070
13129,2064,2053,2064
13130,2059,2054,2059
13131,2058,2049,2058
13132,2061,2042,2061
13133,2061,2048,2061
13134,2065,2039,2065
13135,2067,2043,2067
13136,2064,2055,2064
13137,2058,2064,2058
13138,2051,2068,2051
13139,2040,2081,2040
13140,2024,2099,2024
13141,2024,2048,2024
13142,2029,2030,2029
13143,2040,2008,2040
13144,2052,2003,2052
13145,2062,2009,2062
13146,2078,1986,2078
13147,2086,2016,2086
13148,2077,2083,2077
13149,2081,2032,2081
13150,2077,2063,2077
13151,2068,2083,2068
13152,2063,2067,2063
13153,2055,2079,2055
13154,2055,2048,2055
13155,2057,2040,2057
13156,2061,2033,2061
13157,2061,2048,2061
13158,2068,2023,2068
13159,2062,2068,2062
13160,2060,2054,2060
13161,2059,2051,2059
13162,2055,2059,2055
13163,2056,2045,2056
13164,2059,2040,2059
13165,2065,2033,2065
13166,2069,2039,2069
13167,2076,2034,2076
13168,2080,2041,2080
13169,2078,2050,2078
13170,2078,2048,2078
13171,2072,2053,2072
13172,2065,2053,2065
13173,2057,2052,2057
13174,2056,2048,2056
13175,2051,2048,2051
13176,2053,2048,2053
13177,2054,2048,2054
13178,2052,2046,2052
13179,2042,2038,2042
13180,2046,2052,2046
13181,2044,2045,2044
13182,2042,2044,2042
13183,2039,2042,2039
13184,2038,2045,2038
13185,2033,2036,2033
13186,2035,2053,2035
13187,2034,2045,2034
13188,2042,2071,2042
13189,2053,2081,2053
13190,2064,2083,2064
13191,2079,2098,2079
13192,2085,2069,2085
13193,2086,2051,2086
13194,2084,2040,2084
13195,2083,2044,2083
13196,2069,1993,2069
13197,2066,2036,2066
13198,2064,2040,2064
13199,2059,2028,2059
13200,2058,2044,2058
13201,2059,2051,2059
13202,2059,2048,2059
13203,2049,2008,2049
13204,2051,2055,2051
13205,2042,2013,2042
13206,2041,2044,2041
13207,2043,2055,2043
13208,2049,2069,2049
13209,2052,2058,2052
13210,2062,2080,2062
13211,2066,2060,2066
13212,2064,2042,2064
13213,2059,2034,2059
13214,2051,2027,2051
13215,2048,2040,2048
13216,2039,2028,2039
13217,2031,2032,2031
13218,2031,2048,2031
13219,2037,2056,2037
13220,2044,2056,2044
13221,2047,2050,2047
13222,2048,2048,2048
13223,2053,2050,2053
13224,2056,2048,2056
13225,2057,2048,2057
13226,2061,2046,2061
13227,2067,2044,2067
13228,2073,2043,2073
13229,2080,2041,2080
13230,2084,2043,2084
13231,2084,2048,2084
13232,2085,2046,2085
13233,2079,2059,2079
13234,2072,2063,2072
13235,2065,2064,2065
13236,2059,2063,2059
13237,2056,2056,2056
13238,2060,2036,2060
13239,2062,2041,2062
13240,2065,2038,2065
13241,2069,2034,2069
13242,2067,2055,2067
13243,2067,2048,2067
13244,2070,2036,2070
13245,2069,2051,2069
13246,2071,2040,2071
13247,2073,2040,2073
13248,2072,2051,2072
13249,2076,2032,2076
13250,2067,2083,2067
13251,2072,2028,2072
13252,2076,2032,2076
13253,2080,2032,2080
13254,2093,1997,2093
13255,2087,2070,2087
13256,2084,2059,2084
13257,2083,2051,2083
13258,2076,2072,2076
13259,2068,2075,2068
13260,2066,2054,2066
13261,2056,2078,2056
13262,2056,2048,2056
13263,2062,2031,2062
13264,2071,2025,2071
13265,2077,2033,2077
13266,2077,2048,2077
13267,2075,2051,2075
13268,2073,2051,2073
13269,2069,2053,2069
13270,2067,2050,2067
13271,2064,2050,2064
13272,2068,2045,2068
13273,2068,2048,2068
13274,2067,2048,2067
13275,2067,2048,2067
13276,2070,2048,2070
13277,2076,2051,2076
13278,2079,2050,2079
13279,2077,2046,2077
13280,2077,2048,2077
13281,2073,2042,2073
13282,2071,2044,2071
13283,2074,2053,2074
13284,2077,2054,2077
13285,2079,2052,2079
13286,2078,2045,2078
13287,2075,2039,2075
13288,2068,2027,2068
13289,2061,2026,2061
13290,2053,2022,2053
13291,2043,2014,2043
13292,2036,2023,2036
13293,2027,2015,2027
13294,2018,2014,2018
13295,2019,2051,2019
13296,2020,2051,2020
13297,2031,2091,2031
13298,2039,2079,2039
13299,2047,2079,2047
13300,2055,2079,2055
13301,2061,2071,2061
13302,2067,2071,2067
13303,2069,2055,2069
13304,2071,2055,2071
13305,2073,2055,2073
13306,2072,2044,2072
13307,2075,2058,2075
13308,2077,2055,2077
13309,2079,2054,2079
13310,2082,2057,2082
13311,2084,2054,2084
13312,2081,2039,2081
13313,2075,2031,2075
13314,2069,2032,2069
13315,2064,2036,2064
13316,2058,2035,2058
13317,2055,2042,2055
13318,2056,2049,2056
13319,2061,2055,2061
13320,2070,2059,2070
13321,2075,2052,2075
13322,2074,2047,2074
13323,2071,2046,2071
13324,2071,2048,2071
13325,2073,2048,2073
13326,2076,2047,2076
13327,2080,2045,2080
13328,2087,2042,2087
13329,2094,2041,2094
13330,2099,2041,2099
13331,2102,2043,2102
13332,2103,2046,2103
13333,2097,2059,2097
13334,2095,2052,2095
13335,2087,2066,2087
13336,2079,2068,2079
13337,2074,2061,2074
13338,2067,2068,2067
13339,2065,2054,2065
13340,2060,2064,2060
13341,2054,2068,2054
13342,2048,2069,2048
13343,2042,2069,2042
13344,2039,2059,2039
13345,2038,2051,2038
13346,2041,2036,2041
13347,2045,2032,2045
13348,2053,2016,2053
13349,2061,2016,2061
13350,2067,2024,2067
13351,2069,2040,2069
13352,2073,2032,2073
13353,2075,2040,2075
13354,2076,2044,2076
13355,2075,2051,2075
13356,2072,2059,2072
13357,2072,2048,2072
13358,2067,2065,2067
13359,2065,2054,2065
13360,2062,2057,2062
13361,2060,2054,2060
13362,2063,2039,2063
13363,2064,2045,2064
13364,2062,2053,2062
13365,2061,2050,2061
13366,2066,2037,2066
13367,2071,2038,2071
13368,2073,2044,2073
13369,2073,2048,2073
13370,2073,2048,2073
13371,2076,2045,2076
13372,2073,2050,2073
13373,2076,2046,2076
13374,2077,2047,2077
13375,2076,2048,2076
13376,2070,2046,2070
13377,2064,2044,2064
13378,2061,2045,2061
13379,2058,2045,2058
13380,2058,2048,2058
13381,2055,2043,2055
13382,2055,2048,2055
13383,2058,2053,2058
13384,2056,2043,2056
13385,2053,2040,2053
13386,2047,2032,2047
13387,2039,2026,2039
13388,2035,2036,2035
13389,2036,2051,2036
13390,2038,2054,2038
13391,2048,2081,2048
13392,2055,2072,2055
13393,2061,2069,2061
13394,2054,2021,2054
13395,2059,2067,2059
13396,2060,2051,2060
13397,2064,2063,2064
13398,2066,2055,2066
13399,2067,2051,2067
13400,2067,2048,2067
13401,2072,2067,2072
13402,2073,2051,2073
13403,2069,2032,2069
13404,2064,2028,2064
13405,2061,2036,2061
13406,2065,2062,2065
13407,2054,2008,2054
13408,2054,2048,2054
13409,2057,2058,2057
13410,2059,2054,2059
13411,2062,2057,2062
13412,2063,2050,2063
13413,2063,2048,2063
13414,2069,2063,2069
13415,2065,2038,2065
13416,2065,2048,2065
13417,2062,2042,2062
13418,2064,2051,2064
13419,2066,2050,2066
13420,2073,2056,2073
13421,2081,2055,2081
13422,2087,2052,2087
13423,2090,2049,2090
13424,2091,2048,2091
13425,2091,2048,2091
13426,2087,2049,2087
13427,2084,2049,2084
13428,2085,2047,2085
13429,2085,2048,2085
13430,2087,2045,2087
13431,2084,2052,2084
13432,2078,2058,2078
13433,2069,2065,2069
13434,2062,2063,2062
13435,2059,2055,2059
13436,2057,2053,2057
13437,2058,2045,2058
13438,2062,2036,2062
13439,2067,2032,2067
13440,2070,2038,2070
13441,2076,2027,2076
13442,2080,2033,2080
13443,2081,2044,2081
13444,2080,2051,2080
13445,2081,2044,2081
13446,2079,2055,2079
13447,2078,2051,2078
13448,2075,2059,2075
13449,2073,2055,2073
13450,2065,2079,2065
13451,2058,2075,2058
13452,2058,2048,2058
13453,2055,2059,2055
13454,2061,2024,2061
13455,2063,2040,2063
13456,2055,2077,2055
13457,2058,2037,2058
13458,2051,2072,2051
13459,2042,2078,2042
13460,2041,2051,2041
13461,2033,2072,2033
13462,2022,2080,2022
13463,2029,2028,2029
13464,2026,2055,2026
13465,2034,2029,2034
13466,2038,2039,2038
13467,2043,2038,2043
13468,2041,2051,2041
13469,2047,2039,2047
13470,2051,2043,2051
13471,2053,2046,2053
13472,2059,2043,2059
13473,2065,2044,2065
13474,2077,2044,2077
13475,2086,2048,2086
13476,2095,2050,2095
13477,2089,2044,2089
13478,2093,2050,2093
13479,2085,2040,2085
13480,2077,2038,2077
13481,2070,2037,2070
13482,2068,2044,2068
13483,2061,2034,2061
13484,2059,2043,2059
13485,2061,2052,2061
13486,2061,2048,2061
13487,2064,2056,2064
13488,2067,2056,2067
13489,2071,2060,2071
13490,2073,2054,2073
13491,2071,2041,2071
13492,2074,2058,2074
13493,2077,2058,2077
13494,2081,2062,2081
13495,2079,2040,2079
13496,2081,2055,2081
13497,2084,2059,2084
13498,2087,2059,2087
13499,2084,2036,2084
13500,2089,2067,2089
13501,2090,2051,2090
13502,2089,2044,2089
13503,2090,2051,2090
13504,2086,2032,2086
13505,2080,2025,2080
13506,2071,2014,2071
13507,2061,2011,2061
13508,2052,2016,2052
13509,2044,2020,2044
13510,2037,2025,2037
13511,2031,2029,2031
13512,2028,2039,2028
13513,2029,2050,2029
13514,2034,2060,2034
13515,2035,2050,2035
13516,2041,2060,2041
13517,2042,2049,2042
13518,2042,2048,2042
13519,2041,2046,2041
13520,2039,2045,2039
13521,2042,2050,2042
13522,2049,2053,2049
13523,2053,2050,2053
13524,2058,2049,2058
13525,2067,2048,2067
13526,2069,2047,2069
13527,2068,2048,2068
13528,2064,2050,2064
13529,2066,2046,2066
13530,2067,2046,2067
13531,2068,2046,2068
13532,2064,2054,2064
13533,2074,2028,2074
13534,2085,2024,2085
13535,2078,2064,2078
13536,2071,2065,2071
13537,2062,2072,2062
13538,2057,2062,2057
13539,2052,2063,2052
13540,2055,2038,2055
13541,2056,2044,2056
13542,2060,2033,2060
13543,2064,2033,2064
13544,2061,2059,2061
13545,2061,2048,2061
13546,2059,2055,2059
13547,2056,2059,2056
13548,2053,2059,2053
13549,2052,2051,2052
13550,2053,2044,2053
13551,2066,1996,2066
13552,2073,2020,2073
13553,2078,2028,2078
13554,2078,2048,2078
13555,2077,2051,2077
13556,2071,2070,2071
13557,2067,2062,2067
13558,2058,2079,2058
13559,2055,2058,2055
13560,2052,2057,2052
13561,2053,2044,2053
13562,2053,2048,2053
13563,2056,2039,2056
13564,2057,2045,2057
13565,2058,2045,2058
13566,2059,2045,2059
13567,2061,2044,2061
13568,2067,2037,2067
13569,2069,2045,2069
13570,2075,2040,2075
13571,2077,2046,2077
13572,2075,2049,2075
13573,2075,2048,2075
13574,2071,2049,2071
13575,2066,2048,2066
13576,2063,2047,2063
13577,2062,2047,2062
13578,2059,2045,2059
13579,2058,2047,2058
13580,2058,2048,2058
13581,2061,2052,2061
13582,2062,2049,2062
13583,2066,2055,2066
13584,2067,2050,2067
13585,2068,2050,2068
13586,2072,2058,2072
13587,2073,2050,2073
13588,2078,2062,2078
13589,2077,2044,2077
13590,2079,2054,2079
13591,2075,2034,2075
13592,2073,2040,2073
13593,2065,2019,2065
13594,2059,2025,2059
13595,2061,2055,2061
13596,2056,2028,2056
13597,2056,2048,2056
13598,2054,2040,2054
13599,2055,2051,2055
13600,2057,2055,2057
13601,2055,2040,2055
13602,2059,2063,2059
13603,2060,2051,2060
13604,2058,2040,2058
13605,2053,2028,2053
13606,2049,2033,2049
13607,2047,2040,2047
13608,2049,2055,2049
13609,2053,2061,2053
13610,2059,2067,2059
13611,2060,2051,2060
13612,2064,2059,2064
13613,2067,2056,2067
13614,2066,2045,2066
13615,2070,2057,2070
13616,2073,2054,2073
13617,2075,2051,2075
13618,2073,2044,2073
13619,2069,2042,2069
13620,2066,2044,2066
13621,2064,2046,2064
13622,2060,2045,2060
13623,2052,2043,2052
13624,2048,2046,2048
13625,2046,2048,2046
13626,2043,2048,2043
13627,2047,2045,2047
13628,2050,2045,2050
13629,2056,2042,2056
13630,2057,2046,2057
13631,2058,2046,2058
13632,2055,2053,2055
13633,2055,2048,2055
13634,2055,2048,2055
13635,2057,2043,2057
13636,2059,2042,2059
13637,2063,2037,2063
13638,2066,2039,2066
13639,2074,2023,2074
13640,2076,2041,2076
13641,2077,2044,2077
13642,2079,2040,2079
13643,2079,2048,2079
13644,2079,2048,2079
13645,2077,2055,2077
13646,2075,2055,2075
13647,2070,2067,2070
13648,2069,2051,2069
13649,2071,2040,2071
13650,2070,2051,2070
13651,2071,2044,2071
13652,2069,2055,2069
13653,2067,2055,2067
13654,2062,2067,2062
13655,2059,2059,2059
13656,2064,2029,2064
13657,2071,2022,2071
13658,2076,2030,2076
13659,2087,2010,2087
13660,2096,2018,2096
13661,2100,2035,2100
13662,2094,2065,2094
13663,2087,2067,2087
13664,2079,2068,2079
13665,2068,2073,2068
13666,2065,2054,2065
13667,2059,2059,2059
13668,2056,2053,2056
13669,2054,2050,2054
13670,2055,2046,2055
13671,2055,2048,2055
13672,2052,2050,2052
13673,2051,2048,2051
13674,2049,2048,2049
13675,2048,2048,2048
13676,2042,2046,2042
13677,2038,2045,2038
13678,2045,2053,2045
13679,2044,2047,2044
13680,2043,2046,2043
13681,2041,2045,2041
13682,2039,2044,2039
13683,2037,2044,2037
13684,2040,2054,2040
13685,2042,2052,2042
13686,2050,2068,2050
13687,2053,2056,2053
13688,2058,2062,2058
13689,2068,2078,2068
13690,2073,2064,2073
13691,2083,2081,2083
13692,2087,2062,2087
13693,2091,2062,2091
13694,2095,2062,2095
13695,2095,2048,2095
13696,2096,2051,2096
13697,2093,2036,2093
13698,2093,2048,2093
13699,2098,2067,2098
13700,2095,2036,2095
13701,2093,2040,2093
13702,2091,2040,2091
13703,2087,2032,2087
13704,2083,2032,2083
13705,2080,2036,2080
13706,2080,2048,2080
13707,2078,2040,2078
13708,2074,2033,2074
13709,2070,2034,2070
13710,2067,2038,2067
13711,2058,2020,2058
13712,2051,2027,2051
13713,2051,2048,2051
13714,2050,2045,2050
13715,2052,2052,2052
13716,2055,2054,2055
13717,2058,2053,2058
13718,2056,2044,2056
13719,2053,2043,2053
13720,2049,2043,2049
13721,2044,2043,2044
13722,2045,2048,2045
13723,2044,2047,2044
13724,2045,2048,2045
13725,2045,2048,2045
13726,2048,2047,2048
13727,2051,2046,2051
13728,2054,2045,2054
13729,2057,2045,2057
13730,2062,2041,2062
13731,2065,2043,2065
13732,2064,2049,2064
13733,2065,2046,2065
13734,2065,2048,2065
13735,2066,2045,2066
13736,2070,2037,2070
13737,2071,2045,2071
13738,2070,2050,2070
13739,2072,2041,2072
13740,2073,2044,2073
13741,2064,2078,2064
13742,2061,2058,2061
13743,2053,2076,2053
13744,2047,2070,2047
13745,2045,2055,2045
13746,2043,2055,2043
13747,2047,2032,2047
13748,2050,2036,2050
13749,2054,2032,2054
13750,2059,2028,2059
13751,2066,2020,2066
13752,2070,2032,2070
13753,2076,2024,2076
13754,2069,2075,2069
13755,2070,2044,2070
13756,2066,2062,2066
13757,2067,2044,2067
13758,2069,2040,2069
13759,2073,2034,2073
13760,2077,2035,2077
13761,2082,2032,2082
13762,2085,2039,2085
13763,2083,2053,2083
13764,2077,2063,2077
13765,2078,2045,2078
13766,2070,2065,2070
13767,2066,2055,2066
13768,2069,2042,2069
13769,2066,2052,2066
13770,2065,2049,2065
13771,2065,2048,2065
13772,2066,2047,2066
13773,2072,2044,2072
13774,2077,2046,2077
13775,2087,2048,2087
13776,2089,2048,2089
13777,2099,2053,2099
13778,2097,2046,2097
13779,2099,2049,2099
13780,2093,2040,2093
13781,2087,2039,2087
13782,2081,2037,2081
13783,2072,2030,2072
13784,2071,2045,2071
13785,2067,2038,2067
13786,2069,2053,2069
13787,2065,2037,2065
13788,2064,2045,2064
13789,2064,2048,2064
13790,2063,2044,2063
13791,2055,2020,2055
13792,2047,2019,2047
13793,2039,2019,2039
13794,2037,2040,2037
13795,2039,2055,2039
13796,2045,2071,2045
13797,2049,2063,2049
13798,2050,2051,2050
13799,2052,2055,2052
13800,2055,2059,2055
13801,2057,2055,2057
13802,2059,2055,2059
13803,2060,2051,2060
13804,2057,2036,2057
13805,2059,2055,2059
13806,2066,2074,2066
13807,2067,2051,2067
13808,2075,2076,2075
13809,2065,2014,2065
13810,2069,2060,2069
13811,2059,2017,2059
13812,2052,2027,2052
13813,2060,2069,2060
13814,2061,2050,2061
13815,2061,2048,2061
13816,2063,2052,2063
13817,2067,2055,2067
13818,2067,2048,2067
13819,2069,2050,2069
13820,2069,2048,2069
13821,2072,2050,2072
13822,2064,2042,2064
13823,2067,2049,2067
13824,2066,2047,2066
13825,2069,2048,2069
13826,2074,2046,2074
13827,2077,2046,2077
13828,2081,2045,2081
13829,2083,2046,2083
13830,2078,2054,2078
13831,2078,2048,2078
13832,2072,2058,2072
13833,2068,2055,2068
13834,2064,2056,2064
13835,2064,2048,2064
13836,2065,2045,2065
13837,2065,2048,2065
13838,2067,2042,2067
13839,2066,2051,2066
13840,2062,2060,2062
13841,2058,2061,2058
13842,2055,2058,2055
13843,2046,2080,2046
13844,2048,2040,2048
13845,2046,2055,2046
13846,2044,2055,2044
13847,2043,2051,2043
13848,2045,2040,2045
13849,2045,2048,2045
13850,2046,2044,2046
13851,2049,2036,2049
13852,2050,2044,2050
13853,2056,2024,2056
13854,2062,2024,2062
13855,2067,2028,2067
13856,2071,2033,2071
13857,2079,2019,2079
13858,2081,2040,2081
13859,2083,2041,2083
13860,2087,2035,2087
13861,2090,2038,2090
13862,2090,2048,2090
13863,2086,2058,2086
13864,2084,2053,2084
13865,2083,2050,2083
13866,2078,2058,2078
13867,2071,2061,2071
13868,2063,2061,2063
13869,2057,2056,2057
13870,2053,2052,2053
13871,2053,2048,2053
13872,2058,2044,2058
13873,2065,2044,2065
13874,2072,2046,2072
13875,2079,2048,2079
13876,2080,2048,2080
13877,2078,2046,2078
13878,2077,2047,2077
13879,2079,2049,2079
13880,2081,2050,2081
13881,2082,2049,2082
13882,2083,2049,2083
13883,2084,2049,2084
13884,2085,2050,2085
13885,2081,2038,2081
13886,2074,2030,2074
13887,2068,2031,2068
13888,2062,2030,2062
13889,2061,2044,2061
13890,2059,2041,2059
13891,2057,2041,2057
13892,2060,2058,2060
13893,2063,2058,2063
13894,2066,2059,2066
13895,2069,2059,2069
13896,2066,2036,2066
13897,2060,2024,2060
13898,2057,2036,2057
13899,2057,2048,2057
13900,2057,2048,2057
13901,2059,2055,2059
13902,2060,2051,2060
13903,2060,2048,2060
13904,2064,2063,2064
13905,2053,2006,2053
13906,2045,2018,2045
13907,2039,2026,2039
13908,2034,2030,2034
13909,2033,2044,2033
13910,2030,2038,2030
13911,2037,2069,2037
13912,2041,2059,2041
13913,2049,2069,2049
13914,2061,2078,2061
13915,2061,2048,2061
13916,2062,2050,2062
13917,2070,2063,2070
13918,2074,2054,2074
13919,2078,2053,2078
13920,2081,2051,2081
13921,2074,2041,2074
13922,2066,2042,2066
13923,2059,2044,2059
13924,2057,2047,2057
13925,2053,2048,2053
13926,2049,2049,2049
13927,2049,2048,2049
13928,2054,2044,2054
13929,2066,2036,2066
13930,2073,2039,2073
13931,2075,2045,2075
13932,2076,2046,2076
13933,2079,2042,2079
13934,2080,2045,2080
13935,2081,2045,2081
13936,2079,2053,2079
13937,2078,2050,2078
13938,2076,2053,2076
13939,2081,2032,2081
13940,2084,2038,2084
13941,2092,2020,2092
13942,2091,2051,2091
13943,2089,2055,2089
13944,2081,2077,2081
13945,2079,2055,2079
13946,2071,2078,2071
13947,2068,2059,2068
13948,2075,2020,2075
13949,2072,2059,2072
13950,2072,2048,2072
13951,2069,2059,2069
13952,2064,2067,2064
13953,2057,2075,2057
13954,2052,2067,2052
13955,2049,2059,2049
13956,2049,2048,2049
13957,2054,2029,2054
13958,2057,2037,2057
13959,2059,2041,2059
13960,2059,2048,2059
13961,2058,2051,2058
13962,2059,2045,2059
13963,2058,2050,2058
13964,2049,2070,2049
13965,2039,2071,2039
13966,2035,2056,2035
13967,2032,2053,2032
13968,2032,2048,2032
13969,2035,2043,2035
13970,2037,2045,2037
13971,2046,2039,2046
13972,2057,2039,2057
13973,2070,2041,2070
13974,2079,2045,2079
13975,2085,2048,2085
13976,2084,2047,2084
13977,2083,2047,2083
13978,2076,2042,2076
13979,2065,2037,2065
13980,2057,2038,2057
13981,2051,2039,2051
13982,2048,2042,2048
13983,2049,2049,2049
13984,2047,2043,2047
13985,2049,2052,2049
13986,2049,2048,2049
13987,2049,2048,2049
13988,2052,2056,2052
13989,2061,2075,2061
13990,2063,2054,2063
13991,2062,2044,2062
13992,2060,2040,2060
13993,2063,2058,2063
13994,2065,2055,2065
13995,2069,2063,2069
13996,2071,2055,2071
13997,2071,2048,2071
13998,2070,2044,2070
13999,2067,2036,2067
14000,2062,2028,2062
14001,2064,2055,2064
14002,2069,2067,2069
14003,2073,2063,2073
14004,2072,2044,2072
14005,2071,2044,2071
14006,2063,2018,2063
14007,2061,2040,2061
14008,2056,2030,2056
14009,2046,2014,2046
14010,2043,2038,2043
14011,2040,2038,2040
14012,2046,2065,2046
14013,2050,2058,2050
14014,2056,2063,2056
14015,2068,2076,2068
14016,2068,2048,2068
14017,2074,2059,2074
14018,2073,2046,2073
14019,2071,2045,2071
14020,2069,2045,2069
14021,2066,2045,2066
14022,2060,2043,2060
14023,2058,2046,2058
14024,2056,2047,2056
14025,2059,2048,2059
14026,2063,2046,2063
14027,2068,2045,2068
14028,2075,2042,2075
14029,2084,2039,2084
14030,2087,2044,2087
14031,2087,2048,2087
14032,2082,2056,2082
14033,2076,2059,2076
14034,2071,2058,2071
14035,2073,2043,2073
14036,2067,2063,2067
14037,2063,2058,2063
14038,2071,2024,2071
14039,2071,2048,2071
14040,2066,2064,2066
14041,2060,2068,2060
14042,2055,2065,2055
14043,2051,2062,2051
14044,2045,2070,2045
14045,2042,2059,2042
14046,2041,2051,2041
14047,2045,2032,2045
14048,2051,2024,2051
14049,2057,2024,2057
14050,2058,2044,2058
14051,2063,2028,2063
14052,2059,2063,2059
14053,2059,2048,2059
14054,2057,2055,2057
14055,2054,2059,2054
14056,2055,2044,2055
14057,2054,2051,2054
14058,2059,2030,2059
14059,2059,2048,2059
14060,2062,2038,2062
14061,2067,2032,2067
14062,2068,2045,2068
14063,2071,2039,2071
14064,2074,2040,2074
14065,2071,2055,2071
14066,2066,2058,2066
14067,2065,2049,2065
14068,2068,2042,2068
14069,2070,2045,2070
14070,2073,2044,2073
14071,2075,2046,2075
14072,2079,2045,2079
14073,2078,2048,2078
14074,2076,2048,2076
14075,2077,2048,2077
14076,2077,2048,2077
14077,2077,2048,2077
14078,2077,2048,2077
14079,2080,2050,2080
14080,2069,2034,2069
14081,2070,2049,2070
14082,2064,2037,2064
14083,2065,2049,2065
14084,2065,2048,2065
14085,2069,2057,2069
14086,2068,2045,2068
14087,2070,2053,2070
14088,2071,2050,2071
14089,2075,2060,2075
14090,2071,2035,2071
14091,2067,2034,2067
14092,2062,2030,2062
14093,2059,2037,2059
14094,2061,2055,2061
14095,2069,2078,2069
14096,2077,2078,2077
14097,2086,2083,2086
14098,2090,2063,2090
14099,2090,2048,2090
14100,2089,2044,2089
14101,2091,2055,2091
14102,2087,2032,2087
14103,2084,2036,2084
14104,2083,2044,2083
14105,2086,2059,2086
14106,2093,2074,2093
14107,2100,2073,2100
14108,2098,2040,2098
14109,2099,2051,2099
14110,2092,2025,2092
14111,2085,2026,2085
14112,2078,2027,2078
14113,2070,2026,2070
14114,2066,2037,2066
14115,2065,2045,2065
14116,2066,2050,2066
14117,2069,2053,2069
14118,2070,2049,2070
14119,2067,2043,2067
14120,2065,2045,2065
14121,2062,2045,2062
14122,2061,2047,2061
14123,2056,2045,2056
14124,2056,2048,2056
14125,2056,2048,2056
14126,2061,2046,2061
14127,2067,2044,2067
14128,2075,2042,2075
14129,2081,2042,2081
14130,2080,2049,2080
14131,2079,2049,2079
14132,2071,2061,2071
14133,2067,2055,2067
14134,2059,2065,2059
14135,2058,2050,2058
14136,2055,2055,2055
14137,2055,2048,2055
14138,2061,2030,2061
14139,2069,2023,2069
14140,2074,2031,2074
14141,2079,2031,2079
14142,2081,2040,2081
14143,2081,2048,2081
14144,2082,2044,2082
14145,2078,2063,2078
14146,2081,2036,2081
14147,2079,2055,2079
14148,2079,2048,2079
14149,2077,2055,2077
14150,2077,2048,2077
14151,2078,2044,2078
14152,2079,2044,2079
14153,2080,2044,2080
14154,2076,2063,2076
14155,2072,2063,2072
14156,2068,2062,2068
14157,2061,2073,2061
14158,2055,2069,2055
14159,2049,2068,2049
14160,2050,2044,2050
14161,2054,2035,2054
14162,2053,2050,2053
14163,2058,2034,2058
14164,2060,2042,2060
14165,2060,2048,2060
14166,2058,2052,2058
14167,2052,2059,2052
14168,2042,2065,2042
14169,2033,2061,2033
14170,2019,2065,2019
14171,2010,2056,2010
14172,2006,2050,2006
14173,1998,2052,1998
14174,1992,2049,1992
14175,1991,2048,1991
14176,1991,2048,1991
14177,1994,2049,1994
14178,1998,2050,1998
14179,2007,2056,2007
14180,2014,2056,2014
14181,2017,2052,2017
14182,2025,2061,2025
14183,2027,2051,2027
14184,2035,2065,2035
14185,2045,2071,2045
14186,2057,2078,2057
14187,2065,2069,2065
14188,2071,2065,2071
14189,2079,2072,2079
14190,2078,2044,2078
14191,2073,2031,2073
14192,2071,2040,2071
14193,2066,2029,2066
14194,2067,2051,2067
14195,2060,2021,2060
14196,2057,2036,2057
14197,2057,2048,2057
14198,2054,2036,2054
14199,2059,2067,2059
14200,2055,2032,2055
14201,2054,2044,2054
14202,2056,2055,2056
14203,2059,2059,2059
14204,2067,2078,2067
14205,2077,2086,2077
14206,2083,2070,2083
14207,2082,2044,2082
14208,2077,2030,2077
14209,2070,2024,2070
14210,2059,2012,2059
14211,2051,2023,2051
14212,2045,2030,2045
14213,2037,2026,2037
14214,2035,2042,2035
14215,2031,2038,2031
14216,2038,2063,2038
14217,2041,2053,2041
14218,2046,2056,2046
14219,2050,2053,2050
14220,2051,2049,2051
14221,2056,2052,2056
14222,2060,2050,2060
14223,2062,2049,2062
14224,2067,2049,2067
14225,2070,2048,2070
14226,2071,2047,2071
14227,2065,2051,2065
14228,2064,2048,2064
14229,2059,2052,2059
14230,2055,2052,2055
14231,2048,2058,2048
14232,2046,2051,2046
14233,2043,2053,2043
14234,2043,2048,2043
14235,2040,2055,2040
14236,2039,2050,2039
14237,2039,2048,2039
14238,2040,2045,2040
14239,2040,2048,2040
14240,2043,2038,2043
14241,2042,2051,2042
14242,2043,2044,2043
14243,2047,2033,2047
14244,2046,2051,2046
14245,2047,2044,2047
14246,2047,2048,2047
14247,2043,2063,2043
14248,2048,2028,2048
14249,2043,2067,2043
14250,2041,2055,2041
14251,2041,2048,2041
14252,2037,2063,2037
14253,2039,2040,2039
14254,2038,2051,2038
14255,2034,2063,2034
14256,2032,2055,2032
14257,2029,2058,2029
14258,2029,2048,2029
14259,2035,2027,2035
14260,2043,2022,2043
14261,2047,2035,2047
14262,2047,2048,2047
14263,2047,2048,2047
14264,2045,2053,2045
14265,2044,2050,2044
14266,2041,2054,2041
14267,2040,2049,2040
14268,2041,2046,2041
14269,2045,2042,2045
14270,2055,2035,2055
14271,2064,2039,2064
14272,2080,2036,2080
14273,2089,2043,2089
14274,2094,2046,2094
14275,2092,2048,2092
14276,2090,2047,2090
14277,2087,2046,2087
14278,2081,2043,2081
14279,2084,2050,2084
14280,2090,2055,2090
14281,2100,2062,2100
14282,2110,2065,2110
14283,2119,2065,2119
14284,2127,2065,2127
14285,2130,2055,2130
14286,2139,2070,2139
14287,2145,2064,2145
14288,2158,2085,2158
14289,2166,2072,2166
14290,2172,2067,2172
14291,2177,2064,2177
14292,2180,2058,2180
14293,2190,2084,2190
14294,2191,2051,2191
14295,2197,2070,2197
14296,2199,2055,2199
14297,2206,2075,2206
14298,2205,2044,2205
14299,2204,2044,2204
14300,2205,2051,2205
14301,2208,2059,2208
14302,2210,2055,2210
14303,2213,2059,2213
14304,2216,2059,2216
14305,2221,2067,2221
14306,2223,2055,2223
14307,2222,2044,2222
14308,2218,2033,2218
14309,2212,2027,2212
14310,2204,2022,2204
14311,2192,2011,2192
14312,2180,2013,2180
14313,2166,2009,2166
14314,2151,2009,2151
14315,2141,2024,2141
14316,2133,2030,2133
14317,2125,2032,2125
14318,2116,2032,2116
14319,2109,2037,2109
14320,2105,2043,2105
14321,2105,2048,2105
14322,2103,2046,2103
14323,2098,2045,2098
14324,2091,2046,2091
14325,2082,2048,2082
14326,2074,2050,2074
14327,2067,2051,2067
14328,2060,2053,2060
14329,2054,2053,2054
14330,2045,2059,2045
14331,2033,2065,2033
14332,2024,2063,2024
14333,2011,2073,2011
14334,2001,2069,2001
14335,1985,2085,1985
14336,1969,2088,1969
14337,1958,2078,1958
14338,1950,2071,1950
14339,1944,2066,1944
14340,1939,2064,1939
14341,1933,2068,1933
14342,1934,2044,1934
14343,1941,2022,1941
14344,1946,2029,1946
14345,1957,2006,1957
14346,1963,2024,1963
14347,1966,2036,1966
14348,1968,2040,1968
14349,1971,2036,1971
14350,1971,2048,1971
14351,1975,2032,1975
14352,1986,2004,1986
14353,1991,2028,1991
14354,1997,2024,1997
14355,2002,2028,2002
14356,2003,2044,2003
14357,2006,2037,2006
14358,2007,2044,2007
14359,2009,2041,2009
14360,2009,2048,2009
14361,2012,2038,2012
14362,2023,2015,2023
14363,2028,2034,2028
14364,2027,2050,2027
14365,2037,2024,2037
14366,2040,2041,2040
14367,2050,2028,2050
14368,2062,2027,2062
14369,2061,2049,2061
14370,2066,2041,2066
14371,2065,2048,2065
14372,2059,2052,2059
14373,2057,2049,2057
14374,2045,2051,2045
14375,2041,2048,2041
14376,2039,2047,2039
14377,2026,2041,2026
14378,2020,2043,2020
14379,2018,2046,2018
14380,2023,2054,2023
14381,2018,2040,2018
14382,2019,2049,2019
14383,2019,2048,2019
14384,2023,2056,2023
14385,2026,2055,2026
14386,2030,2058,2030
14387,2031,2050,2031
14388,2029,2042,2029
14389,2027,2041,2027
14390,2019,2022,2019
14391,2016,2037,2016
14392,2009,2023,2009
14393,2005,2033,2005
14394,1997,2018,1997
14395,1995,2040,1995
14396,1991,2032,1991
14397,1992,2051,1992
14398,1988,2032,1988
14399,1988,2048,1988
14400,1985,2036,1985
14401,1984,2044,1984
14402,1985,2051,1985
14403,1985,2048,1985
14404,1979,2024,1979
14405,1976,2036,1976
14406,1972,2033,1972
14407,1967,2029,1967
14408,1973,2069,1973
14409,1980,2071,1980
14410,1993,2090,1993
14411,2007,2091,2007
14412,2019,2082,2019
14413,2028,2072,2028
14414,2035,2065,2035
14415,2041,2062,2041
14416,2039,2043,2039
14417,2037,2044,2037
14418,2028,2032,2028
14419,2021,2037,2021
14420,2003,2025,2003
14421,1996,2041,1996
14422,1989,2042,1989
14423,1987,2046,1987
14424,1994,2049,1994
14425,1999,2048,1999
14426,2003,2046,2003
14427,1999,2050,1999
14428,1993,2052,1993
14429,1987,2053,1987
14430,1977,2060,1977
14431,1968,2061,1968
14432,1960,2061,1960
14433,1953,2061,1953
14434,1951,2052,1951
14435,1943,2066,1943
14436,1935,2068,1935
14437,1930,2061,1930
14438,1927,2056,1927
14439,1922,2063,1922
14440,1924,2041,1924
14441,1929,2031,1929
14442,1939,2012,1939
14443,1959,1975,1959
14444,1992,1925,1992
14445,2028,1911,2028
14446,2068,1893,2068
14447,2106,1898,2106
14448,2145,1893,2145
14449,2178,1916,2178
14450,2205,1940,2205
14451,2218,1996,2218
14452,2225,2020,2225
14453,2227,2040,2227
14454,2229,2040,2229
14455,2233,2032,2233
14456,2233,2048,2233
14457,2239,2026,2239
14458,2252,2002,2252
14459,2265,2004,2265
14460,2281,1996,2281
14461,2302,1983,2302
14462,2330,1966,2330
14463,2343,2012,2343
14464,2362,1999,2362
14465,2385,1993,2385
14466,2408,1998,2408
14467,2431,2003,2431
14468,2449,2017,2449
14469,2467,2021,2467
14470,2489,2020,2489
14471,2501,2036,2501
14472,2499,2049,2499
14473,2489,2053,2489
14474,2465,2054,2465
14475,2433,2048,2433
14476,2394,2038,2394
14477,2354,2027,2354
14478,2314,2018,2314
14479,2276,2010,2276
14480,2238,2001,2238
14481,2212,2009,2212
14482,2189,2008,2189
14483,2172,2015,2172
14484,2157,2015,2157
14485,2151,2033,2151
14486,2135,2007,2135
14487,2123,2015,2123
14488,2111,2013,2111
14489,2097,2004,2097
14490,2080,1992,2080
14491,2061,1983,2061
14492,2036,1960,2036
14493,2007,1943,2007
14494,1978,1940,1978
14495,1952,1949,1952
14496,1929,1958,1929
14497,1908,1965,1908
14498,1884,1952,1884
14499,1859,1948,1859
14500,1837,1960,1837
14501,1817,1968,1817
14502,1798,1972,1798
14503,1787,2004,1787
14504,1775,2001,1775
14505,1769,2025,1769
14506,1772,2059,1772
14507,1779,2073,1779
14508,1795,2104,1795
14509,1811,2102,1811
14510,1825,2093,1825
14511,1839,2091,1839
14512,1851,2082,1851
14513,1854,2056,1854
14514,1859,2060,1859
14515,1862,2055,1862
14516,1874,2073,1874
14517,1892,2082,1892
14518,1913,2083,1913
14519,1934,2078,1934
14520,1954,2072,1954
14521,1970,2063,1970
14522,1979,2054,1979
14523,1983,2050,1983
14524,1992,2050,1992
14525,2003,2048,2003
14526,2020,2043,2020
14527,2037,2039,2037
14528,2060,2030,2060
14529,2080,2028,2080
14530,2102,2020,2102
14531,2122,2018,2122
14532,2139,2019,2139
14533,2155,2017,2155
14534,2170,2015,2170
14535,2181,2022,2181
14536,2191,2022,2191
14537,2201,2020,2201
14538,2211,2018,2211
14539,2216,2032,2216
14540,2213,2057,2213
14541,2213,2048,2213
14542,2216,2037,2216
14543,2221,2029,2221
14544,2234,1999,2234
14545,2247,1998,2247
14546,2261,1993,2261
14547,2279,1977,2279
14548,2293,1992,2293
14549,2298,2028,2298
14550,2302,2032,2302
14551,2301,2051,2301
14552,2296,2067,2296
14553,2294,2055,2294
14554,2291,2059,2291
14555,2292,2044,2292
14556,2289,2059,2289
14557,2283,2069,2283
14558,2278,2065,2278
14559,2266,2088,2266
14560,2245,2115,2245
14561,2220,2125,2220
14562,2191,2132,2191
14563,2169,2108,2169
14564,2151,2093,2151
14565,2123,2113,2123
14566,2106,2084,2106
14567,2091,2076,2091
14568,2074,2076,2074
14569,2054,2077,2054
14570,2039,2066,2039
14571,2022,2064,2022
14572,2002,2062,2002
14573,1987,2055,1987
14574,1963,2054,1963
14575,1958,2048,1958
14576,1948,2045,1948
14577,1938,2042,1938
14578,1925,2038,1925
14579,1911,2034,1911
14580,1899,2033,1899
14581,1878,2017,1878
14582,1864,2024,1864
14583,1850,2021,1850
14584,1832,2009,1832
14585,1822,2024,1822
14586,1811,2019,1811
14587,1803,2026,1803
14588,1795,2024,1795
14589,1790,2032,1790
14590,1787,2038,1787
14591,1794,2071,1794
14592,1802,2076,1802
14593,1806,2062,1806
14594,1814,2077,1814
14595,1816,2055,1816
14596,1821,2067,1821
14597,1825,2063,1825
14598,1829,2063,1829
14599,1835,2071,1835
14600,1845,2087,1845
14601,1851,2071,1851
14602,1862,2091,1862
14603,1875,2099,1875
14604,1892,2113,1892
14605,1907,2105,1907
14606,1915,2077,1915
14607,1925,2084,1925
14608,1937,2090,1937
14609,1949,2088,1949
14610,1965,2099,1965
14611,1983,2103,1983
14612,2002,2103,2002
14613,2018,2091,2018
14614,2028,2073,2028
14615,2034,2062,2034
14616,2030,2039,2030
14617,2026,2040,2026
14618,2024,2044,2024
14619,2022,2045,2022
14620,2025,2051,2025
14621,2030,2052,2030
14622,2033,2050,2033
14623,2042,2052,2042
14624,2047,2049,2047
14625,2057,2048,2057
14626,2060,2047,2060
14627,2062,2046,2062
14628,2065,2045,2065
14629,2058,2054,2058
14630,2055,2051,2055
14631,2049,2056,2049
14632,2039,2065,2039
14633,2032,2061,2032
14634,2025,2063,2025
14635,2019,2062,2019
14636,2018,2050,2018
14637,2021,2039,2021
14638,2025,2036,2025
14639,2014,2081,2014
14640,1971,2187,1971
14641,1915,2237,1915
14642,1867,2216,1867
14643,1842,2138,1842
14644,1828,2100,1828
14645,1817,2089,1817
14646,1826,2013,1826
14647,1875,1855,1875
14648,1956,1726,1956
14649,2051,1668,2051
14650,2146,1668,2146
14651,2230,1712,2230
14652,2305,1750,2305
14653,2376,1769,2376
14654,2428,1846,2428
14655,2457,1937,2457
14656,2455,2055,2455
14657,2442,2095,2442
14658,2416,2139,2416
14659,2381,2166,2381
14660,2347,2158,2347
14661,2315,2146,2315
14662,2280,2150,2280
14663,2241,2154,2241
14664,2205,2139,2205
14665,2175,2118,2175
14666,2153,2095,2153
14667,2144,2065,2144
14668,2148,2041,2148
14669,2185,1993,2185
14670,2235,1986,2235
14671,2298,1985,2298
14672,2366,1997,2366
14673,2422,2019,2422
14674,2473,2035,2473
14675,2513,2048,2513
14676,2537,2054,2537
14677,2541,2050,2541
14678,2522,2033,2522
14679,2481,2007,2481
14680,2422,1975,2422
14681,2352,1944,2352
14682,2287,1937,2287
14683,2227,1932,2227
14684,2179,1945,2179
14685,2135,1944,2135
14686,2104,1968,2104
14687,2080,1982,2080
14688,2075,2033,2075
14689,2077,2054,2077
14690,2092,2096,2092
14691,2107,2098,2107
14692,2117,2083,2117
14693,2119,2055,2119
14694,2112,2021,2112
14695,2095,1983,2095
14696,2056,1896,2056
14697,2002,1835,2002
14698,1937,1790,1937
14699,1867,1768,1867
14700,1802,1788,1802
14701,1743,1812,1743
14702,1691,1841,1691
14703,1658,1918,1658
14704,1631,1943,1631
14705,1623,2017,1623
14706,1632,2081,1632
14707,1662,2156,1662
14708,1698,2174,1698
14709,1750,2223,1750
14710,1796,2196,1796
14711,1843,2192,1843
14712,1883,2164,1883
14713,1911,2124,1911
14714,1919,2068,1919
14715,1920,2050,1920
14716,1913,2032,1913
14717,1903,2028,1903
14718,1889,2024,1889
14719,1873,2024,1873
14720,1861,2033,1861
14721,1861,2048,1861
14722,1867,2052,1867
14723,1893,2061,1893
14724,1934,2058,1934
14725,1977,2048,1977
14726,2028,2035,2028
14727,2086,2018,2086
14728,2138,2009,2138
14729,2196,1990,2196
14730,2240,1993,2240
14731,2279,1990,2279
14732,2305,2003,2305
14733,2317,2024,2317
14734,2318,2045,2318
14735,2308,2071,2308
14736,2290,2093,2290
14737,2272,2097,2272
14738,2250,2112,2250
14739,2236,2091,2236
14740,2240,2035,2240
14741,2255,1997,2255
14742,2284,1946,2284
14743,2315,1935,2315
14744,2345,1936,2345
14745,2378,1922,2378
14746,2394,1986,2394
14747,2402,2016,2402
14748,2404,2040,2404
14749,2390,2103,2390
14750,2374,2111,2374
14751,2346,2159,2346
14752,2316,2167,2316
14753,2285,2169,2285
14754,2251,2179,2251
14755,2217,2177,2217
14756,2186,2163,2186
14757,2160,2142,2160
14758,2138,2125,2138
14759,2127,2085,2127
14760,2118,2077,2118
14761,2103,2094,2103
14762,2116,2010,2116
14763,2117,2045,2117
14764,2112,2060,2112
14765,2105,2064,2105
14766,2076,2110,2076
14767,2039,2119,2039
14768,1997,2119,1997
14769,1955,2109,1955
14770,1915,2097,1915
14771,1881,2081,1881
14772,1847,2073,1847
14773,1827,2058,1827
14774,1816,2050,1816
14775,1817,2048,1817
14776,1826,2050,1826
14777,1841,2055,1841
14778,1859,2061,1859
14779,1881,2069,1881
14780,1901,2072,1901
14781,1912,2064,1912
14782,1931,2080,1931
14783,1936,2057,1936
14784,1937,2050,1937
14785,1937,2048,1937
14786,1919,2002,1919
14787,1900,1995,1900
14788,1870,1960,1870
14789,1837,1946,1837
14790,1814,1973,1814
14791,1796,1987,1796
14792,1794,2040,1794
14793,1802,2076,1802
14794,1819,2111,1819
14795,1845,2146,1845
14796,1892,2230,1892
14797,1933,2209,1933
14798,1983,2246,1983
14799,2023,2207,2023
14800,2043,2127,2043
14801,2052,2083,2052
14802,2049,2036,2049
14803,2041,2016,2041
14804,2027,1993,2027
14805,2013,1994,2013
14806,2001,2003,2001
14807,1997,2033,1997
14808,2006,2079,2006
14809,2022,2102,2022
14810,2051,2141,2051
14811,2073,2115,2073
14812,2092,2103,2092
14813,2099,2067,2099
14814,2099,2048,2099
14815,2084,2012,2084
14816,2061,1998,2061
14817,2026,1980,2026
14818,1977,1964,1977
14819,1946,2002,1946
14820,1919,2014,1919
14821,1907,2036,1907
14822,1917,2055,1917
14823,1943,2061,1943
14824,1985,2058,1985
14825,2026,2048,2026
14826,2057,2040,2057
14827,2073,2039,2073
14828,2081,2042,2081
14829,2070,2058,2070
14830,2047,2076,2047
14831,2007,2106,2007
14832,1953,2139,1953
14833,1888,2173,1888
14834,1823,2187,1823
14835,1769,2174,1769
14836,1729,2149,1729
14837,1694,2143,1694
14838,1679,2091,1679
14839,1669,2078,1669
14840,1677,2022,1677
14841,1691,2000,1691
14842,1711,1977,1711
14843,1737,1953,1737
14844,1765,1943,1765
14845,1787,1964,1787
14846,1801,1993,1801
14847,1818,1981,1818
14848,1830,2000,1830
14849,1851,1964,1851
14850,1873,1960,1873
14851,1919,1864,1919
14852,2025,1627,2025
14853,2184,1423,2184
14854,2382,1280,2382
14855,2583,1283,2583
14856,2770,1352,2770
14857,2921,1501,2921
14858,3007,1746,3007
14859,3021,2000,3021
14860,2949,2280,2949
14861,2767,2608,2767
14862,2537,2718,2537
14863,2299,2699,2299
14864,2098,2560,2098
14865,1958,2377,1958
14866,1877,2221,1877
14867,1851,2098,1851
14868,1873,2010,1873
14869,1952,1931,1952
14870,2079,1891,2079
14871,2205,1922,2205
14872,2307,1971,2307
14873,2394,2004,2394
14874,2465,2030,2465
14875,2527,2048,2527
14876,2570,2058,2570
14877,2592,2059,2592
14878,2606,2058,2606
14879,2613,2054,2613
14880,2607,2040,2607
14881,2587,2018,2587
14882,2568,2015,2568
14883,2552,2017,2552
14884,2525,1990,2525
14885,2496,1979,2496
14886,2463,1963,2463
14887,2432,1963,2432
14888,2394,1937,2394
14889,2330,1850,2330
14890,2237,1747,2237
14891,2137,1710,2137
14892,2027,1662,2027
14893,1913,1635,1913
14894,1822,1709,1822
14895,1749,1770,1749
14896,1695,1838,1695
14897,1663,1922,1663
14898,1656,2020,1656
14899,1668,2095,1668
14900,1702,2183,1702
14901,1733,2171,1733
14902,1755,2135,1755
14903,1773,2118,1773
14904,1792,2121,1792
14905,1810,2116,1810
14906,1829,2118,1829
14907,1839,2084,1839
14908,1849,2083,1849
14909,1863,2095,1863
14910,1872,2077,1872
14911,1880,2072,1880
14912,1884,2059,1884
14913,1886,2053,1886
14914,1887,2050,1887
14915,1884,2040,1884
14916,1881,2041,1881
14917,1878,2042,1878
14918,1870,2034,1870
14919,1861,2034,1861
14920,1846,2029,1846
14921,1843,2045,1843
14922,1845,2049,1845
14923,1859,2055,1859
14924,1883,2054,1883
14925,1920,2048,1920
14926,1960,2037,1960
14927,2006,2024,2006
14928,2053,2012,2053
14929,2098,2003,2098
14930,2139,1997,2139
14931,2167,2006,2167
14932,2189,2010,2189
14933,2207,2013,2207
14934,2222,2015,2222
14935,2233,2022,2233
14936,2245,2017,2245
14937,2263,1998,2263
14938,2287,1978,2287
14939,2315,1961,2315
14940,2342,1960,2342
14941,2365,1970,2365
14942,2381,1991,2381
14943,2395,1997,2395
14944,2409,1995,2409
14945,2428,1975,2428
14946,2438,2009,2438
14947,2440,2040,2440
14948,2425,2107,2425
14949,2406,2123,2406
14950,2371,2187,2371
14951,2331,2207,2331
14952,2287,2222,2287
14953,2238,2240,2238
14954,2198,2202,2198
14955,2186,2093,2186
14956,2175,2088,2175
14957,2174,2051,2174
14958,2174,2048,2174
14959,2163,2085,2163
14960,2138,2128,2138
14961,2112,2128,2112
14962,2076,2152,2076
14963,2047,2127,2047
14964,2023,2109,2023
14965,1999,2104,1999
14966,1986,2075,1986
14967,1986,2048,1986
14968,1998,2027,1998
14969,2009,2031,2009
14970,2017,2038,2017
14971,2020,2045,2020
14972,2013,2053,2013
14973,1993,2058,1993
14974,1968,2054,1968
14975,1927,2048,1927
14976,1896,2040,1896
14977,1868,2033,1868
14978,1854,2037,1854
14979,1844,2038,1844
14980,1847,2051,1847
14981,1862,2070,1862
14982,1875,2070,1875
14983,1885,2067,1885
14984,1895,2069,1895
14985,1905,2071,1905
14986,1909,2058,1909
14987,1900,2023,1900
14988,1885,2004,1885
14989,1871,2004,1871
14990,1861,2015,1861
14991,1856,2031,1856
14992,1854,2040,1854
14993,1859,2066,1859
14994,1873,2100,1873
14995,1893,2124,1893
14996,1918,2144,1918
14997,1947,2161,1947
14998,1966,2123,1966
14999,1982,2111,1982
15000,1986,2063,1986
15001,1985,2044,1985
15002,1987,2055,1987
15003,1998,2091,1998
15004,2011,2098,2011
15005,2030,2120,2030
15006,2043,2096,2043
15007,2055,2091,2055
15008,2068,2093,2068
15009,2076,2075,2076
15010,2072,2035,2072
15011,2061,2014,2061
15012,2041,1989,2041
15013,2017,1982,2017
15014,1991,1981,1991
15015,1968,1993,1968
15016,1958,2026,1958
15017,1958,2048,1958
15018,1968,2065,1968
15019,1987,2075,1987
15020,2008,2073,2008
15021,2022,2061,2022
15022,2027,2051,2027
15023,2024,2046,2024
15024,2014,2045,2014
15025,1994,2048,1994
15026,1975,2052,1975
15027,1958,2056,1958
15028,1951,2053,1951
15029,1954,2045,1954
15030,1965,2034,1965
15031,1977,2030,1977
15032,1992,2022,1992
15033,1996,2040,1996
15034,1992,2056,1992
15035,1970,2099,1970
15036,1935,2137,1935
15037,1893,2163,1893
15038,1859,2147,1859
15039,1835,2121,1835
15040,1836,2044,1836
15041,1840,2034,1840
15042,1855,1995,1855
15043,1867,2004,1867
15044,1878,2007,1878
15045,1861,2112,1861
15046,1811,2241,1811
15047,1740,2326,1740
15048,1671,2321,1671
15049,1627,2223,1627
15050,1595,2175,1595
15051,1592,2059,1592
15052,1608,1984,1608
15053,1650,1882,1650
15054,1705,1834,1705
15055,1754,1861,1754
15056,1815,1821,1815
15057,1885,1794,1885
15058,2013,1599,2013
15059,2232,1308,2232
15060,2507,1158,2507
15061,2795,1160,2795
15062,3017,1400,3017
15063,3163,1648,3163
15064,3209,1930,3209
15065,3149,2189,3149
15066,2913,2553,2913
15067,2579,2691,2579
15068,2257,2596,2257
15069,2016,2402,2016
15070,1894,2198,1894
15071,1874,2067,1874
15072,1963,1981,1963
15073,2128,1965,2128
15074,2274,2011,2274
15075,2364,2048,2364
15076,2391,2054,2391
15077,2357,2030,2357
15078,2243,1962,2243
15079,2104,1909,2104
15080,2020,1944,2020
15081,2011,2034,2011
15082,2120,2233,2120
15083,2333,2458,2333
15084,2584,2585,2584
15085,2815,2591,2815
15086,2975,2455,2975
15087,3035,2212,3035
15088,3019,2001,3019
15089,2897,1672,2897
15090,2673,1323,2673
15091,2424,1207,2424
15092,2209,1294,2209
15093,2067,1534,2067
15094,1995,1780,1995
15095,1978,1983,1978
15096,2006,2156,2006
15097,2069,2295,2069
15098,2141,2333,2141
15099,2173,2175,2173
15100,2160,1996,2160
15101,2088,1760,2088
15102,1955,1520,1955
15103,1798,1431,1798
15104,1653,1486,1653
15105,1541,1621,1541
15106,1481,1824,1481
15107,1468,2000,1468
15108,1500,2160,1500
15109,1593,2362,1593
15110,1744,2536,1744
15111,1899,2525,1899
15112,2019,2397,2019
15113,2089,2239,2089
15114,2101,2078,2101
15115,2056,1942,2056
15116,1937,1792,1937
15117,1788,1760,1788
15118,1663,1835,1663
15119,1577,1921,1577
15120,1540,2002,1540
15121,1565,2072,1565
15122,1670,2126,1670
15123,1840,2133,1840
15124,1996,2087,1996
15125,2099,2048,2099
15126,2139,2037,2139
15127,2138,2048,2138
15128,2070,2098,2070
15129,1952,2165,1952
15130,1839,2187,1839
15131,1775,2142,1775
15132,1759,2075,1759
15133,1813,1943,1813
15134,1942,1771,1942
15135,2097,1683,2097
15136,2233,1701,2233
15137,2316,1820,2316
15138,2349,1951,2349
15139,2332,2100,2332
15140,2274,2235,2274
15141,2196,2311,2196
15142,2122,2307,2122
15143,2081,2196,2081
15144,2089,2018,2089
15145,2167,1751,2167
15146,2287,1583,2287
15147,2422,1517,2422
15148,2540,1579,2540
15149,2621,1724,2621
15150,2646,1948,2646
15151,2623,2139,2623
15152,2554,2321,2554
15153,2450,2456,2450
15154,2341,2470,2341
15155,2253,2382,2253
15156,2208,2215,2208
15157,2201,2073,2201
15158,2232,1939,2232
15159,2281,1882,2281
15160,2324,1908,2324
15161,2343,1989,2343
15162,2330,2085,2330
15163,2273,2204,2273
15164,2184,2274,2184
15165,2081,2290,2081
15166,1997,2228,1997
15167,1934,2169,1934
15168,1907,2093,1907
15169,1919,2030,1919
15170,1974,1980,1974
15171,2045,1977,2045
15172,2113,1997,2113
15173,2145,2031,2145
15174,2153,2045,2153
15175,2140,2048,2140
15176,2079,2032,2079
15177,1993,2004,1993
15178,1913,1988,1913
15179,1850,1985,1850
15180,1813,2002,1813
15181,1806,2037,1806
15182,1830,2088,1830
15183,1878,2140,1878
15184,1935,2170,1935
15185,1974,2139,1974
15186,1992,2093,1992
15187,1979,2012,1979
15188,1936,1922,1936
15189,1873,1853,1873
15190,1809,1840,1809
15191,1759,1879,1759
15192,1735,1963,1735
15193,1743,2076,1743
15194,1783,2196,1783
15195,1854,2318,1854
15196,1928,2334,1928
15197,1991,2295,1991
15198,2032,2210,2032
15199,2045,2099,2045
15200,2026,1972,2026
15201,1981,1868,1981
15202,1925,1825,1925
15203,1883,1882,1883
15204,1866,1982,1866
15205,1875,2082,1875
15206,1915,2196,1915
15207,1979,2279,1979
15208,2046,2282,2046
15209,2099,2226,2099
15210,2129,2145,2129
15211,2140,2081,2140
15212,2123,1998,2123
15213,2077,1922,2077
15214,2022,1907,2022
15215,1980,1949,1980
15216,1956,1996,1956
15217,1952,2040,1952
15218,1986,2105,1986
15219,2026,2106,2026
15220,2077,2111,2077
15221,2127,2097,2127
15222,2140,2057,2140
15223,2135,2045,2135
15224,2116,2043,2116
15225,2063,2048,2063
15226,2011,2061,2011
15227,1976,2065,1976
15228,1947,2069,1947
15229,1936,2058,1936
15230,1941,2041,1941
15231,1950,2034,1950
15232,1953,2042,1953
15233,1952,2049,1952
15234,1944,2065,1944
15235,1931,2078,1931
15236,1927,2058,1927
15237,1932,2034,1932
15238,1947,2004,1947
15239,1971,1974,1971
15240,2001,1950,2001
15241,2020,1983,2020
15242,2015,2065,2015
15243,1988,2145,1988
15244,1936,2241,1936
15245,1879,2264,1879
15246,1828,2245,1828
15247,1796,2173,1796
15248,1785,2091,1785
15249,1797,2000,1797
15250,1814,1980,1814
15251,1828,1992,1828
15252,1823,2067,1823
15253,1790,2177,1790
15254,1729,2284,1729
15255,1663,2299,1663
15256,1627,2181,1627
15257,1609,2113,1609
15258,1626,1988,1626
15259,1663,1923,1663
15260,1731,1827,1731
15261,1787,1875,1787
15262,1832,1916,1832
15263,1861,1968,1861
15264,1861,2048,1861
15265,1883,1996,1883
15266,1975,1850,1975
15267,2185,1643,2185
15268,2502,1508,2502
15269,2807,1598,2807
15270,3039,1761,3039
15271,3147,1940,3147
15272,3151,2045,3151
15273,3000,2123,3000
15274,2709,2121,2709
15275,2385,2048,2385
15276,2127,1983,2127
15277,1995,1981,1995
15278,1985,2040,1985
15279,2118,2180,2118
15280,2327,2306,2327
15281,2479,2271,2479
15282,2536,2145,2536
15283,2477,1934,2477
15284,2282,1630,2282
15285,2053,1509,2053
15286,1862,1561,1862
15287,1776,1812,1776
15288,1805,2132,1805
15289,2038,2766,2038
15290,2377,3144,2377
15291,2711,3175,2711
15292,2958,2913,2958
15293,3089,2522,3089
15294,3095,2070,3095
15295,2965,1553,2965
15296,2716,1083,2716
15297,2467,1069,2467
15298,2263,1238,2263
15299,2147,1584,2147
15300,2119,1936,2119
15301,2177,2279,2177
15302,2306,2559,2306
15303,2410,2456,2410
15304,2440,2164,2440
15305,2390,1857,2390
15306,2222,1423,2222
15307,2001,1248,2001
15308,1782,1280,1782
15309,1607,1456,1607
15310,1501,1704,1501
15311,1471,1955,1471
15312,1509,2158,1509
15313,1623,2360,1623
15314,1754,2381,1754
15315,1861,2299,1861
15316,1919,2172,1919
15317,1928,2065,1928
15318,1892,1986,1892
15319,1822,1944,1822
15320,1746,1954,1746
15321,1695,1997,1695
15322,1676,2033,1676
15323,1694,2057,1694
15324,1755,2063,1755
15325,1827,2048,1827
15326,1885,2033,1885
15327,1919,2030,1919
15328,1922,2045,1922
15329,1901,2068,1901
15330,1865,2092,1865
15331,1831,2098,1831
15332,1811,2082,1811
15333,1800,2069,1800
15334,1811,2024,1811
15335,1849,1958,1849
15336,1905,1905,1905
15337,1964,1886,1964
15338,2009,1916,2009
15339,2041,1949,2041
15340,2053,2009,2053
15341,2072,1983,2072
15342,2079,2023,2079
15343,2076,2058,2076
15344,2078,2040,2078
15345,2087,2013,2087
15346,2103,1986,2103
15347,2131,1937,2131
15348,2169,1897,2169
15349,2220,1844,2220
15350,2279,1812,2279
15351,2343,1792,2343
15352,2404,1805,2404
15353,2443,1894,2443
15354,2454,2005,2454
15355,2429,2143,2429
15356,2368,2274,2368
15357,2292,2323,2292
15358,2249,2198,2249
15359,2253,2034,2253
15360,2335,1782,2335
15361,2431,1752,2431
15362,2534,1747,2534
15363,2589,1897,2589
15364,2599,2022,2599
15365,2545,2174,2545
15366,2400,2358,2400
15367,2235,2365,2235
15368,2115,2252,2115
15369,2055,2136,2055
15370,2052,2051,2052
15371,2114,1986,2114
15372,2196,1986,2196
15373,2250,2020,2250
15374,2254,2046,2254
15375,2214,2048,2214
15376,2115,2023,2115
15377,2005,1992,2005
15378,1899,1968,1899
15379,1843,1992,1843
15380,1831,2033,1831
15381,1879,2118,1879
15382,1950,2168,1950
15383,2032,2206,2032
15384,2067,2123,2067
15385,2079,2076,2079
15386,2053,1981,2053
15387,1998,1897,1998
15388,1936,1867,1936
15389,1887,1896,1887
15390,1853,1937,1853
15391,1843,2014,1843
15392,1865,2125,1865
15393,1911,2214,1911
15394,1945,2174,1945
15395,1957,2093,1957
15396,1949,2017,1949
15397,1918,1926,1918
15398,1870,1857,1870
15399,1819,1844,1819
15400,1777,1880,1777
15401,1760,1980,1760
15402,1768,2079,1768
15403,1810,2213,1810
15404,1882,2326,1882
15405,1953,2318,1953
15406,2007,2248,2007
15407,2033,2142,2033
15408,2035,2055,2035
15409,2016,1983,2016
15410,1985,1947,1985
15411,1958,1964,1958
15412,1943,2004,1943
15413,1953,2075,1953
15414,1990,2142,1990
15415,2039,2163,2039
15416,2088,2153,2088
15417,2119,2107,2119
15418,2121,2051,2121
15419,2103,2021,2103
15420,2077,2015,2077
15421,2051,2022,2051
15422,2036,2036,2036
15423,2038,2049,2038
15424,2057,2052,2057
15425,2086,2048,2086
15426,2116,2040,2116
15427,2139,2036,2139
15428,2140,2047,2140
15429,2115,2072,2115
15430,2061,2114,2061
15431,1996,2143,1996
15432,1941,2141,1941
15433,1913,2101,1913
15434,1911,2052,1911
15435,1932,1998,1932
15436,1965,1963,1965
15437,1990,1979,1990
15438,1998,2024,1998
15439,1982,2097,1982
15440,1950,2151,1950
15441,1913,2172,1913
15442,1877,2174,1877
15443,1868,2080,1868
15444,1885,1984,1885
15445,1924,1899,1924
15446,1961,1904,1961
15447,1983,1961,1983
15448,1984,2044,1984
15449,1968,2111,1968
15450,1955,2099,1955
15451,1944,2091,1944
15452,1941,2059,1941
15453,1939,2055,1939
15454,1930,2082,1930
15455,1913,2112,1913
15456,1881,2167,1881
15457,1829,2236,1829
15458,1771,2251,1771
15459,1726,2199,1726
15460,1701,2128,1701
15461,1701,2048,1701
15462,1715,2007,1715
15463,1745,1965,1745
15464,1747,2042,1747
15465,1725,2099,1725
15466,1684,2135,1684
15467,1650,2113,1650
15468,1626,2088,1626
15469,1619,2058,1619
15470,1646,2014,1646
15471,1708,1986,1708
15472,1788,1988,1788
15473,1861,2011,1861
15474,1926,2031,1926
15475,2011,2048,2011
15476,2176,2089,2176
15477,2433,2176,2433
15478,2753,2287,2753
15479,3015,2308,3015
15480,3182,2254,3182
15481,3214,2095,3214
15482,3149,1937,3149
15483,2911,1589,2911
15484,2600,1381,2600
15485,2297,1335,2297
15486,2111,1573,2111
15487,2050,1880,2050
15488,2106,2211,2106
15489,2289,2611,2289
15490,2442,2543,2442
15491,2495,2226,2495
15492,2455,1907,2455
15493,2270,1378,2270
15494,2050,1229,2050
15495,1894,1454,1894
15496,1815,1741,1815
15497,1849,2181,1849
15498,2051,2849,2051
15499,2370,3321,2370
15500,2683,3299,2683
15501,2920,2994,2920
15502,3032,2492,3032
15503,3043,2091,3043
15504,2949,1683,2949
15505,2745,1271,2745
15506,2529,1244,2529
15507,2364,1450,2364
15508,2257,1672,2257
15509,2203,1865,2203
15510,2205,2054,2205
15511,2247,2177,2247
15512,2297,2193,2297
15513,2307,2075,2307
15514,2243,1884,2243
15515,2097,1704,2097
15516,1940,1711,1940
15517,1786,1751,1786
15518,1650,1816,1650
15519,1565,1922,1565
15520,1535,2010,1535
15521,1560,2072,1560
15522,1646,2112,1646
15523,1737,2093,1737
15524,1811,2066,1811
15525,1853,2048,1853
15526,1851,2048,1851
15527,1807,2070,1807
15528,1745,2094,1745
15529,1694,2098,1694
15530,1670,2077,1670
15531,1664,2056,1664
15532,1693,1998,1693
15533,1765,1909,1765
15534,1836,1895,1836
15535,1877,1951,1877
15536,1890,2014,1890
15537,1870,2102,1870
15538,1828,2170,1828
15539,1786,2177,1786
15540,1763,2122,1763
15541,1770,2024,1770
15542,1809,1911,1809
15543,1867,1838,1867
15544,1932,1806,1932
15545,1992,1819,1992
15546,2033,1889,2033
15547,2043,2008,2043
15548,2040,2059,2040
15549,2027,2099,2027
15550,2025,2055,2025
15551,2035,2008,2035
15552,2069,1913,2069
15553,2113,1875,2113
15554,2155,1885,2155
15555,2199,1880,2199
15556,2225,1951,2225
15557,2241,1990,2241
15558,2253,2005,2253
15559,2262,2017,2262
15560,2278,1996,2278
15561,2310,1949,2310
15562,2351,1928,2351
15563,2387,1949,2387
15564,2399,2017,2399
15565,2393,2062,2393
15566,2373,2090,2373
15567,2351,2090,2351
15568,2346,2056,2346
15569,2370,2012,2370
15570,2419,1987,2419
15571,2470,1997,2470
15572,2507,2020,2507
15573,2507,2048,2507
15574,2459,2060,2459
15575,2357,2048,2357
15576,2229,2015,2229
15577,2130,1998,2130
15578,2070,2003,2070
15579,2058,2036,2058
15580,2086,2082,2086
15581,2139,2126,2139
15582,2174,2107,2174
15583,2185,2069,2185
15584,2149,1970,2149
15585,2073,1869,2073
15586,1985,1823,1985
15587,1919,1867,1919
15588,1888,1957,1888
15589,1900,2084,1900
15590,1951,2213,1951
15591,2029,2311,2029
15592,2089,2258,2089
15593,2119,2156,2119
15594,2121,2055,2121
15595,2089,1926,2089
15596,2015,1761,2015
15597,1941,1757,1941
15598,1880,1805,1880
15599,1846,1912,1846
15600,1843,2036,1843
15601,1871,2159,1871
15602,1915,2222,1915
15603,1955,2205,1955
15604,1975,2125,1975
15605,1965,2009,1965
15606,1934,1932,1934
15607,1884,1867,1884
15608,1842,1900,1842
15609,1811,1943,1811
15610,1804,2025,1804
15611,1826,2115,1826
15612,1883,2214,1883
15613,1958,2253,1958
15614,2021,2208,2021
15615,2055,2127,2055
15616,2061,2060,2061
15617,2036,1999,2036
15618,1983,1957,1983
15619,1935,1977,1935
15620,1906,2012,1906
15621,1899,2041,1899
15622,1924,2066,1924
15623,1976,2074,1976
15624,2033,2062,2033
15625,2081,2048,2081
15626,2108,2041,2108
15627,2109,2047,2109
15628,2096,2057,2096
15629,2069,2074,2069
15630,2039,2085,2039
15631,2027,2065,2027
15632,2045,2017,2045
15633,2083,1974,2083
15634,2132,1942,2132
15635,2164,1972,2164
15636,2176,2017,2176
15637,2162,2086,2162
15638,2114,2187,2114
15639,2048,2251,2048
15640,1985,2251,1985
15641,1939,2203,1939
15642,1922,2107,1922
15643,1938,1990,1938
15644,1974,1914,1974
15645,2014,1895,2014
15646,2039,1951,2039
15647,2051,2000,2051
15648,2043,2079,2043
15649,2015,2159,2015
15650,1971,2223,1971
15651,1926,2227,1926
15652,1893,2178,1893
15653,1877,2110,1877
15654,1882,2028,1882
15655,1909,1945,1909
15656,1951,1891,1951
15657,1981,1939,1981
15658,1995,1998,1995
15659,1988,2071,1988
15660,1966,2119,1966
15661,1922,2183,1922
15662,1873,2190,1873
15663,1827,2173,1827
15664,1804,2106,1804
15665,1808,2038,1808
15666,1842,1975,1842
15667,1909,1918,1909
15668,1953,1973,1953
15669,1988,1996,1988
15670,1985,2051,1985
15671,1953,2079,1953
15672,1901,2086,1901
15673,1836,2080,1836
15674,1778,2062,1778
15675,1725,2048,1725
15676,1684,2037,1684
15677,1678,2044,1678
15678,1683,2051,1683
15679,1709,2073,1709
15680,1731,2075,1731
15681,1754,2081,1754
15682,1767,2070,1767
15683,1765,2044,1765
15684,1757,2030,1757
15685,1748,2026,1748
15686,1735,2014,1735
15687,1725,2020,1725
15688,1759,2147,1759
15689,1900,2482,1900
15690,2190,2986,2190
15691,2565,3314,2565
15692,2921,3295,2921
15693,3155,2894,3155
15694,3247,2390,3247
15695,3204,1884,3204
15696,2971,1145,2971
15697,2641,751,2641
15698,2311,738,2311
15699,2083,1137,2083
15700,2010,1756,2010
15701,2071,2291,2071
15702,2292,2925,2292
15703,2512,2912,2512
15704,2633,2516,2633
15705,2615,1979,2615
15706,2415,1304,2415
15707,2133,1027,2133
15708,1877,1150,1877
15709,1723,1527,1723
15710,1683,1918,1683
15711,1814,2451,1814
15712,2143,3007,2143
15713,2513,3061,2513
15714,2827,2848,2827
15715,3009,2475,3009
15716,3047,2129,3047
15717,2978,1915,2978
15718,2751,1661,2751
15719,2503,1682,2503
15720,2306,1804,2306
15721,2200,1942,2200
15722,2161,2018,2161
15723,2197,2066,2197
15724,2303,2074,2303
15725,2408,2048,2408
15726,2445,2038,2445
15727,2403,2069,2403
15728,2241,2169,2241
15729,2035,2252,2035
15730,1831,2300,1831
15731,1669,2286,1669
15732,1574,2209,1574
15733,1547,2100,1547
15734,1574,1990,1574
15735,1674,1812,1674
15736,1788,1757,1788
15737,1878,1801,1878
15738,1920,1925,1920
15739,1907,2088,1907
15740,1850,2232,1850
15741,1764,2338,1764
15742,1701,2268,1701
15743,1666,2174,1666
15744,1670,2033,1670
15745,1715,1876,1715
15746,1795,1738,1795
15747,1875,1733,1875
15748,1932,1821,1932
15749,1951,1972,1951
15750,1933,2119,1933
15751,1873,2287,1873
15752,1807,2309,1807
15753,1764,2216,1764
15754,1750,2102,1750
15755,1771,1968,1771
15756,1824,1850,1824
15757,1903,1762,1903
15758,1981,1774,1981
15759,2051,1811,2051
15760,2091,1918,2091
15761,2102,2014,2102
15762,2093,2074,2093
15763,2068,2116,2068
15764,2056,2078,2056
15765,2056,2048,2056
15766,2085,1985,2085
15767,2129,1963,2129
15768,2164,1988,2164
15769,2192,2006,2192
15770,2206,2030,2206
15771,2211,2043,2211
15772,2209,2049,2209
15773,2209,2048,2209
15774,2215,2046,2215
15775,2267,2048,2267
15776,2317,2060,2317
15777,2361,2070,2361
15778,2389,2068,2389
15779,2390,2048,2390
15780,2363,2014,2363
15781,2319,1983,2319
15782,2278,1978,2278
15783,2271,2034,2271
15784,2307,2125,2307
15785,2387,2236,2387
15786,2447,2200,2447
15787,2481,2141,2481
15788,2468,2010,2468
15789,2385,1792,2385
15790,2253,1620,2253
15791,2114,1578,2114
15792,2022,1725,2022
15793,1977,1885,1977
15794,1980,2059,1980
15795,2048,2306,2048
15796,2140,2404,2140
15797,2206,2307,2206
15798,2233,2155,2233
15799,2215,1976,2215
15800,2153,1800,2153
15801,2066,1700,2066
15802,1993,1758,1993
15803,1949,1875,1949
15804,1940,2013,1940
15805,1962,2131,1962
15806,2006,2211,2006
15807,2045,2189,2045
15808,2068,2128,2068
15809,2065,2037,2065
15810,2047,1989,2047
15811,2010,1933,2010
15812,1969,1928,1969
15813,1933,1949,1933
15814,1908,1984,1908
15815,1892,2010,1892
15816,1877,2015,1877
15817,1875,2044,1875
15818,1873,2044,1873
15819,1895,2080,1895
15820,1909,2065,1909
15821,1924,2062,1924
15822,1939,2059,1939
15823,1951,2054,1951
15824,1961,2050,1961
15825,1967,2048,1967
15826,1974,2046,1974
15827,1972,2049,1972
15828,1967,2051,1967
15829,1966,2048,1966
15830,1973,2039,1973
15831,1985,2030,1985
15832,1983,2051,1983
15833,1991,2032,1991
15834,1983,2065,1983
15835,1987,2038,1987
15836,1987,2048,1987
15837,1993,2031,1993
15838,2012,1992,2012
15839,2030,1992,2030
15840,2054,1970,2054
15841,2070,1993,2070
15842,2079,2016,2079
15843,2083,2033,2083
15844,2074,2081,2074
15845,2061,2097,2061
15846,2053,2078,2053
15847,2058,2028,2058
15848,2068,2008,2068
15849,2087,1972,2087
15850,2095,2016,2095
15851,2094,2051,2094
15852,2077,2115,2077
15853,2036,2209,2036
15854,1985,2245,1985
15855,1933,2245,1933
15856,1901,2167,1901
15857,1890,2087,1890
15858,1895,2030,1895
15859,1922,1956,1922
15860,1961,1921,1961
15861,1998,1933,1998
15862,2025,1969,2025
15863,2038,2012,2038
15864,2031,2065,2031
15865,2009,2099,2009
15866,1979,2112,1979
15867,1957,2090,1957
15868,1940,2076,1940
15869,1931,2061,1931
15870,1930,2049,1930
15871,1933,2045,1933
15872,1932,2048,1932
15873,1923,2052,1923
15874,1897,2054,1897
15875,1861,2048,1861
15876,1826,2039,1826
15877,1801,2035,1801
15878,1801,2048,1801
15879,1821,2067,1821
15880,1859,2094,1859
15881,1914,2128,1914
15882,1952,2112,1952
15883,1977,2096,1977
15884,1981,2056,1981
15885,1974,2031,1974
15886,1953,1994,1953
15887,1922,1963,1922
15888,1889,1951,1889
15889,1865,1974,1865
15890,1849,1996,1849
15891,1839,2014,1839
15892,1815,1963,1815
15893,1791,1961,1791
15894,1760,1932,1760
15895,1742,1979,1742
15896,1722,1970,1722
15897,1716,2024,1716
15898,1711,2028,1711
15899,1699,2000,1699
15900,1689,2008,1689
15901,1677,2000,1677
15902,1722,2226,1722
15903,1907,2774,1907
15904,2216,3245,2216
15905,2600,3508,2600
15906,2921,3241,2921
15907,3138,2833,3138
15908,3195,2247,3195
15909,3133,1838,3133
15910,2875,1213,2875
15911,2537,1006,2537
15912,2247,1202,2247
15913,2085,1604,2085
15914,2051,1961,2051
15915,2169,2325,2169
15916,2393,2528,2393
15917,2569,2387,2569
15918,2623,2139,2623
15919,2548,1937,2548
15920,2301,1742,2301
15921,2008,1756,2008
15922,1783,1879,1783
15923,1656,1984,1656
15924,1660,2049,1660
15925,1859,2048,1859
15926,2201,1962,2201
15927,2539,1878,2539
15928,2816,1840,2816
15929,2957,1907,2957
15930,2984,2014,2984
15931,2889,2187,2889
15932,2665,2429,2665
15933,2432,2496,2432
15934,2266,2403,2266
15935,2174,2264,2174
15936,2159,2086,2159
15937,2219,1883,2219
15938,2339,1698,2339
15939,2430,1767,2430
15940,2454,1970,2454
15941,2391,2260,2391
15942,2223,2636,2223
15943,2009,2822,2009
15944,1808,2795,1808
15945,1657,2622,1657
15946,1591,2303,1591
15947,1588,2059,1588
15948,1653,1790,1653
15949,1768,1588,1768
15950,1884,1584,1884
15951,1948,1792,1948
15952,1961,1996,1961
15953,1896,2303,1896
15954,1791,2454,1791
15955,1702,2386,1702
15956,1645,2259,1645
15957,1629,2105,1629
15958,1671,1900,1671
15959,1770,1713,1770
15960,1866,1737,1866
15961,1941,1816,1941
15962,1974,1951,1974
15963,1973,2050,1973
15964,1930,2157,1930
15965,1856,2221,1856
15966,1797,2174,1797
15967,1779,2082,1779
15968,1800,2012,1800
15969,1869,1946,1869
15970,1954,1942,1954
15971,2042,1960,2042
15972,2101,2003,2101
15973,2127,2034,2127
15974,2121,2049,2121
15975,2096,2048,2096
15976,2054,2037,2054
15977,2023,2032,2023
15978,2007,2036,2007
15979,2030,2070,2030
15980,2086,2117,2086
15981,2153,2146,2153
15982,2197,2122,2197
15983,2222,2096,2222
15984,2225,2054,2225
15985,2209,2010,2209
15986,2175,1961,2175
15987,2135,1938,2135
15988,2117,1995,2117
15989,2132,2094,2132
15990,2182,2209,2182
15991,2265,2328,2265
15992,2352,2352,2352
15993,2415,2276,2415
15994,2440,2140,2440
15995,2424,1987,2424
15996,2385,1896,2385
15997,2337,1859,2337
15998,2315,1960,2315
15999,2309,2024,2309
16000,2301,2016,2301
16001,2315,2103,2315
16002,2316,2051,2316
16003,2290,1945,2290
16004,2240,1854,2240
16005,2166,1766,2166
16006,2083,1739,2083
16007,2025,1838,2025
16008,1994,1939,1994
16009,2014,2115,2014
16010,2053,2174,2053
16011,2102,2199,2102
16012,2117,2091,2117
16013,2120,2056,2120
16014,2101,1999,2101
16015,2071,1977,2071
16016,2034,1968,2034
16017,2017,2015,2017
16018,2014,2042,2014
16019,2029,2070,2029
16020,2051,2075,2051
16021,2063,2059,2063
16022,2067,2050,2067
16023,2048,2038,2048
16024,2015,2039,2015
16025,1975,2048,1975
16026,1941,2056,1941
16027,1919,2059,1919
16028,1909,2055,1909
16029,1911,2046,1911
16030,1921,2035,1921
16031,1934,2028,1934
16032,1937,2042,1937
16033,1941,2040,1941
16034,1939,2052,1939
16035,1938,2050,1938
16036,1942,2037,1942
16037,1948,2031,1948
16038,1966,1995,1966
16039,1985,1989,1985
16040,2000,1999,2000
16041,2014,2000,2014
16042,2019,2030,2019
16043,2023,2033,2023
16044,2025,2040,2025
16045,2022,2059,2022
16046,2007,2106,2007
16047,1994,2099,1994
16048,1981,2099,1981
16049,1976,2067,1976
16050,1983,2020,1983
16051,2000,1980,2000
16052,2021,1964,2021
16053,2042,1965,2042
16054,2057,1989,2057
16055,2068,2006,2068
16056,2063,2066,2063
16057,2055,2076,2055
16058,2043,2090,2043
16059,2034,2078,2034
16060,2035,2044,2035
16061,2048,2007,2048
16062,2070,1983,2070
16063,2085,2006,2085
16064,2085,2048,2085
16065,2074,2073,2074
16066,2050,2099,2050
16067,2016,2113,2016
16068,1984,2102,1984
16069,1960,2083,1960
16070,1949,2061,1949
16071,1949,2048,1949
16072,1955,2043,1955
16073,1965,2042,1965
16074,1963,2048,1963
16075,1953,2048,1953
16076,1936,2043,1936
16077,1918,2038,1918
16078,1908,2040,1908
16079,1911,2050,1911
16080,1925,2065,1925
16081,1951,2086,1951
16082,1978,2093,1978
16083,2004,2098,2004
16084,2021,2084,2021
16085,2023,2052,2023
16086,2007,2007,2007
16087,1973,1954,1973
16088,1933,1931,1933
16089,1890,1915,1890
16090,1855,1934,1855
16091,1833,1973,1833
16092,1836,2058,1836
16093,1849,2095,1849
16094,1873,2137,1873
16095,1896,2135,1896
16096,1913,2113,1913
16097,1919,2071,1919
16098,1919,2048,1919
16099,1908,2004,1908
16100,1897,2004,1897
16101,1896,2044,1896
16102,1910,2103,1910
16103,1937,2154,1937
16104,1962,2144,1962
16105,1967,2067,1967
16106,1951,1988,1951
16107,1905,1881,1905
16108,1841,1823,1841
16109,1784,1855,1784
16110,1741,1908,1741
16111,1704,1933,1704
16112,1683,1986,1683
16113,1675,2026,1675
16114,1678,2055,1678
16115,1692,2080,1692
16116,1703,2071,1703
16117,1753,2144,1753
16118,1885,2272,1885
16119,2141,2424,2141
16120,2461,2443,2461
16121,2771,2356,2771
16122,2975,2200,2975
16123,3077,2099,3077
16124,3057,2042,3057
16125,2909,2048,2909
16126,2651,2112,2651
16127,2359,2194,2359
16128,2163,2194,2163
16129,2075,2135,2075
16130,2094,2024,2094
16131,2238,1835,2238
16132,2413,1749,2413
16133,2504,1872,2504
16134,2491,2075,2491
16135,2353,2372,2353
16136,2133,2608,2133
16137,1921,2628,1921
16138,1788,2435,1788
16139,1740,2195,1740
16140,1828,1763,1828
16141,2093,1153,2093
16142,2433,856,2433
16143,2727,983,2727
16144,2935,1274,2935
16145,3014,1747,3014
16146,2987,2152,2987
16147,2813,2731,2813
16148,2559,3055,2559
16149,2328,2970,2328
16150,2178,2647,2178
16151,2095,2379,2095
16152,2083,2095,2083
16153,2169,1710,2169
16154,2287,1590,2287
16155,2361,1766,2361
16156,2357,2062,2357
16157,2253,2424,2253
16158,2075,2671,2075
16159,1890,2672,1890
16160,1717,2607,1717
16161,1608,2383,1608
16162,1573,2150,1573
16163,1620,1919,1620
16164,1739,1744,1739
16165,1882,1711,1882
16166,1986,1825,1986
16167,2036,1951,2036
16168,2019,2076,2019
16169,1930,2179,1930
16170,1811,2195,1811
16171,1723,2135,1723
16172,1667,2089,1667
16173,1654,2054,1654
16174,1679,2041,1679
16175,1765,2048,1765
16176,1863,2072,1863
16177,1934,2083,1934
16178,1958,2065,1958
16179,1941,2031,1941
16180,1889,1983,1889
16181,1823,1950,1823
16182,1769,1956,1769
16183,1751,2013,1751
16184,1779,2108,1779
16185,1849,2212,1849
16186,1944,2290,1944
16187,2031,2286,2031
16188,2103,2257,2103
16189,2137,2152,2137
16190,2139,2054,2139
16191,2112,1956,2112
16192,2067,1890,2067
16193,2030,1914,2030
16194,2004,1951,2004
16195,2003,2044,2003
16196,2030,2152,2030
16197,2070,2205,2070
16198,2113,2218,2113
16199,2151,2199,2151
16200,2175,2143,2175
16201,2186,2091,2186
16202,2185,2044,2185
16203,2175,2008,2175
16204,2171,2032,2171
16205,2189,2116,2189
16206,2219,2159,2219
16207,2258,2189,2258
16208,2295,2177,2295
16209,2331,2169,2331
16210,2351,2112,2351
16211,2372,2112,2372
16212,2387,2091,2387
16213,2401,2086,2401
16214,2414,2081,2414
16215,2417,2055,2417
16216,2409,2030,2409
16217,2385,2001,2385
16218,2342,1974,2342
16219,2265,1934,2265
16220,2182,1945,2182
16221,2112,1978,2112
16222,2065,2012,2065
16223,2039,2034,2039
16224,2022,2043,2022
16225,2029,2048,2029
16226,2056,2041,2056
16227,2080,2035,2080
16228,2093,2038,2093
16229,2098,2043,2098
16230,2093,2054,2093
16231,2076,2073,2076
16232,2060,2075,2060
16233,2049,2069,2049
16234,2054,2037,2054
16235,2071,2008,2071
16236,2093,1991,2093
16237,2109,2004,2109
16238,2123,2007,2123
16239,2119,2060,2119
16240,2099,2112,2099
16241,2063,2169,2063
16242,2015,2216,2015
16243,1977,2185,1977
16244,1941,2181,1941
16245,1919,2131,1919
16246,1912,2075,1912
16247,1929,1981,1929
16248,1947,1976,1947
16249,1975,1936,1975
16250,2001,1944,2001
16251,2026,1948,2026
16252,2030,2032,2030
16253,2028,2055,2028
16254,2023,2067,2023
16255,2018,2067,2018
16256,2026,2018,2026
16257,2041,1993,2041
16258,2064,1967,2064
16259,2078,2000,2078
16260,2085,2025,2085
16261,2074,2081,2074
16262,2049,2120,2049
16263,2011,2152,2011
16264,1980,2127,1980
16265,1953,2111,1953
16266,1939,2078,1939
16267,1939,2048,1939
16268,1959,2013,1959
16269,1986,2008,1986
16270,2007,2022,2007
16271,2027,2028,2027
16272,2035,2042,2035
16273,2031,2050,2031
16274,2022,2050,2022
16275,2010,2048,2010
16276,2006,2046,2006
16277,2012,2051,2012
16278,2029,2060,2029
16279,2050,2068,2050
16280,2067,2069,2067
16281,2071,2053,2071
16282,2063,2034,2063
16283,2035,1994,2035
16284,2000,1972,2000
16285,1959,1951,1959
16286,1924,1958,1924
16287,1896,1971,1896
16288,1884,2013,1884
16289,1883,2044,1883
16290,1895,2086,1895
16291,1909,2095,1909
16292,1920,2086,1920
16293,1929,2080,1929
16294,1939,2085,1939
16295,1945,2070,1945
16296,1957,2094,1957
16297,1972,2106,1972
16298,1991,2123,1991
16299,2009,2119,2009
16300,2021,2095,2021
16301,2023,2055,2023
16302,2018,2028,2018
16303,2010,2016,2010
16304,1999,2005,1999
16305,1990,2013,1990
16306,1979,2007,1979
16307,1967,2004,1967
16308,1946,1974,1946
16309,1914,1939,1914
16310,1874,1918,1874
16311,1836,1930,1836
16312,1817,1992,1817
16313,1818,2050,1818
16314,1849,2127,1849
16315,1894,2153,1894
16316,1937,2140,1937
16317,1972,2115,1972
16318,1989,2076,1989
16319,1985,2042,1985
16320,1964,2022,1964
16321,1931,2015,1931
16322,1908,2030,1908
16323,1900,2043,1900
16324,1911,2050,1911
16325,1938,2048,1938
16326,1961,2042,1961
16327,1971,2042,1971
16328,1955,2059,1955
16329,1909,2093,1909
16330,1837,2136,1837
16331,1766,2152,1766
16332,1692,2174,1692
16333,1657,2115,1657
16334,1645,2073,1645
16335,1700,1918,1700
16336,1879,1591,1879
16337,2171,1248,2171
16338,2491,1114,2491
16339,2770,1188,2770
16340,2932,1523,2932
16341,2984,1872,2984
16342,2939,2205,2939
16343,2743,2757,2743
16344,2468,3070,2468
16345,2217,3002,2217
16346,2058,2664,2058
16347,2020,2197,2020
16348,2089,1774,2089
16349,2283,1273,2283
16350,2468,1308,2468
16351,2566,1656,2566
16352,2551,2107,2551
16353,2399,2645,2399
16354,2165,2954,2165
16355,1942,2896,1942
16356,1780,2650,1780
16357,1725,2247,1725
16358,1800,1785,1800
16359,2059,1173,2059
16360,2387,986,2387
16361,2687,1123,2687
16362,2893,1447,2893
16363,2967,1845,2967
16364,2929,2144,2929
16365,2725,2527,2725
16366,2453,2630,2453
16367,2197,2541,2197
16368,2015,2357,2015
16369,1920,2187,1920
16370,1923,2044,1923
16371,2043,1928,2043
16372,2223,1913,2223
16373,2347,1985,2347
16374,2399,2034,2399
16375,2383,2048,2383
16376,2243,2012,2243
16377,2039,1945,2039
16378,1829,1890,1829
16379,1678,1897,1678
16380,1603,1955,1603
16381,1608,2055,1608
16382,1701,2206,1701
16383,1862,2358,1862
16384,2013,2371,2013
16385,2100,2252,2100
16386,2109,2070,2109
16387,2054,1897,2054
16388,1935,1701,1935
16389,1799,1628,1799
16390,1686,1682,1686
16391,1623,1835,1623
16392,1614,2016,1614
16393,1670,2250,1670
16394,1779,2453,1779
16395,1879,2428,1879
16396,1948,2315,1948
16397,1967,2122,1967
16398,1946,1964,1946
16399,1885,1804,1885
16400,1824,1804,1824
16401,1785,1892,1785
16402,1770,1988,1770
16403,1788,2118,1788
16404,1853,2299,1853
16405,1955,2436,1955
16406,2049,2397,2049
16407,2117,2294,2117
16408,2151,2167,2151
16409,2160,2078,2160
16410,2146,2002,2146
16411,2114,1949,2114
16412,2079,1945,2079
16413,2055,1982,2055
16414,2045,2022,2045
16415,2054,2069,2054
16416,2078,2099,2078
16417,2119,2127,2119
16418,2157,2112,2157
16419,2182,2084,2182
16420,2193,2061,2193
16421,2201,2055,2201
16422,2211,2055,2211
16423,2214,2049,2214
16424,2214,2048,2214
16425,2211,2048,2211
16426,2215,2046,2215
16427,2226,2042,2226
16428,2247,2032,2247
16429,2277,2018,2277
16430,2330,1982,2330
16431,2385,1967,2385
16432,2439,1956,2439
16433,2469,1990,2469
16434,2471,2043,2471
16435,2429,2146,2429
16436,2331,2297,2331
16437,2212,2373,2212
16438,2101,2371,2101
16439,2037,2245,2037
16440,2004,2154,2004
16441,2013,2017,2013
16442,2065,1865,2065
16443,2142,1769,2142
16444,2200,1832,2200
16445,2222,1964,2222
16446,2205,2113,2205
16447,2143,2291,2143
16448,2061,2373,2061
16449,1989,2335,1989
16450,1941,2239,1941
16451,1948,2020,1948
16452,2005,1821,2005
16453,2092,1706,2092
16454,2179,1710,2179
16455,2231,1850,2231
16456,2238,2021,2238
16457,2205,2167,2205
16458,2112,2373,2112
16459,1995,2443,1995
16460,1890,2387,1890
16461,1829,2235,1829
16462,1805,2117,1805
16463,1823,1998,1823
16464,1885,1889,1885
16465,1964,1862,1964
16466,2033,1900,2033
16467,2069,1978,2069
16468,2080,2029,2080
16469,2066,2068,2066
16470,2037,2083,2037
16471,2006,2078,2006
16472,1986,2062,1986
16473,1995,2043,1995
16474,2026,2040,2026
16475,2067,2048,2067
16476,2105,2057,2105
16477,2123,2057,2123
16478,2116,2042,2116
16479,2074,2006,2074
16480,2005,1962,2005
16481,1935,1944,1935
16482,1881,1956,1881
16483,1856,1999,1856
16484,1862,2060,1862
16485,1907,2153,1907
16486,1971,2211,1971
16487,2029,2206,2029
16488,2069,2164,2069
16489,2085,2097,2085
16490,2081,2035,2081
16491,2057,1966,2057
16492,2019,1914,2019
16493,1991,1946,1991
16494,1974,1984,1974
16495,1981,2074,1981
16496,2007,2148,2007
16497,2047,2205,2047
16498,2086,2202,2086
16499,2106,2127,2106
16500,2109,2059,2109
16501,2084,1948,2084
16502,2038,1865,2038
16503,1983,1831,1983
16504,1928,1834,1928
16505,1885,1884,1885
16506,1867,1981,1867
16507,1868,2051,1868
16508,1891,2128,1891
16509,1931,2183,1931
16510,1972,2180,1972
16511,2009,2162,2009
16512,2020,2080,2020
16513,2024,2058,2024
16514,2009,2009,2009
16515,1989,2000,1989
16516,1970,2007,1970
16517,1959,2026,1959
16518,1959,2048,1959
16519,1959,2048,1959
16520,1965,2055,1965
16521,1967,2049,1967
16522,1967,2048,1967
16523,1962,2045,1962
16524,1959,2047,1959
16525,1959,2048,1959
16526,1961,2047,1961
16527,1964,2046,1964
16528,1959,2051,1959
16529,1945,2061,1945
16530,1932,2064,1932
16531,1919,2067,1919
16532,1919,2048,1919
16533,1937,2013,1937
16534,1973,1970,1973
16535,2020,1937,2020
16536,2060,1946,2060
16537,2082,1987,2082
16538,2069,2085,2069
16539,2045,2121,2045
16540,1982,2251,1982
16541,1913,2281,1913
16542,1849,2272,1849
16543,1814,2174,1814
16544,1800,2100,1800
16545,1806,2025,1806
16546,1827,1966,1827
16547,1838,2004,1838
16548,1837,2051,1837
16549,1825,2095,1825
16550,1801,2143,1801
16551,1776,2147,1776
16552,1759,2115,1759
16553,1762,2036,1762
16554,1810,1862,1810
16555,1934,1576,1934
16556,2146,1259,2146
16557,2396,1143,2396
16558,2623,1252,2623
16559,2786,1497,2786
16560,2860,1808,2860
16561,2856,2060,2856
16562,2748,2362,2748
16563,2529,2647,2529
16564,2284,2672,2284
16565,2091,2501,2091
16566,1974,2298,1974
16567,1955,2084,1955
16568,2037,1908,2037
16569,2195,1815,2195
16570,2332,1878,2332
16571,2400,1980,2400
16572,2400,2048,2400
16573,2321,2087,2321
16574,2170,2085,2170
16575,2015,2048,2015
16576,1905,2020,1905
16577,1875,2032,1875
16578,1953,2106,1953
16579,2153,2246,2153
16580,2404,2358,2404
16581,2629,2379,2629
16582,2781,2306,2781
16583,2845,2171,2845
16584,2816,1985,2816
16585,2655,1669,2655
16586,2431,1476,2431
16587,2199,1412,2199
16588,2028,1549,2028
16589,1936,1764,1936
16590,1925,2012,1925
16591,2008,2328,2008
16592,2148,2538,2148
16593,2271,2493,2271
16594,2343,2315,2343
16595,2353,2086,2353
16596,2296,1827,2296
16597,2150,1474,2150
16598,1976,1357,1976
16599,1820,1425,1820
16600,1716,1632,1716
16601,1669,1860,1669
16602,1682,2099,1682
16603,1753,2326,1753
16604,1866,2485,1866
16605,1958,2397,1958
16606,2021,2282,2021
16607,2044,2131,2044
16608,2031,2002,2031
16609,1975,1858,1975
16610,1887,1763,1887
16611,1802,1786,1802
16612,1736,1855,1736
16613,1698,1943,1698
16614,1689,2025,1689
16615,1707,2090,1707
16616,1758,2157,1758
16617,1832,2190,1832
16618,1905,2172,1905
16619,1967,2139,1967
16620,2013,2104,2013
16621,2039,2073,2039
16622,2048,2054,2048
16623,2044,2045,2044
16624,2025,2043,2025
16625,2004,2048,2004
16626,1988,2052,1988
16627,1981,2051,1981
16628,1995,2037,1995
16629,2031,2012,2031
16630,2085,1981,2085
16631,2135,1974,2135
16632,2167,1993,2167
16633,2175,2032,2175
16634,2156,2088,2156
16635,2110,2156,2110
16636,2053,2193,2053
16637,2005,2179,2005
16638,1973,2141,1973
16639,1969,2060,1969
16640,2007,1925,2007
16641,2088,1774,2088
16642,2184,1711,2184
16643,2275,1718,2275
16644,2347,1780,2347
16645,2392,1876,2392
16646,2405,1997,2405
16647,2386,2122,2386
16648,2344,2214,2344
16649,2293,2251,2293
16650,2254,2203,2254
16651,2231,2139,2231
16652,2231,2048,2231
16653,2253,1961,2253
16654,2303,1854,2303
16655,2350,1869,2350
16656,2361,2007,2361
16657,2348,2095,2348
16658,2308,2188,2308
16659,2231,2308,2231
16660,2140,2342,2140
16661,2063,2285,2063
16662,2012,2196,2012
16663,1989,2110,1989
16664,1998,2025,1998
16665,2038,1953,2038
16666,2101,1912,2101
16667,2155,1943,2155
16668,2197,1976,2197
16669,2205,2036,2205
16670,2190,2066,2190
16671,2155,2082,2155
16672,2107,2083,2107
16673,2055,2074,2055
16674,2005,2060,2005
16675,1975,2048,1975
16676,1961,2044,1961
16677,1967,2051,1967
16678,1983,2059,1983
16679,2011,2075,2011
16680,2031,2072,2031
16681,2040,2061,2040
16682,2046,2058,2046
16683,2033,2022,2033
16684,2009,1996,2009
16685,1970,1956,1970
16686,1929,1943,1929
16687,1903,1976,1903
16688,1893,2018,1893
16689,1913,2109,1913
16690,1951,2170,1951
16691,2010,2247,2010
16692,2062,2230,2062
16693,2100,2185,2100
16694,2109,2081,2109
16695,2096,1998,2096
16696,2050,1869,2050
16697,1985,1792,1985
16698,1919,1786,1919
16699,1870,1852,1870
16700,1841,1932,1841
16701,1846,2067,1846
16702,1881,2186,1881
16703,1938,2271,1938
16704,1997,2276,1997
16705,2039,2207,2039
16706,2066,2148,2066
16707,2065,2044,2065
16708,2044,1974,2044
16709,2008,1926,2008
16710,1969,1921,1969
16711,1939,1955,1939
16712,1930,2021,1930
16713,1943,2083,1943
16714,1983,2149,1983
16715,2030,2158,2030
16716,2077,2148,2077
16717,2109,2109,2109
16718,2118,2063,2118
16719,2095,2014,2095
16720,2047,1988,2047
16721,1984,1985,1984
16722,1927,2005,1927
16723,1889,2028,1889
16724,1876,2044,1876
16725,1883,2048,1883
16726,1909,2041,1909
16727,1956,2024,1956
16728,2007,2009,2007
16729,2046,2009,2046
16730,2062,2028,2062
16731,2060,2050,2060
16732,2041,2080,2041
16733,2007,2113,2007
16734,1976,2114,1976
16735,1948,2113,1948
16736,1934,2083,1934
16737,1931,2056,1931
16738,1945,2007,1945
16739,1970,1970,1970
16740,2002,1944,2002
16741,2022,1980,2022
16742,2034,2005,2034
16743,2036,2040,2036
16744,2026,2085,2026
16745,2008,2116,2008
16746,1977,2168,1977
16747,1951,2150,1951
16748,1930,2131,1930
16749,1922,2079,1922
16750,1923,2044,1923
16751,1934,2004,1934
16752,1949,1988,1949
16753,1965,1985,1965
16754,1974,2013,1974
16755,1989,1990,1989
16756,1990,2044,1990
16757,1990,2048,1990
16758,1979,2086,1979
16759,1960,2112,1960
16760,1948,2086,1948
16761,1936,2084,1936
16762,1923,2085,1923
16763,1907,2091,1907
16764,1892,2086,1892
16765,1875,2087,1875
16766,1851,2099,1851
16767,1832,2084,1832
16768,1813,2080,1813
16769,1806,2058,1806
16770,1798,2057,1798
16771,1800,2046,1800
16772,1824,2030,1824
16773,1898,2010,1898
16774,2062,2006,2062
16775,2264,2048,2264
16776,2466,2098,2466
16777,2635,2132,2635
16778,2753,2136,2753
16779,2807,2101,2807
16780,2787,2023,2787
16781,2651,1847,2651
16782,2445,1697,2445
16783,2219,1612,2219
16784,2061,1709,2061
16785,1957,1803,1957
16786,1935,1991,1935
16787,1977,2163,1977
16788,2085,2362,2085
16789,2186,2359,2186
16790,2267,2310,2267
16791,2301,2162,2301
16792,2288,2002,2288
16793,2231,1841,2231
16794,2150,1746,2150
16795,2089,1815,2089
16796,2073,1986,2073
16797,2129,2268,2129
16798,2255,2548,2255
16799,2411,2670,2411
16800,2566,2667,2566
16801,2677,2491,2677
16802,2721,2222,2721
16803,2707,1992,2707
16804,2615,1691,2615
16805,2466,1481,2466
16806,2285,1374,2285
16807,2127,1476,2127
16808,2021,1676,2021
16809,1971,1879,1971
16810,1960,2012,1960
16811,1995,2155,1995
16812,2053,2217,2053
16813,2123,2239,2123
16814,2175,2180,2175
16815,2183,2066,2183
16816,2166,2011,2166
16817,2104,1928,2104
16818,2015,1896,2015
16819,1919,1906,1919
16820,1843,1954,1843
16821,1799,2004,1799
16822,1775,2030,1775
16823,1777,2049,1777
16824,1799,2053,1799
16825,1845,2048,1845
16826,1905,2032,1905
16827,1957,2021,1957
16828,1986,2026,1986
16829,1991,2043,1991
16830,1974,2069,1974
16831,1930,2112,1930
16832,1866,2157,1866
16833,1800,2175,1800
16834,1756,2142,1756
16835,1723,2125,1723
16836,1729,2032,1729
16837,1760,1963,1760
16838,1836,1826,1836
16839,1934,1745,1934
16840,2029,1740,2029
16841,2099,1811,2099
16842,2140,1904,2140
16843,2153,2000,2153
16844,2132,2126,2132
16845,2072,2276,2072
16846,1996,2342,1996
16847,1937,2279,1937
16848,1907,2167,1907
16849,1903,2063,1903
16850,1935,1920,1935
16851,2003,1776,2003
16852,2075,1762,2075
16853,2129,1835,2129
16854,2165,1908,2165
16855,2172,2021,2172
16856,2156,2107,2156
16857,2121,2174,2121
16858,2083,2181,2083
16859,2067,2102,2067
16860,2081,2002,2081
16861,2134,1884,2134
16862,2212,1820,2212
16863,2298,1812,2298
16864,2363,1882,2363
16865,2405,1949,2405
16866,2421,2013,2421
16867,2405,2078,2405
16868,2365,2116,2365
16869,2311,2127,2311
16870,2271,2097,2271
16871,2241,2077,2241
16872,2232,2054,2232
16873,2239,2044,2239
16874,2249,2045,2249
16875,2258,2048,2258
16876,2255,2047,2255
16877,2232,2036,2232
16878,2199,2023,2199
16879,2154,2003,2154
16880,2113,1997,2113
16881,2086,2008,2086
16882,2070,2020,2070
16883,2071,2049,2071
16884,2083,2073,2083
16885,2098,2083,2098
16886,2111,2081,2111
16887,2115,2058,2115
16888,2119,2059,2119
16889,2115,2035,2115
16890,2109,2028,2109
16891,2099,2014,2099
16892,2086,2002,2086
16893,2071,1993,2071
16894,2053,1981,2053
16895,2025,1941,2025
16896,2001,1955,2001
16897,1979,1961,1979
16898,1963,1984,1963
16899,1952,2004,1952
16900,1952,2048,1952
16901,1959,2075,1959
16902,1967,2079,1967
16903,1977,2087,1977
16904,1984,2075,1984
16905,1986,2055,1986
16906,1981,2029,1981
16907,1974,2022,1974
16908,1961,2002,1961
16909,1957,2034,1957
16910,1952,2031,1952
16911,1958,2066,1958
16912,1972,2088,1972
16913,1988,2091,1988
16914,2003,2086,2003
16915,2009,2062,2009
16916,2008,2045,2008
16917,1987,2007,1987
16918,1948,1981,1948
16919,1901,1978,1901
16920,1859,1996,1859
16921,1839,2028,1839
16922,1837,2046,1837
16923,1861,2060,1861
16924,1905,2059,1905
16925,1961,2048,1961
16926,2017,2033,2017
16927,2063,2024,2063
16928,2089,2028,2089
16929,2096,2041,2096
16930,2084,2062,2084
16931,2056,2089,2056
16932,2022,2105,2022
16933,1996,2098,1996
16934,1980,2082,1980
16935,1983,2040,1983
16936,1988,2035,1988
16937,2015,1974,2015
16938,2046,1957,2046
16939,2069,1977,2069
16940,2080,2012,2080
16941,2074,2068,2074
16942,2054,2118,2054
16943,2022,2163,2022
16944,1988,2174,1988
16945,1964,2139,1964
16946,1945,2121,1945
16947,1945,2048,1945
16948,1957,2000,1957
16949,1987,1928,1987
16950,2017,1928,2017
16951,2049,1920,2049
16952,2065,1984,2065
16953,2071,2024,2071
16954,2068,2059,2068
16955,2055,2097,2055
16956,2038,2111,2038
16957,2013,2138,2013
16958,1998,2100,1998
16959,1985,2091,1985
16960,1981,2060,1981
16961,1987,2029,1987
16962,1997,2018,1997
16963,2015,1998,2015
16964,2036,1994,2036
16965,2055,2003,2055
16966,2071,2013,2071
16967,2069,2051,2069
16968,2057,2068,2057
16969,2031,2086,2031
16970,1995,2092,1995
16971,1962,2080,1962
16972,1931,2071,1931
16973,1907,2060,1907
16974,1894,2051,1894
16975,1895,2048,1895
16976,1897,2048,1897
16977,1913,2056,1913
16978,1926,2057,1926
16979,1933,2054,1933
16980,1930,2044,1930
16981,1913,2022,1913
16982,1886,2002,1886
16983,1858,1994,1858
16984,1839,2007,1839
16985,1831,2029,1831
16986,1828,2040,1828
16987,1828,2048,1828
16988,1847,2103,1847
16989,1867,2109,1867
16990,1894,2135,1894
16991,1919,2132,1919
16992,1952,2163,1952
16993,2027,2319,2027
16994,2145,2486,2145
16995,2286,2584,2286
16996,2423,2578,2423
16997,2527,2456,2527
16998,2599,2333,2599
16999,2623,2143,2623
17000,2580,1876,2580
17001,2461,1572,2461
17002,2285,1349,2285
17003,2110,1360,2110
17004,1982,1552,1982
17005,1907,1762,1907
17006,1894,1999,1894
17007,1935,2196,1935
17008,2033,2391,2033
17009,2153,2453,2153
17010,2260,2394,2260
17011,2331,2266,2331
17012,2366,2150,2366
17013,2369,2056,2369
17014,2345,1986,2345
17015,2312,1970,2312
17016,2283,1985,2283
17017,2275,2032,2275
17018,2300,2090,2300
17019,2357,2131,2357
17020,2425,2132,2425
17021,2479,2101,2479
17022,2509,2070,2509
17023,2513,2050,2513
17024,2481,2039,2481
17025,2411,2048,2411
17026,2314,2072,2314
17027,2215,2097,2215
17028,2131,2110,2131
17029,2064,2114,2064
17030,2019,2103,2019
17031,1990,2090,1990
17032,1977,2070,1977
17033,1981,2040,1981
17034,1995,2017,1995
17035,2015,2000,2015
17036,2037,1991,2037
17037,2052,2006,2052
17038,2058,2030,2058
17039,2050,2072,2050
17040,2029,2115,2029
17041,1989,2183,1989
17042,1931,2251,1931
17043,1869,2272,1869
17044,1819,2233,1819
17045,1791,2154,1791
17046,1786,2067,1786
17047,1811,1949,1811
17048,1869,1817,1869
17049,1936,1780,1936
17050,1987,1844,1987
17051,2018,1924,2018
17052,2018,2048,2018
17053,1989,2161,1989
17054,1935,2257,1935
17055,1871,2291,1871
17056,1820,2237,1820
17057,1798,2127,1798
17058,1807,2016,1807
17059,1850,1902,1850
17060,1913,1844,1913
17061,1977,1850,1977
17062,2035,1878,2035
17063,2071,1949,2071
17064,2087,2007,2087
17065,2088,2045,2088
17066,2074,2078,2074
17067,2063,2069,2063
17068,2040,2087,2040
17069,2032,2059,2032
17070,2027,2054,2027
17071,2033,2042,2033
17072,2045,2039,2045
17073,2056,2042,2056
17074,2068,2044,2068
17075,2072,2048,2072
17076,2097,2054,2097
17077,2127,2063,2127
17078,2168,2078,2168
17079,2215,2094,2215
17080,2259,2102,2259
17081,2291,2095,2291
17082,2326,2107,2326
17083,2333,2061,2333
17084,2334,2050,2334
17085,2305,1979,2305
17086,2283,1991,2283
17087,2251,1960,2251
17088,2225,1972,2225
17089,2215,2017,2215
17090,2211,2035,2211
17091,2211,2048,2211
17092,2214,2058,2214
17093,2215,2051,2215
17094,2217,2055,2217
17095,2202,1990,2202
17096,2203,2051,2203
17097,2192,2004,2192
17098,2175,1980,2175
17099,2152,1956,2152
17100,2133,1972,2133
17101,2102,1924,2102
17102,2091,2004,2091
17103,2087,2032,2087
17104,2076,2005,2076
17105,2087,2089,2087
17106,2099,2092,2099
17107,2111,2091,2111
17108,2128,2107,2128
17109,2133,2064,2133
17110,2134,2051,2134
17111,2121,2007,2121
17112,2096,1975,2096
17113,2052,1927,2052
17114,1999,1912,1999
17115,1950,1932,1950
17116,1916,1975,1916
17117,1898,2013,1898
17118,1900,2051,1900
17119,1919,2075,1919
17120,1959,2097,1959
17121,1997,2085,1997
17122,2037,2077,2037
17123,2062,2060,2062
17124,2070,2050,2070
17125,2058,2048,2058
17126,2033,2054,2033
17127,2003,2063,2003
17128,1973,2070,1973
17129,1953,2067,1953
17130,1949,2052,1949
17131,1959,2033,1959
17132,1979,2013,1979
17133,1998,2011,1998
17134,2012,2017,2012
17135,2018,2033,2018
17136,2008,2073,2008
17137,1990,2097,1990
17138,1964,2123,1964
17139,1942,2115,1942
17140,1925,2103,1925
17141,1919,2068,1919
17142,1925,2026,1925
17143,1940,1993,1940
17144,1962,1966,1962
17145,1999,1907,1999
17146,2031,1924,2031
17147,2065,1914,2065
17148,2093,1936,2093
17149,2112,1972,2112
17150,2118,2024,2118
17151,2116,2055,2116
17152,2102,2103,2102
17153,2081,2130,2081
17154,2053,2156,2053
17155,2033,2124,2033
17156,2012,2126,2012
17157,1998,2098,1998
17158,1989,2079,1989
17159,1986,2058,1986
17160,1983,2057,1983
17161,1980,2057,1980
17162,1978,2053,1978
17163,1978,2048,1978
17164,1977,2050,1977
17165,1981,2038,1981
17166,1983,2043,1983
17167,1987,2040,1987
17168,1987,2048,1987
17169,1985,2050,1985
17170,1985,2048,1985
17171,1983,2049,1983
17172,1986,2045,1986
17173,1987,2047,1987
17174,1989,2047,1989
17175,1985,2048,1985
17176,1979,2046,1979
17177,1971,2043,1971
17178,1959,2039,1959
17179,1951,2040,1951
17180,1945,2040,1945
17181,1945,2048,1945
17182,1951,2058,1951
17183,1954,2053,1954
17184,1960,2060,1960
17185,1968,2066,1968
17186,1973,2060,1973
17187,1967,2031,1967
17188,1982,2091,1982
17189,1989,2069,1989
17190,1996,2070,1996
17191,2010,2095,2010
17192,2019,2079,2019
17193,2021,2055,2021
17194,2010,2007,2010
17195,1987,1960,1987
17196,1948,1896,1948
17197,1905,1879,1905
17198,1864,1885,1864
17199,1838,1944,1838
17200,1824,1992,1824
17201,1824,2048,1824
17202,1840,2111,1840
17203,1862,2134,1862
17204,1892,2164,1892
17205,1908,2108,1908
17206,1917,2081,1917
17207,1915,2040,1915
17208,1905,2012,1905
17209,1890,1997,1890
17210,1879,2012,1879
17211,1889,2078,1889
17212,1946,2214,1946
17213,2066,2376,2066
17214,2217,2432,2217
17215,2369,2405,2369
17216,2497,2322,2497
17217,2590,2227,2590
17218,2641,2134,2641
17219,2640,2046,2640
17220,2579,1972,2579
17221,2442,1911,2442
17222,2287,1931,2287
17223,2135,1971,2135
17224,2024,2020,2024
17225,1952,2048,1952
17226,1917,2056,1917
17227,1918,2047,1918
17228,1954,2021,1954
17229,2029,1973,2029
17230,2128,1925,2128
17231,2209,1928,2209
17232,2292,1906,2292
17233,2353,1930,2353
17234,2403,1940,2403
17235,2436,1970,2436
17236,2454,2002,2454
17237,2456,2042,2456
17238,2445,2080,2445
17239,2420,2125,2420
17240,2380,2177,2380
17241,2332,2210,2332
17242,2284,2216,2284
17243,2253,2160,2253
17244,2229,2137,2229
17245,2210,2120,2210
17246,2194,2109,2194
17247,2184,2087,2184
17248,2179,2067,2179
17249,2172,2075,2172
17250,2159,2099,2159
17251,2137,2135,2137
17252,2112,2147,2112
17253,2090,2134,2090
17254,2073,2113,2073
17255,2056,2112,2056
17256,2043,2096,2043
17257,2029,2098,2029
17258,2014,2100,2014
17259,2000,2095,2000
17260,1989,2083,1989
17261,1972,2100,1972
17262,1952,2106,1952
17263,1930,2108,1930
17264,1914,2088,1914
17265,1905,2069,1905
17266,1896,2067,1896
17267,1897,2046,1897
17268,1889,2061,1889
17269,1886,2052,1886
17270,1884,2050,1884
17271,1875,2056,1875
17272,1869,2052,1869
17273,1870,2047,1870
17274,1869,2048,1869
17275,1880,2048,1880
17276,1897,2052,1897
17277,1925,2062,1925
17278,1958,2072,1958
17279,1991,2080,1991
17280,2021,2085,2021
17281,2047,2086,2047
17282,2062,2073,2062
17283,2066,2055,2066
17284,2064,2043,2064
17285,2057,2031,2057
17286,2049,2027,2049
17287,2045,2037,2045
17288,2041,2036,2041
17289,2043,2054,2043
17290,2044,2051,2044
17291,2048,2061,2048
17292,2062,2097,2062
17293,2076,2098,2076
17294,2101,2140,2101
17295,2126,2143,2126
17296,2158,2171,2158
17297,2191,2177,2191
17298,2227,2190,2227
17299,2258,2171,2258
17300,2276,2119,2276
17301,2286,2087,2286
17302,2282,2032,2282
17303,2267,1989,2267
17304,2243,1955,2243
17305,2209,1918,2209
17306,2180,1940,2180
17307,2163,1986,2163
17308,2155,2019,2155
17309,2165,2081,2165
17310,2178,2090,2178
17311,2193,2094,2193
17312,2206,2085,2206
17313,2217,2078,2217
17314,2225,2068,2225
17315,2224,2045,2224
17316,2224,2048,2224
17317,2222,2044,2222
17318,2220,2044,2220
17319,2211,2034,2211
17320,2197,2030,2197
17321,2178,2029,2178
17322,2152,2028,2152
17323,2124,2033,2124
17324,2091,2039,2091
17325,2063,2048,2063
17326,2043,2053,2043
17327,2037,2051,2037
17328,2044,2042,2044
17329,2060,2032,2060
17330,2075,2029,2075
17331,2085,2033,2085
17332,2077,2061,2077
17333,2064,2073,2064
17334,2039,2101,2039
17335,2003,2132,2003
17336,1975,2119,1975
17337,1955,2102,1955
17338,1948,2068,1948
17339,1952,2035,1952
17340,1968,1996,1968
17341,1992,1966,1992
17342,2019,1953,2019
17343,2029,2011,2029
17344,2037,2018,2037
17345,2031,2070,2031
17346,2022,2082,2022
17347,2020,2055,2020
17348,2013,2075,2013
17349,2005,2079,2005
17350,2002,2059,2002
17351,1993,2083,1993
17352,1989,2063,1989
17353,1990,2044,1990
17354,1997,2020,1997
17355,2000,2036,2000
17356,2003,2036,2003
17357,2003,2048,2003
17358,2003,2048,2003
17359,2003,2048,2003
17360,2001,2054,2001
17361,2003,2041,2003
17362,2004,2045,2004
17363,2017,2012,2017
17364,2027,2022,2027
17365,2039,2019,2039
17366,2055,2013,2055
17367,2069,2021,2069
17368,2083,2024,2083
17369,2091,2036,2091
17370,2087,2052,2087
17371,2076,2058,2076
17372,2059,2060,2059
17373,2035,2060,2035
17374,2011,2054,2011
17375,1986,2048,1986
17376,1964,2042,1964
17377,1953,2042,1953
17378,1946,2042,1946
17379,1949,2050,1949
17380,1966,2069,1966
17381,1984,2074,1984
17382,2001,2076,2001
17383,2015,2074,2015
17384,2024,2067,2024
17385,2026,2052,2026
17386,2019,2030,2019
17387,2007,2015,2007
17388,2007,2048,2007
17389,1997,2017,1997
17390,1988,2018,1988
17391,1985,2037,1985
17392,1984,2044,1984
17393,1983,2044,1983
17394,1979,2033,1979
17395,1969,2009,1969
17396,1967,2040,1967
17397,1961,2024,1961
17398,1955,2024,1955
17399,1953,2040,1953
17400,1953,2048,1953
17401,1957,2063,1957
17402,1970,2099,1970
17403,1981,2091,1981
17404,1991,2086,1991
17405,1990,2044,1990
17406,1983,2021,1983
17407,1974,2015,1974
17408,1970,2033,1970
17409,1965,2031,1965
17410,1963,2041,1963
17411,1957,2029,1957
17412,1960,2056,1960
17413,1965,2061,1965
17414,1969,2058,1969
17415,1969,2048,1969
17416,1963,2035,1963
17417,1957,2036,1957
17418,1949,2034,1949
17419,1943,2039,1943
17420,1940,2044,1940
17421,1931,2039,1931
17422,1918,2038,1918
17423,1902,2039,1902
17424,1883,2043,1883
17425,1873,2048,1873
17426,1865,2050,1865
17427,1860,2050,1860
17428,1863,2045,1863
17429,1870,2041,1870
17430,1886,2028,1886
17431,1911,2011,1911
17432,1937,2003,1937
17433,1982,1961,1982
17434,2048,1906,2048
17435,2141,1829,2141
17436,2252,1764,2252
17437,2362,1746,2362
17438,2465,1747,2465
17439,2537,1826,2537
17440,2577,1918,2577
17441,2576,2051,2576
17442,2527,2219,2527
17443,2419,2438,2419
17444,2284,2550,2284
17445,2153,2546,2153
17446,2043,2474,2043
17447,1964,2358,1964
17448,1924,2206,1924
17449,1909,2107,1909
17450,1938,1932,1938
17451,1991,1836,1991
17452,2066,1750,2066
17453,2164,1662,2164
17454,2251,1710,2251
17455,2330,1747,2330
17456,2398,1795,2398
17457,2449,1863,2449
17458,2493,1893,2493
17459,2515,1973,2515
17460,2523,2022,2523
17461,2508,2094,2508
17462,2466,2170,2466
17463,2410,2201,2410
17464,2338,2231,2338
17465,2270,2207,2270
17466,2210,2176,2210
17467,2158,2148,2158
17468,2125,2104,2125
17469,2100,2084,2100
17470,2106,2040,2106
17471,2128,2026,2128
17472,2152,2030,2152
17473,2184,2031,2184
17474,2207,2042,2207
17475,2223,2048,2223
17476,2221,2047,2221
17477,2203,2038,2203
17478,2171,2024,2171
17479,2113,1990,2113
17480,2039,1956,2039
17481,1960,1931,1960
17482,1899,1944,1899
17483,1852,1957,1852
17484,1820,1979,1820
17485,1807,2017,1807
17486,1811,2058,1811
17487,1832,2105,1832
17488,1874,2170,1874
17489,1913,2168,1913
17490,1949,2164,1949
17491,1975,2135,1975
17492,1989,2097,1989
17493,1991,2055,1991
17494,1985,2025,1985
17495,1975,2009,1975
17496,1961,1993,1961
17497,1945,1985,1945
17498,1934,2004,1934
17499,1924,2008,1924
17500,1919,2028,1919
17501,1918,2044,1918
17502,1916,2040,1916
17503,1927,2091,1927
17504,1943,2109,1943
17505,1971,2154,1971
17506,2000,2155,2000
17507,2023,2131,2023
17508,2045,2125,2045
17509,2060,2098,2060
17510,2051,2018,2051
17511,2046,2032,2046
17512,2031,2004,2031
17513,2013,1998,2013
17514,2006,2030,2006
17515,2001,2036,2001
17516,2007,2060,2007
17517,2025,2082,2025
17518,2055,2099,2055
17519,2092,2102,2092
17520,2139,2106,2139
17521,2180,2088,2180
17522,2217,2075,2217
17523,2251,2065,2251
17524,2267,2052,2267
17525,2281,2048,2281
17526,2287,2046,2287
17527,2283,2050,2283
17528,2266,2060,2266
17529,2240,2073,2240
17530,2211,2083,2211
17531,2185,2086,2185
17532,2167,2078,2167
17533,2153,2074,2153
17534,2139,2078,2139
17535,2130,2069,2130
17536,2127,2055,2127
17537,2121,2064,2121
17538,2116,2062,2116
17539,2115,2051,2115
17540,2120,2031,2120
17541,2126,2027,2126
17542,2132,2026,2132
17543,2141,2015,2141
17544,2145,2033,2145
17545,2149,2032,2149
17546,2149,2048,2149
17547,2142,2075,2142
17548,2130,2095,2130
17549,2117,2099,2117
17550,2096,2131,2096
17551,2086,2087,2086
17552,2076,2087,2076
17553,2071,2067,2071
17554,2061,2086,2061
17555,2054,2074,2054
17556,2041,2096,2041
17557,2031,2084,2031
17558,2027,2062,2027
17559,2018,2078,2018
17560,2016,2054,2016
17561,2012,2060,2012
17562,2009,2056,2009
17563,2005,2058,2005
17564,1997,2068,1997
17565,1990,2064,1990
17566,1982,2065,1982
17567,1979,2053,1979
17568,1979,2048,1979
17569,1987,2036,1987
17570,2001,2030,2001
17571,2017,2032,2017
17572,2033,2036,2033
17573,2048,2040,2048
17574,2053,2046,2053
17575,2052,2048,2052
17576,2047,2046,2047
17577,2038,2043,2038
17578,2025,2038,2025
17579,2008,2031,2008
17580,1996,2033,1996
17581,1987,2034,1987
17582,1979,2034,1979
17583,1972,2034,1972
17584,1971,2045,1971
17585,1978,2064,1978
17586,1989,2076,1989
17587,2005,2091,2005
17588,2025,2106,2025
17589,2041,2097,2041
17590,2055,2093,2055
17591,2073,2108,2073
17592,2085,2090,2085
17593,2088,2058,2088
17594,2085,2036,2085
17595,2081,2032,2081
17596,2070,2005,2070
17597,2057,1996,2057
17598,2037,1968,2037
17599,2010,1940,2010
17600,1987,1956,1987
17601,1967,1968,1967
17602,1957,2008,1957
17603,1945,2000,1945
17604,1943,2040,1943
17605,1950,2074,1950
17606,1962,2092,1962
17607,1982,2120,1982
17608,1995,2093,1995
17609,2009,2095,2009
17610,2015,2067,2015
17611,2011,2035,2011
17612,2002,2021,2002
17613,1990,2015,1990
17614,1982,2027,1982
17615,1974,2029,1974
17616,1967,2032,1967
17617,1962,2038,1962
17618,1963,2049,1963
17619,1966,2052,1966
17620,1963,2044,1963
17621,1958,2043,1958
17622,1948,2040,1948
17623,1941,2044,1941
17624,1935,2046,1935
17625,1935,2048,1935
17626,1943,2045,1943
17627,1954,2042,1954
17628,1971,2035,1971
17629,1990,2029,1990
17630,1997,2039,1997
17631,1998,2046,1998
17632,1990,2061,1990
17633,1980,2067,1980
17634,1963,2084,1963
17635,1943,2095,1943
17636,1931,2078,1931
17637,1924,2067,1924
17638,1911,2085,1911
17639,1901,2078,1901
17640,1896,2064,1896
17641,1888,2075,1888
17642,1897,2016,1897
17643,1899,2040,1899
17644,1901,2040,1901
17645,1908,2021,1908
17646,1915,2020,1915
17647,1926,2004,1926
17648,1940,1992,1940
17649,1955,1988,1955
17650,1965,2008,1965
17651,1979,1992,1979
17652,1991,2000,1991
17653,2019,1937,2019
17654,2061,1885,2061
17655,2129,1789,2129
17656,2206,1761,2206
17657,2292,1736,2292
17658,2359,1813,2359
17659,2417,1852,2417
17660,2450,1941,2450
17661,2457,2026,2457
17662,2434,2115,2434
17663,2385,2182,2385
17664,2307,2246,2307
17665,2223,2245,2223
17666,2149,2206,2149
17667,2093,2155,2093
17668,2054,2114,2054
17669,2032,2080,2032
17670,2027,2054,2027
17671,2030,2045,2030
17672,2045,2036,2045
17673,2077,2031,2077
17674,2120,2037,2120
17675,2173,2048,2173
17676,2240,2064,2240
17677,2311,2083,2311
17678,2387,2104,2387
17679,2460,2120,2460
17680,2515,2115,2515
17681,2545,2092,2545
17682,2557,2068,2557
17683,2535,2005,2535
17684,2485,1940,2485
17685,2404,1857,2404
17686,2311,1810,2311
17687,2213,1779,2213
17688,2128,1800,2128
17689,2064,1850,2064
17690,2017,1895,2017
17691,1991,1960,1991
17692,1986,2030,1986
17693,2003,2109,2003
17694,2034,2163,2034
17695,2066,2169,2066
17696,2102,2187,2102
17697,2131,2161,2131
17698,2153,2135,2153
17699,2163,2087,2163
17700,2163,2048,2163
17701,2149,1992,2149
17702,2118,1924,2118
17703,2076,1882,2076
17704,2021,1834,2021
17705,1962,1823,1962
17706,1905,1836,1905
17707,1856,1870,1856
17708,1811,1890,1811
17709,1784,1956,1784
17710,1773,2012,1773
17711,1781,2072,1781
17712,1810,2132,1810
17713,1852,2163,1852
17714,1904,2180,1904
17715,1947,2149,1947
17716,1984,2127,1984
17717,2015,2107,2015
17718,2036,2083,2036
17719,2041,2055,2041
17720,2038,2044,2038
17721,2021,2031,2021
17722,1998,2030,1998
17723,1973,2035,1973
17724,1947,2041,1947
17725,1935,2048,1935
17726,1918,2052,1918
17727,1921,2046,1921
17728,1927,2043,1927
17729,1937,2038,1937
17730,1957,2023,1957
17731,1981,2012,1981
17732,2014,1991,2014
17733,2051,1976,2051
17734,2084,1977,2084
17735,2121,1961,2121
17736,2154,1963,2154
17737,2177,1985,2177
17738,2191,2007,2191
17739,2198,2026,2198
17740,2198,2048,2198
17741,2193,2064,2193
17742,2180,2093,2180
17743,2163,2109,2163
17744,2150,2096,2150
17745,2138,2093,2138
17746,2130,2078,2130
17747,2130,2048,2130
17748,2136,2024,2136
17749,2151,1988,2151
17750,2170,1972,2170
17751,2186,1984,2186
17752,2202,1984,2202
17753,2218,1985,2218
17754,2236,1978,2236
17755,2249,1998,2249
17756,2253,2033,2253
17757,2251,2055,2251
17758,2245,2069,2245
17759,2228,2105,2228
17760,2205,2122,2205
17761,2179,2128,2179
17762,2149,2135,2149
17763,2126,2110,2126
17764,2099,2116,2099
17765,2077,2099,2077
17766,2063,2078,2063
17767,2058,2057,2058
17768,2064,2037,2064
17769,2080,2024,2080
17770,2096,2028,2096
17771,2106,2038,2106
17772,2123,2035,2123
17773,2130,2044,2130
17774,2127,2048,2127
17775,2116,2048,2116
17776,2101,2044,2101
17777,2073,2033,2073
17778,2046,2027,2046
17779,2023,2025,2023
17780,2010,2031,2010
17781,1999,2031,1999
17782,1991,2034,1991
17783,1984,2034,1984
17784,1979,2037,1979
17785,1981,2052,1981
17786,1987,2063,1987
17787,1993,2064,1993
17788,1996,2056,1996
17789,1999,2057,1999
17790,2007,2073,2007
17791,2013,2068,2013
17792,2023,2083,2023
17793,2031,2076,2031
17794,2036,2066,2036
17795,2035,2044,2035
17796,2034,2044,2034
17797,2023,2004,2023
17798,2011,2000,2011
17799,1990,1964,1990
17800,1974,1984,1974
17801,1960,1992,1960
17802,1955,2028,1955
17803,1941,1992,1941
17804,1940,2044,1940
17805,1957,2112,1957
17806,1979,2129,1979
17807,2004,2138,2004
17808,2030,2139,2030
17809,2046,2102,2046
17810,2058,2086,2058
17811,2066,2072,2066
17812,2069,2056,2069
17813,2070,2050,2070
17814,2074,2058,2074
17815,2061,2017,2061
17816,2055,2035,2055
17817,2055,2048,2055
17818,2042,2025,2042
17819,2037,2040,2037
17820,2033,2043,2033
17821,2018,2033,2018
17822,2001,2035,2001
17823,1999,2046,1999
17824,1990,2045,1990
17825,1989,2048,1989
17826,1991,2047,1991
17827,1998,2044,1998
17828,1999,2047,1999
17829,2007,2040,2007
17830,2008,2046,2008
17831,2009,2046,2009
17832,2006,2053,2006
17833,2003,2053,2003
17834,2005,2043,2005
17835,2002,2055,2002
17836,2001,2050,2001
17837,1996,2061,1996
17838,1992,2059,1992
17839,1981,2081,1981
17840,1965,2099,1965
17841,1963,2054,1963
17842,1956,2072,1956
17843,1958,2040,1958
17844,1957,2051,1957
17845,1965,2017,1965
17846,1973,2017,1973
17847,1983,2008,1983
17848,1993,2008,1993
17849,2001,2016,2001
17850,2003,2040,2003
17851,1999,2063,1999
17852,1992,2075,1992
17853,1985,2075,1985
17854,1977,2078,1977
17855,1971,2070,1971
17856,1966,2066,1966
17857,1960,2069,1960
17858,1961,2044,1961
17859,1952,2078,1952
17860,1946,2067,1946
17861,1940,2066,1940
17862,1925,2091,1925
17863,1909,2091,1909
17864,1887,2104,1887
17865,1867,2095,1867
17866,1853,2078,1853
17867,1848,2057,1848
17868,1853,2039,1853
17869,1866,2028,1866
17870,1883,2026,1883
17871,1909,2022,1909
17872,1945,2021,1945
17873,1983,2028,1983
17874,2029,2036,2029
17875,2090,2048,2090
17876,2150,2063,2150
17877,2220,2083,2220
17878,2282,2094,2282
17879,2337,2102,2337
17880,2379,2099,2379
17881,2403,2083,2403
17882,2412,2063,2412
17883,2399,2022,2399
17884,2365,1975,2365
17885,2312,1923,2312
17886,2252,1895,2252
17887,2198,1900,2198
17888,2143,1887,2143
17889,2102,1921,2102
17890,2068,1937,2068
17891,2043,1963,2043
17892,2037,2026,2037
17893,2045,2076,2045
17894,2075,2159,2075
17895,2120,2219,2120
17896,2178,2272,2178
17897,2251,2334,2251
17898,2323,2333,2323
17899,2389,2311,2389
17900,2451,2295,2451
17901,2497,2231,2497
17902,2531,2182,2531
17903,2545,2103,2545
17904,2539,2024,2539
17905,2513,1949,2513
17906,2464,1865,2464
17907,2392,1787,2392
17908,2310,1760,2310
17909,2221,1747,2221
17910,2143,1795,2143
17911,2079,1850,2079
17912,2019,1873,2019
17913,1980,1941,1980
17914,1951,1974,1951
17915,1940,2022,1940
17916,1956,2082,1956
17917,1971,2076,1971
17918,2009,2112,2009
17919,2042,2096,2042
17920,2082,2097,2082
17921,2115,2080,2115
17922,2139,2065,2139
17923,2149,2053,2149
17924,2144,2046,2144
17925,2121,2048,2121
17926,2080,2058,2080
17927,2030,2073,2030
17928,1981,2084,1981
17929,1930,2098,1930
17930,1889,2098,1889
17931,1845,2112,1845
17932,1821,2088,1821
17933,1804,2080,1804
17934,1798,2060,1798
17935,1799,2045,1799
17936,1800,2045,1800
17937,1815,2006,1815
17938,1842,1969,1842
17939,1878,1937,1878
17940,1918,1918,1918
17941,1958,1912,1958
17942,1997,1911,1997
17943,2037,1903,2037
17944,2064,1947,2064
17945,2089,1952,2089
17946,2101,2001,2101
17947,2102,2044,2102
17948,2090,2095,2090
17949,2063,2155,2063
17950,2039,2143,2039
17951,2016,2139,2016
17952,1993,2139,1993
17953,1977,2110,1977
17954,1970,2075,1970
17955,1972,2040,1972
17956,1983,2007,1983
17957,2003,1975,2003
17958,2040,1918,2040
17959,2090,1879,2090
17960,2126,1931,2126
17961,2161,1940,2161
17962,2187,1972,2187
17963,2211,1982,2211
17964,2217,2032,2217
17965,2220,2040,2220
17966,2224,2039,2224
17967,2223,2049,2223
17968,2226,2042,2226
17969,2230,2042,2230
17970,2222,2057,2222
17971,2213,2056,2213
17972,2205,2053,2205
17973,2199,2051,2199
17974,2203,2046,2203
17975,2209,2048,2209
17976,2210,2048,2210
17977,2215,2050,2215
17978,2219,2050,2219
17979,2219,2048,2219
17980,2215,2043,2215
17981,2207,2036,2207
17982,2194,2025,2194
17983,2177,2015,2177
17984,2163,2017,2163
17985,2153,2024,2153
17986,2143,2022,2143
17987,2135,2026,2135
17988,2121,2007,2121
17989,2105,1998,2105
17990,2085,1983,2085
17991,2068,1990,2068
17992,2052,1991,2052
17993,2039,2000,2039
17994,2031,2018,2031
17995,2026,2028,2026
17996,2025,2044,2025
17997,2027,2055,2027
17998,2032,2067,2032
17999,2040,2079,2040
18000,2049,2083,2049
18001,2045,2032,2045
18002,2036,2012,2036
18003,2022,1992,2022
18004,1989,1920,1989
18005,1982,2021,1982
18006,1969,1999,1969
18007,1958,2008,1958
18008,1961,2058,1961
18009,1967,2068,1967
18010,1983,2099,1983
18011,1994,2081,1994
18012,2007,2085,2007
18013,2015,2069,2015
18014,2017,2053,2017
18015,2012,2036,2012
18016,2007,2037,2007
18017,1999,2032,1999
18018,1989,2030,1989
18019,1988,2046,1988
18020,1988,2048,1988
18021,1992,2051,1992
18022,1997,2051,1997
18023,1997,2048,1997
18024,1991,2046,1991
18025,1984,2048,1984
18026,1977,2049,1977
18027,1969,2052,1969
18028,1970,2047,1970
18029,1970,2048,1970
18030,1979,2036,1979
18031,1991,2030,1991
18032,2010,2015,2010
18033,2022,2024,2022
18034,2029,2032,2029
18035,2031,2043,2031
18036,2031,2048,2031
18037,2031,2048,2031
18038,2039,2024,2039
18039,2041,2041,2041
18040,2048,2025,2048
18041,2043,2064,2043
18042,2040,2058,2040
18043,2032,2076,2032
18044,2027,2066,2027
18045,2019,2078,2019
18046,2009,2086,2009
18047,1997,2095,1997
18048,1989,2079,1989
18049,1974,2107,1974
18050,1965,2083,1965
18051,1956,2083,1956
18052,1950,2071,1950
18053,1947,2059,1947
18054,1949,2040,1949
18055,1957,2017,1957
18056,1966,2014,1966
18057,1976,2011,1976
18058,1993,1988,1993
18059,2004,2010,2004
18060,2011,2025,2011
18061,2012,2044,2012
18062,2010,2053,2010
18063,2001,2072,2001
18064,1995,2063,1995
18065,1991,2057,1991
18066,1982,2067,1982
18067,1977,2057,1977
18068,1975,2051,1975
18069,1974,2049,1974
18070,1974,2048,1974
18071,1972,2049,1972
18072,1971,2048,1971
18073,1965,2051,1965
18074,1955,2050,1955
18075,1943,2048,1943
18076,1934,2045,1934
18077,1926,2043,1926
18078,1920,2043,1920
18079,1911,2039,1911
18080,1909,2045,1909
18081,1908,2046,1908
18082,1904,2041,1904
18083,1904,2048,1904
18084,1904,2048,1904
18085,1905,2050,1905
18086,1908,2055,1908
18087,1915,2067,1915
18088,1916,2050,1916
18089,1928,2084,1928
18090,1949,2115,1949
18091,1977,2142,1977
18092,2019,2195,2019
18093,2076,2254,2076
18094,2144,2300,2144
18095,2217,2325,2217
18096,2284,2307,2284
18097,2344,2283,2344
18098,2392,2238,2392
18099,2414,2135,2414
18100,2423,2083,2423
18101,2414,2012,2414
18102,2392,1960,2392
18103,2350,1882,2350
18104,2299,1850,2299
18105,2246,1846,2246
18106,2195,1858,2195
18107,2151,1888,2151
18108,2109,1900,2109
18109,2075,1933,2075
18110,2048,1960,2048
18111,2033,2001,2033
18112,2032,2045,2032
18113,2051,2100,2051
18114,2091,2149,2091
18115,2147,2179,2147
18116,2214,2191,2214
18117,2294,2202,2294
18118,2372,2180,2372
18119,2445,2155,2445
18120,2505,2122,2505
18121,2549,2091,2549
18122,2567,2061,2567
18123,2568,2048,2568
18124,2540,2040,2540
18125,2483,2048,2483
18126,2409,2066,2409
18127,2319,2093,2319
18128,2236,2110,2236
18129,2156,2127,2156
18130,2089,2130,2089
18131,2025,2142,2025
18132,1975,2133,1975
18133,1934,2127,1934
18134,1907,2105,1907
18135,1890,2087,1890
18136,1887,2055,1887
18137,1898,2017,1898
18138,1922,1978,1922
18139,1957,1940,1957
18140,1996,1921,1996
18141,2034,1919,2034
18142,2067,1932,2067
18143,2087,1975,2087
18144,2091,2033,2091
18145,2080,2089,2080
18146,2061,2121,2061
18147,2023,2197,2023
18148,1982,2210,1982
18149,1945,2195,1945
18150,1909,2191,1909
18151,1885,2143,1885
18152,1859,2151,1859
18153,1839,2126,1839
18154,1823,2109,1823
18155,1809,2101,1809
18156,1800,2081,1800
18157,1793,2073,1793
18158,1799,2026,1799
18159,1817,1987,1817
18160,1845,1957,1845
18161,1886,1921,1886
18162,1935,1905,1935
18163,1981,1922,1981
18164,2023,1940,2023
18165,2059,1963,2059
18166,2085,1992,2085
18167,2102,2015,2102
18168,2111,2032,2111
18169,2114,2043,2114
18170,2117,2044,2117
18171,2111,2053,2111
18172,2101,2055,2101
18173,2087,2055,2087
18174,2076,2050,2076
18175,2071,2048,2071
18176,2065,2046,2065
18177,2073,2052,2073
18178,2077,2050,2077
18179,2080,2050,2080
18180,2087,2056,2087
18181,2098,2064,2098
18182,2105,2059,2105
18183,2116,2069,2116
18184,2132,2082,2132
18185,2149,2087,2149
18186,2177,2119,2177
18187,2211,2141,2211
18188,2252,2167,2252
18189,2302,2202,2302
18190,2334,2151,2334
18191,2354,2115,2354
18192,2356,2055,2356
18193,2344,2004,2344
18194,2322,1966,2322
18195,2283,1899,2283
18196,2243,1893,2243
18197,2201,1882,2201
18198,2163,1897,2163
18199,2134,1932,2134
18200,2111,1956,2111
18201,2089,1960,2089
18202,2071,1976,2071
18203,2052,1973,2052
18204,2037,1989,2037
18205,2026,2006,2026
18206,2020,2025,2020
18207,2024,2062,2024
18208,2038,2097,2038
18209,2062,2129,2062
18210,2081,2109,2081
18211,2109,2134,2109
18212,2129,2106,2129
18213,2139,2075,2139
18214,2145,2063,2145
18215,2144,2045,2144
18216,2133,2024,2133
18217,2105,1994,2105
18218,2077,2000,2077
18219,2047,2003,2047
18220,2015,2008,2015
18221,1992,2025,1992
18222,1967,2029,1967
18223,1943,2035,1943
18224,1923,2042,1923
18225,1913,2048,1913
18226,1907,2049,1907
18227,1908,2047,1908
18228,1916,2042,1916
18229,1931,2033,1931
18230,1947,2028,1947
18231,1960,2028,1960
18232,1975,2022,1975
18233,1988,2022,1988
18234,2004,2013,2004
18235,2017,2017,2017
18236,2031,2012,2031
18237,2035,2037,2035
18238,2035,2048,2035
18239,2026,2075,2026
18240,2019,2070,2019
18241,2010,2078,2010
18242,2004,2069,2004
18243,2005,2044,2005
18244,1997,2077,1997
18245,2003,2025,2003
18246,2007,2032,2007
18247,2011,2032,2011
18248,2009,2055,2009
18249,2005,2063,2005
18250,1997,2079,1997
18251,1992,2067,1992
18252,1987,2067,1987
18253,1991,2032,1991
18254,1994,2036,1994
18255,1999,2028,1999
18256,2010,2007,2010
18257,2017,2022,2017
18258,2021,2033,2021
18259,2019,2054,2019
18260,2023,2035,2023
18261,2028,2032,2028
18262,2035,2027,2035
18263,2042,2028,2042
18264,2054,2017,2054
18265,2066,2019,2066
18266,2073,2032,2073
18267,2064,2065,2064
18268,2042,2085,2042
18269,2039,2052,2039
18270,2023,2067,2023
18271,2009,2061,2009
18272,1997,2056,1997
18273,1983,2055,1983
18274,1971,2051,1971
18275,1971,2048,1971
18276,1962,2045,1962
18277,1955,2044,1955
18278,1943,2039,1943
18279,1932,2037,1932
18280,1921,2034,1921
18281,1921,2048,1921
18282,1928,2059,1928
18283,1943,2076,1943
18284,1957,2078,1957
18285,1975,2090,1975
18286,1991,2088,1991
18287,2003,2080,2003
18288,2013,2077,2013
18289,2015,2054,2015
18290,2016,2051,2016
18291,2009,2024,2009
18292,1997,2005,1997
18293,1982,1993,1982
18294,1966,1988,1966
18295,1943,1960,1943
18296,1915,1939,1915
18297,1880,1910,1880
18298,1846,1913,1846
18299,1821,1948,1821
18300,1801,1968,1801
18301,1795,2024,1795
18302,1793,2040,1793
18303,1807,2103,1807
18304,1835,2156,1835
18305,1875,2200,1875
18306,1919,2211,1919
18307,1971,2236,1971
18308,2030,2254,2030
18309,2091,2254,2091
18310,2161,2274,2161
18311,2231,2263,2231
18312,2292,2225,2292
18313,2343,2187,2343
18314,2378,2137,2378
18315,2398,2095,2398
18316,2408,2069,2408
18317,2402,2036,2402
18318,2384,2017,2384
18319,2364,2018,2364
18320,2321,1994,2321
18321,2282,2009,2282
18322,2224,2004,2224
18323,2174,2022,2174
18324,2125,2035,2125
18325,2084,2048,2084
18326,2048,2057,2048
18327,2030,2057,2030
18328,2031,2047,2031
18329,2051,2028,2051
18330,2084,2007,2084
18331,2135,1972,2135
18332,2194,1947,2194
18333,2261,1918,2261
18334,2323,1915,2323
18335,2379,1916,2379
18336,2427,1925,2427
18337,2472,1924,2472
18338,2500,1966,2500
18339,2519,1989,2519
18340,2517,2054,2517
18341,2500,2105,2500
18342,2473,2142,2473
18343,2426,2218,2426
18344,2362,2286,2362
18345,2288,2329,2288
18346,2213,2338,2213
18347,2139,2338,2139
18348,2071,2317,2071
18349,2005,2311,2005
18350,1953,2255,1953
18351,1912,2211,1912
18352,1878,2182,1878
18353,1862,2110,1862
18354,1853,2082,1853
18355,1859,2025,1859
18356,1878,1977,1878
18357,1903,1957,1903
18358,1933,1942,1933
18359,1964,1943,1964
18360,1992,1957,1992
18361,2014,1980,2014
18362,2032,1995,2032
18363,2041,2023,2041
18364,2043,2042,2043
18365,2033,2071,2033
18366,2019,2078,2019
18367,1994,2096,1994
18368,1965,2097,1965
18369,1935,2092,1935
18370,1909,2080,1909
18371,1878,2078,1878
18372,1849,2069,1849
18373,1828,2058,1828
18374,1811,2052,1811
18375,1801,2048,1801
18376,1803,2048,1803
18377,1815,2054,1815
18378,1839,2065,1839
18379,1871,2079,1871
18380,1905,2090,1905
18381,1942,2102,1942
18382,1974,2102,1974
18383,2007,2111,2007
18384,2040,2118,2040
18385,2069,2116,2069
18386,2095,2114,2095
18387,2118,2110,2118
18388,2141,2115,2141
18389,2161,2109,2161
18390,2176,2096,2176
18391,2184,2075,2184
18392,2188,2062,2188
18393,2190,2055,2190
18394,2186,2033,2186
18395,2180,2025,2180
18396,2169,2005,2169
18397,2157,2000,2157
18398,2142,1988,2142
18399,2130,2000,2130
18400,2125,2028,2125
18401,2125,2048,2125
18402,2131,2071,2131
18403,2142,2091,2142
18404,2157,2106,2157
18405,2174,2112,2174
18406,2192,2114,2192
18407,2206,2098,2206
18408,2222,2104,2222
18409,2235,2091,2235
18410,2247,2086,2247
18411,2266,2106,2266
18412,2285,2103,2285
18413,2299,2086,2299
18414,2307,2068,2307
18415,2312,2059,2312
18416,2305,2032,2305
18417,2287,2013,2287
18418,2259,2000,2259
18419,2220,1990,2220
18420,2178,1996,2178
18421,2129,1999,2129
18422,2089,2018,2089
18423,2055,2030,2055
18424,2027,2040,2027
18425,2007,2048,2007
18426,1991,2052,1991
18427,1982,2052,1982
18428,1973,2054,1973
18429,1969,2051,1969
18430,1971,2045,1971
18431,1978,2037,1978
18432,1990,2027,1990
18433,2011,2007,2011
18434,2035,1996,2035
18435,2057,1996,2057
18436,2080,1989,2080
18437,2103,1985,2103
18438,2119,2001,2119
18439,2126,2026,2126
18440,2118,2073,2118
18441,2097,2118,2097
18442,2065,2160,2065
18443,2037,2149,2037
18444,1997,2196,1997
18445,1970,2150,1970
18446,1947,2137,1947
18447,1929,2118,1929
18448,1911,2119,1911
18449,1892,2123,1892
18450,1886,2071,1886
18451,1881,2067,1881
18452,1886,2028,1886
18453,1891,2028,1891
18454,1918,1943,1918
18455,1945,1945,1945
18456,1972,1947,1972
18457,2008,1917,2008
18458,2041,1932,2041
18459,2071,1946,2071
18460,2089,1989,2089
18461,2100,2014,2100
18462,2103,2039,2103
18463,2105,2042,2105
18464,2101,2058,2101
18465,2095,2062,2095
18466,2088,2063,2088
18467,2081,2061,2081
18468,2070,2066,2070
18469,2062,2059,2062
18470,2053,2059,2053
18471,2043,2057,2043
18472,2033,2055,2033
18473,2022,2053,2022
18474,2011,2050,2011
18475,2005,2048,2005
18476,2001,2046,2001
18477,1995,2044,1995
18478,1991,2045,1991
18479,1985,2042,1985
18480,1986,2049,1986
18481,1987,2049,1987
18482,1999,2068,1999
18483,2011,2071,2011
18484,2022,2071,2022
18485,2029,2064,2029
18486,2034,2060,2034
18487,2034,2048,2034
18488,2031,2039,2031
18489,2020,2014,2020
18490,2011,2018,2011
18491,2013,2054,2013
18492,2009,2033,2009
18493,2009,2048,2009
18494,2007,2040,2007
18495,2003,2032,2003
18496,1997,2024,1997
18497,1980,1981,1980
18498,1964,1984,1964
18499,1941,1956,1941
18500,1926,1988,1926
18501,1913,1996,1913
18502,1900,1996,1900
18503,1905,2067,1905
18504,1912,2075,1912
18505,1921,2082,1921
18506,1928,2074,1928
18507,1934,2069,1934
18508,1943,2079,1943
18509,1956,2091,1956
18510,1967,2083,1967
18511,1977,2078,1977
18512,1975,2042,1975
18513,1971,2037,1971
18514,1965,2032,1965
18515,1951,2015,1951
18516,1936,2015,1936
18517,1919,2015,1919
18518,1903,2020,1903
18519,1887,2024,1887
18520,1878,2036,1878
18521,1880,2049,1880
18522,1888,2053,1888
18523,1896,2052,1896
18524,1909,2051,1909
18525,1926,2048,1926
18526,1949,2042,1949
18527,1983,2030,1983
18528,2027,2015,2027
18529,2083,1992,2083
18530,2148,1967,2148
18531,2218,1944,2218
18532,2283,1937,2283
18533,2336,1945,2336
18534,2374,1966,2374
18535,2403,1979,2403
18536,2407,2037,2407
18537,2397,2075,2397
18538,2381,2094,2381
18539,2348,2149,2348
18540,2305,2187,2305
18541,2260,2199,2260
18542,2216,2202,2216
18543,2168,2221,2168
18544,2126,2204,2126
18545,2087,2196,2087
18546,2067,2125,2067
18547,2060,2075,2060
18548,2070,2008,2070
18549,2091,1964,2091
18550,2122,1924,2122
18551,2163,1884,2163
18552,2209,1865,2209
18553,2260,1847,2260
18554,2306,1869,2306
18555,2353,1869,2353
18556,2396,1888,2396
18557,2436,1903,2436
18558,2464,1949,2464
18559,2483,1983,2483
18560,2485,2041,2485
18561,2471,2091,2471
18562,2438,2144,2438
18563,2385,2193,2385
18564,2313,2231,2313
18565,2237,2226,2237
18566,2161,2210,2161
18567,2091,2182,2091
18568,2034,2145,2034
18569,1979,2128,1979
18570,1931,2107,1931
18571,1894,2084,1894
18572,1865,2069,1865
18573,1845,2058,1845
18574,1835,2050,1835
18575,1836,2048,1836
18576,1851,2051,1851
18577,1869,2057,1869
18578,1892,2065,1892
18579,1917,2072,1917
18580,1939,2075,1939
18581,1959,2077,1959
18582,1982,2087,1982
18583,1996,2074,1996
18584,2003,2063,2003
18585,2016,2078,2016
18586,2014,2042,2014
18587,2009,2034,2009
18588,1999,2018,1999
18589,1979,1986,1979
18590,1955,1970,1955
18591,1926,1950,1926
18592,1899,1953,1899
18593,1872,1950,1872
18594,1854,1981,1854
18595,1843,2006,1843
18596,1845,2055,1845
18597,1860,2106,1860
18598,1877,2115,1877
18599,1897,2127,1897
18600,1919,2135,1919
18601,1945,2151,1945
18602,1968,2139,1968
18603,2001,2177,2001
18604,2032,2168,2032
18605,2074,2207,2074
18606,2105,2163,2105
18607,2140,2174,2140
18608,2166,2139,2166
18609,2192,2135,2192
18610,2207,2096,2207
18611,2210,2057,2210
18612,2222,2082,2222
18613,2219,2039,2219
18614,2219,2048,2219
18615,2217,2043,2217
18616,2209,2030,2209
18617,2203,2036,2203
18618,2194,2032,2194
18619,2185,2034,2185
18620,2176,2036,2176
18621,2167,2039,2167
18622,2161,2043,2161
18623,2158,2046,2158
18624,2161,2048,2161
18625,2173,2048,2173
18626,2185,2044,2185
18627,2203,2038,2203
18628,2216,2038,2216
18629,2226,2038,2226
18630,2234,2038,2234
18631,2240,2039,2240
18632,2243,2042,2243
18633,2239,2055,2239
18634,2237,2052,2237
18635,2227,2071,2227
18636,2223,2058,2223
18637,2219,2058,2219
18638,2215,2059,2215
18639,2203,2084,2203
18640,2185,2106,2185
18641,2162,2125,2162
18642,2135,2142,2135
18643,2105,2156,2105
18644,2075,2159,2075
18645,2048,2150,2048
18646,2024,2140,2024
18647,2003,2130,2003
18648,1987,2111,1987
18649,1978,2083,1978
18650,1972,2071,1972
18651,1972,2048,1972
18652,1967,2067,1967
18653,1970,2036,1970
18654,1978,2017,1978
18655,1991,1998,1991
18656,2006,1992,2006
18657,2024,1982,2024
18658,2038,1998,2038
18659,2049,2010,2049
18660,2053,2035,2053
18661,2051,2054,2051
18662,2048,2056,2048
18663,2043,2061,2043
18664,2030,2081,2030
18665,2025,2059,2025
18666,2013,2073,2013
18667,1996,2080,1996
18668,1979,2076,1979
18669,1964,2070,1964
18670,1952,2062,1952
18671,1947,2052,1947
18672,1932,2059,1932
18673,1919,2054,1919
18674,1911,2050,1911
18675,1911,2048,1911
18676,1915,2049,1915
18677,1921,2051,1921
18678,1937,2059,1937
18679,1956,2066,1956
18680,1975,2071,1975
18681,2001,2086,2001
18682,2021,2082,2021
18683,2045,2094,2045
18684,2065,2090,2065
18685,2079,2080,2079
18686,2095,2088,2095
18687,2101,2064,2101
18688,2105,2059,2105
18689,2109,2060,2109
18690,2104,2031,2104
18691,2093,2010,2093
18692,2074,1981,2074
18693,2048,1953,2048
18694,2021,1947,2021
18695,1995,1949,1995
18696,1976,1974,1976
18697,1956,1969,1956
18698,1951,2028,1951
18699,1931,1968,1931
18700,1935,2063,1935
18701,1934,2044,1934
18702,1946,2095,1946
18703,1952,2071,1952
18704,1964,2094,1964
18705,1977,2097,1977
18706,1987,2085,1987
18707,1998,2087,1998
18708,2008,2083,2008
18709,2016,2075,2016
18710,2022,2067,2022
18711,2027,2063,2027
18712,2026,2045,2026
18713,2019,2028,2019
18714,2010,2025,2010
18715,1999,2022,1999
18716,1990,2028,1990
18717,1982,2032,1982
18718,1971,2029,1971
18719,1966,2040,1966
18720,1963,2044,1963
18721,1959,2044,1959
18722,1955,2045,1955
18723,1949,2044,1949
18724,1941,2045,1941
18725,1918,2048,1918
18726,1915,2048,1915
18727,1909,2051,1909
18728,1905,2050,1905
18729,1907,2046,1907
18730,1908,2046,1908
18731,1915,2037,1915
18732,1919,2041,1919
18733,1922,2042,1922
18734,1925,2041,1925
18735,1926,2045,1926
18736,1925,2050,1925
18737,1926,2045,1926
18738,1931,2033,1931
18739,1940,2020,1940
18740,1961,1980,1961
18741,1991,1946,1991
18742,2036,1890,2036
18743,2087,1863,2087
18744,2141,1847,2141
18745,2192,1853,2192
18746,2237,1873,2237
18747,2278,1886,2278
18748,2307,1932,2307
18749,2330,1956,2330
18750,2337,2020,2337
18751,2339,2040,2339
18752,2327,2095,2327
18753,2311,2110,2311
18754,2293,2117,2293
18755,2265,2154,2265
18756,2245,2122,2245
18757,2208,2181,2208
18758,2184,2132,2184
18759,2148,2169,2148
18760,2134,2093,2134
18761,2119,2094,2119
18762,2115,2059,2115
18763,2126,2017,2126
18764,2143,2004,2143
18765,2174,1975,2174
18766,2215,1960,2215
18767,2253,1974,2253
18768,2297,1973,2297
18769,2341,1983,2341
18770,2373,2008,2373
18771,2402,2019,2402
18772,2421,2033,2421
18773,2427,2044,2427
18774,2423,2049,2423
18775,2406,2048,2406
18776,2377,2040,2377
18777,2337,2027,2337
18778,2289,2012,2289
18779,2235,1994,2235
18780,2178,1977,2178
18781,2131,1978,2131
18782,2080,1961,2080
18783,2034,1959,2034
18784,1989,1951,1989
18785,1950,1956,1950
18786,1919,1968,1919
18787,1899,1993,1899
18788,1888,2015,1888
18789,1882,2029,1882
18790,1883,2051,1883
18791,1892,2078,1892
18792,1908,2104,1908
18793,1923,2102,1923
18794,1939,2107,1939
18795,1958,2120,1958
18796,1972,2102,1972
18797,1987,2106,1987
18798,1988,2051,1988
18799,1983,2028,1983
18800,1981,2040,1981
18801,1975,2024,1975
18802,1968,2020,1968
18803,1961,2020,1961
18804,1955,2024,1955
18805,1947,2017,1947
18806,1942,2029,1942
18807,1934,2019,1934
18808,1927,2023,1927
18809,1919,2020,1919
18810,1920,2051,1920
18811,1910,2017,1910
18812,1917,2068,1917
18813,1917,2048,1917
18814,1926,2070,1926
18815,1938,2076,1938
18816,1959,2093,1959
18817,1979,2086,1979
18818,1999,2082,1999
18819,2019,2077,2019
18820,2037,2070,2037
18821,2053,2063,2053
18822,2066,2057,2066
18823,2085,2057,2085
18824,2105,2053,2105
18825,2127,2048,2127
18826,2155,2040,2155
18827,2175,2037,2175
18828,2189,2037,2189
18829,2197,2040,2197
18830,2196,2049,2196
18831,2196,2048,2196
18832,2191,2056,2191
18833,2186,2057,2186
18834,2190,2039,2190
18835,2182,2066,2182
18836,2183,2045,2183
18837,2187,2037,2187
18838,2183,2059,2183
18839,2178,2063,2178
18840,2176,2054,2176
18841,2181,2031,2181
18842,2185,2033,2185
18843,2185,2048,2185
18844,2187,2040,2187
18845,2195,2017,2195
18846,2199,2032,2199
18847,2205,2024,2205
18848,2215,2008,2215
18849,2224,2012,2224
18850,2218,2071,2218
18851,2211,2075,2211
18852,2207,2063,2207
18853,2204,2059,2204
18854,2183,2129,2183
18855,2163,2124,2163
18856,2141,2129,2141
18857,2115,2142,2115
18858,2091,2132,2091
18859,2066,2132,2066
18860,2045,2115,2045
18861,2028,2100,2028
18862,2019,2074,2019
18863,2015,2058,2015
18864,2013,2053,2013
18865,2009,2057,2009
18866,2002,2063,2002
18867,1994,2063,1994
18868,1993,2049,1993
18869,1992,2049,1992
18870,1998,2040,1998
18871,1999,2047,1999
18872,2013,2037,2013
18873,2015,2046,2015
18874,2030,2044,2030
18875,2033,2048,2033
18876,2037,2049,2037
18877,2034,2046,2034
18878,2026,2042,2026
18879,2015,2037,2015
18880,2004,2034,2004
18881,1994,2033,1994
18882,1995,2049,1995
18883,1983,2024,1983
18884,1965,2009,1965
18885,1971,2062,1971
18886,1963,2027,1963
18887,1958,2034,1958
18888,1951,2027,1951
18889,1949,2041,1949
18890,1954,2064,1954
18891,1963,2078,1963
18892,1975,2090,1975
18893,1991,2105,1991
18894,1998,2074,1998
18895,2007,2082,2007
18896,2009,2055,2009
18897,2025,2110,2025
18898,2035,2087,2035
18899,2042,2075,2042
18900,2045,2059,2045
18901,2042,2036,2042
18902,2043,2051,2043
18903,2043,2048,2043
18904,2053,2086,2053
18905,2057,2063,2057
18906,2060,2059,2060
18907,2061,2051,2061
18908,2062,2051,2062
18909,2057,2031,2057
18910,2052,2031,2052
18911,2044,2023,2044
18912,2031,2010,2031
18913,2018,2012,2018
18914,2009,2025,2009
18915,2005,2038,2005
18916,1995,2026,1995
18917,1990,2038,1990
18918,1983,2036,1983
18919,1977,2039,1977
18920,1975,2045,1975
18921,1978,2050,1978
18922,1982,2050,1982
18923,1993,2053,1993
18924,1997,2049,1997
18925,1998,2048,1998
18926,2004,2046,2004
18927,1999,2050,1999
18928,1995,2050,1995
18929,1990,2052,1990
18930,1986,2052,1986
18931,1986,2048,1986
18932,1979,2059,1979
18933,1983,2040,1983
18934,1989,2035,1989
18935,1992,2040,1992
18936,1993,2045,1993
18937,1986,2067,1986
18938,1969,2097,1969
18939,1946,2118,1946
18940,1926,2112,1926
18941,1907,2112,1907
18942,1890,2107,1890
18943,1883,2073,1883
18944,1877,2070,1877
18945,1877,2048,1877
18946,1886,2013,1886
18947,1897,2004,1897
18948,1908,2004,1908
18949,1919,2004,1919
18950,1931,2000,1931
18951,1937,2024,1937
18952,1943,2024,1943
18953,1949,2024,1949
18954,1955,2024,1955
18955,1968,1998,1968
18956,1992,1958,1992
18957,2035,1892,2035
18958,2085,1872,2085
18959,2137,1872,2137
18960,2180,1908,2180
18961,2216,1937,2216
18962,2241,1975,2241
18963,2271,1965,2271
18964,2282,2019,2282
18965,2290,2029,2290
18966,2292,2043,2292
18967,2287,2057,2287
18968,2285,2051,2285
18969,2279,2056,2279
18970,2274,2054,2274
18971,2260,2061,2260
18972,2242,2061,2242
18973,2221,2058,2221
18974,2203,2052,2203
18975,2185,2048,2185
18976,2169,2043,2169
18977,2167,2046,2167
18978,2170,2050,2170
18979,2178,2055,2178
18980,2191,2064,2191
18981,2210,2075,2210
18982,2237,2093,2237
18983,2263,2098,2263
18984,2296,2118,2296
18985,2322,2109,2322
18986,2342,2098,2342
18987,2359,2094,2359
18988,2361,2053,2361
18989,2365,2060,2365
18990,2357,2022,2357
18991,2342,1997,2342
18992,2318,1963,2318
18993,2275,1892,2275
18994,2240,1917,2240
18995,2201,1899,2201
18996,2160,1889,2160
18997,2121,1894,2121
18998,2089,1921,2089
18999,2052,1900,2052
19000,2018,1912,2018
19001,1990,1936,1990
19002,1963,1940,1963
19003,1946,1981,1946
19004,1930,1986,1930
19005,1917,1998,1917
19006,1909,2018,1909
19007,1910,2051,1910
19008,1914,2062,1914
19009,1923,2078,1923
19010,1935,2086,1935
19011,1950,2094,1950
19012,1963,2085,1963
19013,1973,2075,1973
19014,1977,2058,1977
19015,1979,2052,1979
19016,1981,2052,1981
19017,1974,2034,1974
19018,1972,2044,1972
19019,1958,2027,1958
19020,1955,2044,1955
19021,1950,2043,1950
19022,1950,2048,1950
19023,1948,2046,1948
19024,1949,2048,1949
19025,1945,2048,1945
19026,1932,2051,1932
19027,1924,2052,1924
19028,1928,2045,1928
19029,1914,2061,1914
19030,1913,2049,1913
19031,1919,2039,1919
19032,1933,2024,1933
19033,1960,1995,1960
19034,1991,1981,1991
19035,2019,1982,2019
19036,2045,1981,2045
19037,2069,1982,2069
19038,2086,1998,2086
19039,2102,1998,2102
19040,2118,1996,2118
19041,2145,1956,2145
19042,2165,1977,2165
19043,2179,1997,2179
19044,2193,1995,2193
19045,2198,2028,2198
19046,2202,2032,2202
19047,2197,2067,2197
19048,2192,2067,2192
19049,2182,2087,2182
19050,2173,2083,2173
19051,2165,2079,2165
19052,2160,2067,2160
19053,2162,2040,2162
19054,2161,2051,2161
19055,2162,2044,2162
19056,2166,2033,2166
19057,2170,2033,2170
19058,2168,2055,2168
19059,2175,2024,2175
19060,2182,2025,2182
19061,2191,2020,2191
19062,2203,2013,2203
19063,2209,2031,2209
19064,2214,2035,2214
19065,2216,2043,2216
19066,2216,2048,2216
19067,2209,2061,2209
19068,2201,2061,2201
19069,2187,2068,2187
19070,2166,2073,2166
19071,2143,2070,2143
19072,2125,2061,2125
19073,2110,2055,2110
19074,2098,2051,2098
19075,2085,2048,2085
19076,2076,2045,2076
19077,2065,2042,2065
19078,2049,2036,2049
19079,2042,2041,2042
19080,2035,2039,2035
19081,2027,2036,2027
19082,2023,2041,2023
19083,2015,2032,2015
19084,2008,2032,2008
19085,2009,2050,2009
19086,2005,2037,2005
19087,2012,2067,2012
19088,2009,2039,2009
19089,2003,2029,2003
19090,1995,2022,1995
19091,1986,2017,1986
19092,1982,2033,1982
19093,1967,1993,1967
19094,1967,2048,1967
19095,1963,2032,1963
19096,1961,2040,1961
19097,1969,2079,1969
19098,1974,2067,1974
19099,1985,2091,1985
19100,1993,2079,1993
19101,2001,2079,2001
19102,2006,2067,2006
19103,2001,2028,2001
19104,2001,2048,2001
19105,1997,2032,1997
19106,1991,2025,1991
19107,1991,2048,1991
19108,1988,2037,1988
19109,1986,2041,1986
19110,1987,2051,1987
19111,1991,2060,1991
19112,1995,2059,1995
19113,2000,2061,2000
19114,2007,2065,2007
19115,2009,2052,2009
19116,2011,2052,2011
19117,2015,2055,2015
19118,2024,2063,2024
19119,2039,2070,2039
19120,2049,2060,2049
19121,2055,2053,2055
19122,2059,2050,2059
19123,2058,2047,2058
19124,2054,2046,2054
19125,2048,2048,2048
19126,2041,2049,2041
19127,2032,2052,2032
19128,2027,2051,2027
19129,2021,2053,2021
19130,2017,2052,2017
19131,2010,2058,2010
19132,2006,2054,2006
19133,2001,2057,2001
19134,1996,2058,1996
19135,1992,2057,1992
19136,1991,2050,1991
19137,1989,2053,1989
19138,1990,2045,1990
19139,1991,2044,1991
19140,1993,2041,1993
19141,1994,2044,1994
19142,1996,2040,1996
19143,1992,2062,1992
19144,1991,2051,1991
19145,1991,2048,1991
19146,1993,2040,1993
19147,1988,2067,1988
19148,1982,2071,1982
19149,1971,2091,1971
19150,1961,2087,1961
19151,1955,2071,1955
19152,1949,2071,1949
19153,1941,2079,1941
19154,1938,2059,1938
19155,1933,2067,1933
19156,1931,2055,1931
19157,1925,2069,1925
19158,1927,2040,1927
19159,1925,2054,1925
19160,1921,2060,1921
19161,1909,2084,1909
19162,1898,2080,1898
19163,1890,2069,1890
19164,1884,2063,1884
19165,1883,2050,1883
19166,1887,2039,1887
19167,1895,2032,1895
19168,1913,2017,1913
19169,1946,1999,1946
19170,1991,1992,1991
19171,2045,1994,2045
19172,2095,2010,2095
19173,2140,2025,2140
19174,2185,2036,2185
19175,2225,2048,2225
19176,2259,2056,2259
19177,2288,2062,2288
19178,2312,2065,2312
19179,2325,2060,2325
19180,2329,2052,2329
19181,2322,2037,2322
19182,2309,2025,2309
19183,2295,2021,2295
19184,2272,1998,2272
19185,2250,1996,2250
19186,2221,1974,2221
19187,2199,1987,2199
19188,2173,1972,2173
19189,2156,1995,2156
19190,2145,2012,2145
19191,2141,2034,2141
19192,2140,2044,2140
19193,2143,2058,2143
19194,2156,2096,2156
19195,2183,2150,2183
19196,2214,2168,2214
19197,2246,2173,2246
19198,2276,2167,2276
19199,2302,2151,2302
19200,2323,2131,2323
19201,2342,2123,2342
19202,2354,2095,2354
19203,2363,2083,2363
19204,2362,2044,2362
19205,2343,1975,2343
19206,2322,1969,2322
19207,2295,1950,2295
19208,2265,1942,2265
19209,2233,1939,2233
19210,2196,1928,2196
19211,2155,1921,2155
19212,2107,1908,2107
19213,2054,1902,2054
19214,2007,1928,2007
19215,1968,1956,1968
19216,1937,1981,1937
19217,1904,1984,1904
19218,1882,2010,1882
19219,1868,2027,1868
19220,1863,2041,1863
19221,1866,2050,1866
19222,1877,2056,1877
19223,1892,2055,1892
19224,1906,2051,1906
19225,1920,2048,1920
19226,1943,2042,1943
19227,1959,2039,1959
19228,1980,2032,1980
19229,1996,2032,1996
19230,2009,2031,2009
19231,2018,2034,2018
19232,2015,2053,2015
19233,2013,2051,2013
19234,2004,2067,2004
19235,1998,2062,1998
19236,1988,2073,1988
19237,1977,2078,1977
19238,1963,2088,1963
19239,1945,2103,1945
19240,1932,2090,1932
19241,1927,2064,1927
19242,1927,2048,1927
19243,1931,2033,1931
19244,1936,2029,1936
19245,1952,1987,1952
19246,1973,1966,1973
19247,1995,1961,1995
19248,2017,1960,2017
19249,2035,1976,2035
19250,2049,1992,2049
19251,2063,1992,2063
19252,2080,1980,2080
19253,2102,1961,2102
19254,2128,1947,2128
19255,2147,1975,2147
19256,2168,1969,2168
19257,2186,1982,2186
19258,2200,1998,2200
19259,2212,2007,2212
19260,2225,2005,2225
19261,2235,2017,2235
19262,2240,2033,2240
19263,2246,2031,2246
19264,2246,2048,2246
19265,2243,2055,2243
19266,2235,2065,2235
19267,2225,2067,2225
19268,2215,2065,2215
19269,2200,2070,2200
19270,2180,2072,2180
19271,2167,2060,2167
19272,2155,2056,2155
19273,2146,2052,2146
19274,2139,2049,2139
19275,2136,2048,2136
19276,2131,2046,2131
19277,2125,2044,2125
19278,2122,2045,2122
19279,2117,2043,2117
19280,2113,2043,2113
19281,2110,2043,2110
19282,2112,2051,2112
19283,2121,2065,2121
19284,2126,2058,2126
19285,2135,2069,2135
19286,2139,2058,2139
19287,2137,2042,2137
19288,2128,2021,2128
19289,2113,2001,2113
19290,2099,2002,2099
19291,2089,2014,2089
19292,2067,1970,2067
19293,2060,2022,2060
19294,2050,2010,2050
19295,2042,2017,2042
19296,2029,1997,2029
19297,2013,1985,2013
19298,1995,1976,1995
19299,1982,1996,1982
19300,1974,2016,1974
19301,1974,2048,1974
19302,1979,2067,1979
19303,1981,2055,1981
19304,1982,2051,1982
19305,1989,2074,1989
19306,1993,2062,1993
19307,1997,2062,1997
19308,2001,2062,2001
19309,2006,2064,2006
19310,2005,2044,2005
19311,2003,2041,2003
19312,1995,2024,1995
19313,1993,2042,1993
19314,1994,2050,1994
19315,1993,2045,1993
19316,1986,2032,1986
19317,1979,2034,1979
19318,1970,2032,1970
19319,1967,2043,1967
19320,1961,2040,1961
19321,1961,2048,1961
19322,1960,2047,1960
19323,1962,2049,1962
19324,1969,2049,1969
19325,1975,2048,1975
19326,1978,2047,1978
19327,1992,2040,1992
19328,2001,2041,2001
19329,2013,2036,2013
19330,2019,2040,2019
19331,2023,2042,2023
19332,2021,2051,2021
19333,2023,2044,2023
19334,2026,2041,2026
19335,2027,2045,2027
19336,2030,2040,2030
19337,2031,2045,2031
19338,2037,2030,2037
19339,2039,2041,2039
19340,2037,2054,2037
19341,2031,2068,2031
19342,2023,2076,2023
19343,2011,2091,2011
19344,2009,2055,2009
19345,2003,2070,2003
19346,2005,2040,2005
19347,2008,2036,2008
19348,2015,2020,2015
19349,2025,2008,2025
19350,2033,2016,2033
19351,2037,2032,2037
19352,2039,2040,2039
19353,2036,2059,2036
19354,2037,2044,2037
19355,2027,2086,2027
19356,2018,2081,2018
19357,2002,2105,2002
19358,1990,2090,1990
19359,1975,2098,1975
19360,1963,2086,1963
19361,1953,2078,1953
19362,1944,2074,1944
19363,1935,2072,1935
19364,1932,2055,1932
19365,1933,2045,1933
19366,1936,2041,1936
19367,1939,2042,1939
19368,1941,2044,1941
19369,1941,2048,1941
19370,1943,2045,1943
19371,1945,2046,1945
19372,1951,2043,1951
19373,1952,2047,1952
19374,1956,2046,1956
19375,1955,2048,1955
19376,1951,2046,1951
19377,1937,2040,1937
19378,1941,2050,1941
19379,1931,2038,1931
19380,1926,2041,1926
19381,1929,2052,1929
19382,1934,2056,1934
19383,1959,2096,1959
19384,1998,2131,1998
19385,2051,2172,2051
19386,2093,2155,2093
19387,2133,2157,2133
19388,2171,2158,2171
19389,2193,2115,2193
19390,2219,2132,2219
19391,2238,2112,2238
19392,2253,2100,2253
19393,2265,2091,2265
19394,2270,2066,2270
19395,2276,2070,2276
19396,2283,2075,2283
19397,2286,2059,2286
19398,2277,2012,2277
19399,2266,2004,2266
19400,2246,1968,2246
19401,2219,1940,2219
19402,2195,1952,2195
19403,2173,1961,2173
19404,2157,1986,2157
19405,2152,2028,2152
19406,2150,2040,2150
19407,2159,2080,2159
19408,2180,2121,2180
19409,2210,2149,2210
19410,2237,2135,2237
19411,2267,2140,2267
19412,2295,2129,2295
19413,2322,2121,2322
19414,2339,2091,2339
19415,2350,2073,2350
19416,2351,2050,2351
19417,2349,2044,2349
19418,2337,2027,2337
19419,2325,2030,2325
19420,2303,2020,2303
19421,2277,2022,2277
19422,2247,2025,2247
19423,2210,2029,2210
19424,2178,2039,2178
19425,2147,2048,2147
19426,2115,2056,2115
19427,2081,2065,2081
19428,2052,2069,2052
19429,2026,2073,2026
19430,1999,2081,1999
19431,1971,2089,1971
19432,1949,2085,1949
19433,1927,2090,1927
19434,1919,2065,1919
19435,1906,2078,1906
19436,1902,2058,1902
19437,1902,2048,1902
19438,1906,2036,1906
19439,1918,2011,1918
19440,1931,2005,1931
19441,1945,2000,1945
19442,1958,2002,1958
19443,1964,2026,1964
19444,1966,2040,1966
19445,1966,2048,1966
19446,1965,2051,1965
19447,1964,2051,1964
19448,1959,2067,1959
19449,1958,2051,1958
19450,1963,2028,1963
19451,1969,2024,1969
19452,1983,1992,1983
19453,1995,2000,1995
19454,2001,2024,2001
19455,2003,2040,2003
19456,2000,2059,2000
19457,1999,2051,1999
19458,2003,2033,2003
19459,2002,2051,2002
19460,2002,2048,2002
19461,2000,2054,2000
19462,2001,2045,2001
19463,2011,2020,2011
19464,2025,2012,2025
19465,2049,1991,2049
19466,2075,1992,2075
19467,2095,2009,2095
19468,2109,2024,2109
19469,2121,2030,2121
19470,2131,2035,2131
19471,2142,2037,2142
19472,2153,2039,2153
19473,2169,2039,2169
19474,2179,2045,2179
19475,2189,2048,2189
19476,2191,2048,2191
19477,2193,2049,2193
19478,2190,2045,2190
19479,2190,2048,2190
19480,2195,2054,2195
19481,2199,2053,2199
19482,2205,2058,2205
19483,2204,2046,2204
19484,2201,2041,2201
19485,2195,2033,2195
19486,2191,2037,2191
19487,2184,2028,2184
19488,2177,2027,2177
19489,2172,2032,2172
19490,2164,2022,2164
19491,2163,2044,2163
19492,2161,2040,2161
19493,2154,2022,2154
19494,2145,2014,2145
19495,2129,1987,2129
19496,2112,1982,2112
19497,2101,2004,2101
19498,2092,2012,2092
19499,2088,2032,2088
19500,2076,2000,2076
19501,2073,2036,2073
19502,2066,2020,2066
19503,2061,2028,2061
19504,2050,2005,2050
19505,2057,2074,2057
19506,2056,2044,2056
19507,2051,2029,2051
19508,2048,2037,2048
19509,2046,2041,2046
19510,2043,2038,2043
19511,2037,2029,2037
19512,2029,2024,2029
19513,2023,2031,2023
19514,2015,2027,2015
19515,2010,2036,2010
19516,2001,2028,2001
19517,1995,2036,1995
19518,1991,2041,1991
19519,1989,2045,1989
19520,1983,2040,1983
19521,1979,2044,1979
19522,1970,2041,1970
19523,1969,2047,1969
19524,1966,2047,1966
19525,1963,2048,1963
19526,1968,2046,1968
19527,1976,2043,1976
19528,1986,2040,1986
19529,1989,2045,1989
19530,1989,2048,1989
19531,1985,2053,1985
19532,1984,2049,1984
19533,1981,2053,1981
19534,1979,2052,1979
19535,1981,2043,1981
19536,1986,2035,1986
19537,1995,2023,1995
19538,2002,2027,2002
19539,2005,2038,2005
19540,2013,2022,2013
19541,2016,2037,2016
19542,2019,2037,2019
19543,2025,2026,2025
19544,2028,2036,2028
19545,2034,2025,2034
19546,2041,2020,2041
19547,2043,2040,2043
19548,2047,2032,2047
19549,2044,2059,2044
19550,2037,2075,2037
19551,2031,2071,2031
19552,2020,2091,2020
19553,2015,2067,2015
19554,2011,2063,2011
19555,2007,2063,2007
19556,2009,2040,2009
19557,2008,2051,2008
19558,2004,2062,2004
19559,1995,2078,1995
19560,1994,2051,1994
19561,1997,2038,1997
19562,1998,2045,1998
19563,2001,2039,2001
19564,2007,2032,2007
19565,2015,2029,2015
19566,2020,2037,2020
19567,2019,2049,2019
19568,2020,2046,2020
19569,2027,2037,2027
19570,2023,2052,2023
19571,2024,2047,2024
19572,2029,2044,2029
19573,2031,2046,2031
19574,2027,2049,2027
19575,2015,2048,2015
19576,2002,2044,2002
19577,1992,2042,1992
19578,1981,2039,1981
19579,1974,2041,1974
19580,1976,2050,1976
19581,1977,2049,1977
19582,1985,2061,1985
19583,1991,2059,1991
19584,1995,2056,1995
19585,1999,2057,1999
19586,1991,2027,1991
19587,1984,2028,1984
19588,1966,1995,1966
19589,1959,2026,1959
19590,1953,2028,1953
19591,1950,2037,1950
19592,1955,2065,1955
19593,1962,2073,1962
19594,1969,2074,1969
19595,1973,2063,1973
19596,1981,2078,1981
19597,1995,2103,1995
19598,2022,2155,2022
19599,2047,2147,2047
19600,2077,2167,2077
19601,2104,2155,2104
19602,2130,2151,2130
19603,2157,2154,2157
19604,2181,2140,2181
19605,2197,2108,2197
19606,2211,2100,2211
19607,2215,2062,2215
19608,2216,2051,2216
19609,2223,2071,2223
19610,2223,2048,2223
19611,2225,2054,2225
19612,2223,2042,2223
19613,2220,2039,2220
19614,2211,2025,2211
19615,2205,2033,2205
19616,2201,2039,2201
19617,2196,2038,2196
19618,2192,2041,2192
19619,2186,2039,2186
19620,2186,2048,2186
19621,2183,2045,2183
19622,2189,2052,2189
19623,2197,2052,2197
19624,2207,2050,2207
19625,2223,2048,2223
19626,2238,2044,2238
19627,2252,2040,2252
19628,2265,2038,2265
19629,2270,2043,2270
19630,2272,2045,2272
19631,2265,2058,2265
19632,2259,2058,2259
19633,2248,2069,2248
19634,2239,2067,2239
19635,2231,2066,2231
19636,2224,2065,2224
19637,2216,2069,2216
19638,2205,2080,2205
19639,2188,2100,2188
19640,2169,2109,2169
19641,2140,2145,2140
19642,2107,2163,2107
19643,2073,2171,2073
19644,2045,2152,2045
19645,2021,2139,2021
19646,2003,2117,2003
19647,1986,2114,1986
19648,1969,2115,1969
19649,1953,2111,1953
19650,1942,2091,1942
19651,1931,2091,1931
19652,1919,2095,1919
19653,1914,2067,1914
19654,1913,2051,1913
19655,1915,2040,1915
19656,1919,2033,1919
19657,1924,2029,1924
19658,1933,2016,1933
19659,1941,2020,1941
19660,1949,2022,1949
19661,1957,2023,1957
19662,1966,2021,1966
19663,1978,2015,1978
19664,1987,2025,1987
19665,1997,2024,1997
19666,2001,2039,2001
19667,2003,2044,2003
19668,2000,2053,2000
19669,2002,2045,2002
19670,1997,2054,1997
19671,1992,2052,1992
19672,1994,2046,1994
19673,1997,2046,1997
19674,2003,2046,2003
19675,2009,2048,2009
19676,2011,2048,2011
19677,2017,2051,2017
19678,2023,2052,2023
19679,2028,2052,2028
19680,2035,2056,2035
19681,2043,2059,2043
19682,2058,2073,2058
19683,2078,2086,2078
19684,2096,2086,2096
19685,2115,2092,2115
19686,2132,2091,2132
19687,2141,2072,2141
19688,2142,2050,2142
19689,2141,2044,2141
19690,2134,2025,2134
19691,2136,2054,2136
19692,2137,2051,2137
19693,2145,2076,2145
19694,2159,2100,2159
19695,2172,2097,2172
19696,2186,2102,2186
19697,2196,2087,2196
19698,2202,2071,2202
19699,2205,2059,2205
19700,2201,2032,2201
19701,2190,2004,2190
19702,2183,2020,2183
19703,2173,2008,2173
19704,2163,2009,2163
19705,2157,2025,2157
19706,2148,2014,2148
19707,2133,1993,2133
19708,2119,1998,2119
19709,2100,1983,2100
19710,2085,1999,2085
19711,2073,2011,2073
19712,2065,2024,2065
19713,2059,2031,2059
19714,2061,2053,2061
19715,2061,2048,2061
19716,2065,2056,2065
19717,2064,2046,2064
19718,2060,2041,2060
19719,2056,2042,2056
19720,2051,2041,2051
19721,2050,2047,2050
19722,2052,2049,2052
19723,2055,2049,2055
19724,2058,2048,2058
19725,2059,2048,2059
19726,2056,2048,2056
19727,2054,2049,2054
19728,2054,2048,2054
19729,2052,2049,2052
19730,2044,2057,2044
19731,2041,2052,2041
19732,2033,2061,2033
19733,2016,2080,2016
19734,2013,2054,2013
19735,2004,2069,2004
19736,1999,2060,1999
19737,1997,2053,1997
19738,1990,2068,1990
19739,1983,2069,1983
19740,1990,2025,1990
19741,1990,2048,1990
19742,1994,2033,1994
19743,1995,2044,1995
19744,1998,2036,1998
19745,2008,2009,2008
19746,2005,2059,2005
19747,2004,2051,2004
19748,2012,2016,2012
19749,2016,2032,2016
19750,2026,2008,2026
19751,2035,2012,2035
19752,2046,2004,2046
19753,2052,2024,2052
19754,2055,2036,2055
19755,2056,2044,2056
19756,2051,2066,2051
19757,2040,2087,2040
19758,2035,2065,2035
19759,2024,2085,2024
19760,2018,2067,2018
19761,2016,2054,2016
19762,2018,2042,2018
19763,2025,2028,2025
19764,2029,2037,2029
19765,2033,2038,2033
19766,2031,2052,2031
19767,2029,2051,2029
19768,2018,2066,2018
19769,2002,2071,2002
19770,1983,2071,1983
19771,1970,2060,1970
19772,1961,2054,1961
19773,1959,2049,1959
19774,1959,2048,1959
19775,1963,2048,1963
19776,1965,2048,1965
19777,1973,2052,1973
19778,1979,2052,1979
19779,1986,2054,1986
19780,1987,2049,1987
19781,1986,2046,1986
19782,1991,2056,1991
19783,1996,2057,1996
19784,2005,2067,2005
19785,2010,2059,2010
19786,2019,2070,2019
19787,2032,2083,2032
19788,2041,2074,2041
19789,2046,2063,2046
19790,2049,2057,2049
19791,2041,2020,2041
19792,2035,2026,2035
19793,2016,1979,2016
19794,2003,1999,2003
19795,1995,2017,1995
19796,1997,2055,1997
19797,2000,2059,2000
19798,2007,2075,2007
19799,2009,2055,2009
19800,2013,2063,2013
19801,2018,2067,2018
19802,2024,2071,2024
19803,2027,2059,2027
19804,2027,2048,2027
19805,2025,2040,2025
19806,2022,2036,2022
19807,2019,2037,2019
19808,2020,2051,2020
19809,2019,2044,2019
19810,2021,2054,2021
19811,2027,2066,2027
19812,2036,2074,2036
19813,2049,2083,2049
19814,2065,2088,2065
19815,2083,2090,2083
19816,2094,2071,2094
19817,2107,2073,2107
19818,2122,2073,2122
19819,2128,2056,2128
19820,2138,2060,2138
19821,2144,2053,2144
19822,2146,2049,2146
19823,2147,2048,2147
19824,2144,2047,2144
19825,2140,2048,2140
19826,2139,2048,2139
19827,2143,2045,2143
19828,2148,2044,2148
19829,2159,2037,2159
19830,2171,2033,2171
19831,2180,2034,2180
19832,2189,2032,2189
19833,2195,2036,2195
19834,2189,2060,2189
19835,2188,2050,2188
19836,2187,2050,2187
19837,2194,2028,2194
19838,2206,2013,2206
19839,2213,2026,2213
19840,2223,2015,2223
19841,2233,2014,2233
19842,2231,2055,2231
19843,2229,2055,2229
19844,2223,2070,2223
19845,2213,2086,2213
19846,2205,2078,2205
19847,2193,2095,2193
19848,2185,2079,2185
19849,2179,2071,2179
19850,2173,2071,2173
19851,2164,2083,2164
19852,2153,2091,2153
19853,2138,2106,2138
19854,2121,2113,2121
19855,2109,2093,2109
19856,2095,2100,2095
19857,2080,2102,2080
19858,2058,2125,2058
19859,2060,2041,2060
19860,2055,2064,2055
19861,2045,2078,2045
19862,2043,2053,2043
19863,2036,2067,2036
19864,2033,2055,2033
19865,2031,2052,2031
19866,2031,2048,2031
19867,2026,2057,2026
19868,2022,2054,2022
19869,2013,2061,2013
19870,2010,2051,2010
19871,2001,2056,2001
19872,1992,2054,1992
19873,1979,2054,1979
19874,1972,2049,1972
19875,1969,2048,1969
19876,1971,2048,1971
19877,1973,2049,1973
19878,1979,2052,1979
19879,1985,2053,1985
19880,1987,2050,1987
19881,1991,2053,1991
19882,1991,2048,1991
19883,1992,2049,1992
19884,1994,2052,1994
19885,1997,2055,1997
19886,2007,2073,2007
19887,2013,2064,2013
19888,2024,2080,2024
19889,2031,2069,2031
19890,2036,2064,2036
19891,2042,2068,2042
19892,2047,2065,2047
19893,2059,2091,2059
19894,2067,2077,2067
19895,2079,2093,2079
19896,2084,2067,2084
19897,2084,2048,2084
19898,2084,2048,2084
19899,2084,2048,2084
19900,2086,2055,2086
19901,2084,2040,2084
19902,2093,2083,2093
19903,2101,2079,2101
19904,2117,2109,2117
19905,2131,2101,2131
19906,2142,2088,2142
19907,2147,2066,2147
19908,2151,2062,2151
19909,2151,2048,2151
19910,2150,2044,2150
19911,2146,2035,2146
19912,2143,2039,2143
19913,2135,2026,2135
19914,2128,2030,2128
19915,2125,2040,2125
19916,2125,2048,2125
19917,2130,2057,2130
19918,2131,2049,2131
19919,2129,2045,2129
19920,2130,2049,2130
19921,2128,2046,2128
19922,2127,2047,2127
19923,2123,2045,2123
19924,2119,2046,2119
19925,2115,2048,2115
19926,2112,2048,2112
19927,2111,2048,2111
19928,2109,2049,2109
19929,2109,2048,2109
19930,2110,2046,2110
19931,2109,2049,2109
19932,2102,2059,2102
19933,2087,2076,2087
19934,2071,2082,2071
19935,2056,2083,2056
19936,2046,2073,2046
19937,2040,2064,2040
19938,2038,2053,2038
19939,2040,2041,2040
19940,2035,2064,2035
19941,2046,2010,2046
19942,2039,2072,2039
19943,2046,2022,2046
19944,2046,2048,2046
19945,2039,2074,2039
19946,2033,2071,2033
19947,2029,2063,2029
19948,2028,2051,2028
19949,2031,2036,2031
19950,2035,2032,2035
19951,2039,2032,2039
19952,2045,2024,2045
19953,2049,2032,2049
19954,2047,2055,2047
19955,2042,2067,2042
19956,2030,2092,2030
19957,2026,2062,2026
19958,2019,2072,2019
19959,2013,2068,2013
19960,2005,2073,2005
19961,2002,2057,2002
19962,1998,2059,1998
19963,1994,2058,1994
19964,1995,2045,1995
19965,1997,2043,1997
19966,2002,2037,2002
19967,2008,2036,2008
19968,2009,2046,2009
19969,2012,2043,2012
19970,2010,2050,2010
19971,2012,2046,2012
19972,2011,2048,2011
19973,2011,2048,2011
19974,2011,2048,2011
19975,2009,2048,2009
19976,2006,2047,2006
19977,2002,2045,2002
19978,1999,2045,1999
19979,1997,2046,1997
19980,1998,2049,1998
19981,2001,2052,2001
19982,2007,2058,2007
19983,2012,2057,2012
19984,2012,2048,2012
19985,2012,2048,2012
19986,2007,2035,2007
19987,2005,2042,2005
19988,2004,2045,2004
19989,2001,2038,2001
19990,1995,2028,1995
19991,1993,2041,1993
19992,1993,2048,1993
19993,1995,2055,1995
19994,2000,2066,2000
19995,2005,2067,2005
19996,2010,2067,2010
19997,2015,2067,2015
19998,2018,2059,2018
19999,2033,2107,2033
